{"timestamp": "2025-12-01T19:44:23.905660", "level": "INFO", "logger": "assistant.intent_classifier", "message": "Model loaded successfully from c:\\Users\\Admin\\OneDrive\\Desktop\\Coding\\AI\\models\\intent_classifier.pkl, intents: 30", "module": "intent_classifier", "function": "load_model", "line": 348}
{"timestamp": "2025-12-01T19:44:23.906265", "level": "INFO", "logger": "assistant.intent_classifier", "message": "Intent classifier quantized using float16 method", "module": "intent_classifier", "function": "quantize_model", "line": 382}
{"timestamp": "2025-12-01T19:44:26.421614", "level": "INFO", "logger": "assistant.intent_classifier", "message": "ML Event: prediction", "module": "logger", "function": "log_ml_event", "line": 122, "event_type": "prediction", "input_text": "open chrome browser", "prediction": "open_application", "confidence": 0.1045745721651594, "processing_time_ms": 2514.9238109588623}
{"timestamp": "2025-12-01T19:44:26.422018", "level": "DEBUG", "logger": "assistant.intent_classifier", "message": "Predicted intent: open_application with confidence 0.1046 in 2.515s", "module": "intent_classifier", "function": "predict", "line": 293}
{"timestamp": "2025-12-01T19:44:26.422334", "level": "DEBUG", "logger": "assistant.intent_classifier", "message": "Cache hit for intent prediction: open_application in 0.000s", "module": "intent_classifier", "function": "predict", "line": 268}
{"timestamp": "2025-12-01T19:44:26.422452", "level": "DEBUG", "logger": "assistant.intent_classifier", "message": "Cache hit for intent prediction: open_application in 0.000s", "module": "intent_classifier", "function": "predict", "line": 268}
{"timestamp": "2025-12-01T19:44:26.423625", "level": "INFO", "logger": "assistant.intent_classifier", "message": "ML Event: prediction", "module": "logger", "function": "log_ml_event", "line": 122, "event_type": "prediction", "input_text": "what's the weather like", "prediction": "weather", "confidence": 0.5492002964066516, "processing_time_ms": 1.0309219360351562}
{"timestamp": "2025-12-01T19:44:26.423711", "level": "DEBUG", "logger": "assistant.intent_classifier", "message": "Predicted intent: weather with confidence 0.5492 in 0.001s", "module": "intent_classifier", "function": "predict", "line": 293}
{"timestamp": "2025-12-01T19:44:26.423827", "level": "DEBUG", "logger": "assistant.intent_classifier", "message": "Cache hit for intent prediction: weather in 0.000s", "module": "intent_classifier", "function": "predict", "line": 268}
{"timestamp": "2025-12-01T19:44:26.423930", "level": "DEBUG", "logger": "assistant.intent_classifier", "message": "Cache hit for intent prediction: weather in 0.000s", "module": "intent_classifier", "function": "predict", "line": 268}
{"timestamp": "2025-12-01T19:44:26.424949", "level": "INFO", "logger": "assistant.intent_classifier", "message": "ML Event: prediction", "module": "logger", "function": "log_ml_event", "line": 122, "event_type": "prediction", "input_text": "tell me a joke", "prediction": "jokes", "confidence": 0.420308151412817, "processing_time_ms": 0.9131431579589844}
{"timestamp": "2025-12-01T19:44:26.425023", "level": "DEBUG", "logger": "assistant.intent_classifier", "message": "Predicted intent: jokes with confidence 0.4203 in 0.001s", "module": "intent_classifier", "function": "predict", "line": 293}
{"timestamp": "2025-12-01T19:44:26.425135", "level": "DEBUG", "logger": "assistant.intent_classifier", "message": "Cache hit for intent prediction: jokes in 0.000s", "module": "intent_classifier", "function": "predict", "line": 268}
{"timestamp": "2025-12-01T19:44:26.425237", "level": "DEBUG", "logger": "assistant.intent_classifier", "message": "Cache hit for intent prediction: jokes in 0.000s", "module": "intent_classifier", "function": "predict", "line": 268}
{"timestamp": "2025-12-01T19:44:26.426402", "level": "INFO", "logger": "assistant.intent_classifier", "message": "ML Event: prediction", "module": "logger", "function": "log_ml_event", "line": 122, "event_type": "prediction", "input_text": "search for python tutorials", "prediction": "search", "confidence": 0.16546068403678138, "processing_time_ms": 1.0578632354736328}
{"timestamp": "2025-12-01T19:44:26.426526", "level": "DEBUG", "logger": "assistant.intent_classifier", "message": "Predicted intent: search with confidence 0.1655 in 0.001s", "module": "intent_classifier", "function": "predict", "line": 293}
{"timestamp": "2025-12-01T19:44:26.426659", "level": "DEBUG", "logger": "assistant.intent_classifier", "message": "Cache hit for intent prediction: search in 0.000s", "module": "intent_classifier", "function": "predict", "line": 268}
{"timestamp": "2025-12-01T19:44:26.426760", "level": "DEBUG", "logger": "assistant.intent_classifier", "message": "Cache hit for intent prediction: search in 0.000s", "module": "intent_classifier", "function": "predict", "line": 268}
{"timestamp": "2025-12-01T19:44:26.428065", "level": "INFO", "logger": "assistant.intent_classifier", "message": "ML Event: prediction", "module": "logger", "function": "log_ml_event", "line": 122, "event_type": "prediction", "input_text": "volume up", "prediction": "volume_control", "confidence": 0.3392272739648688, "processing_time_ms": 1.1904239654541016}
{"timestamp": "2025-12-01T19:44:26.428165", "level": "DEBUG", "logger": "assistant.intent_classifier", "message": "Predicted intent: volume_control with confidence 0.3392 in 0.001s", "module": "intent_classifier", "function": "predict", "line": 293}
{"timestamp": "2025-12-01T19:44:26.428360", "level": "DEBUG", "logger": "assistant.intent_classifier", "message": "Cache hit for intent prediction: volume_control in 0.000s", "module": "intent_classifier", "function": "predict", "line": 268}
{"timestamp": "2025-12-01T19:44:26.428515", "level": "DEBUG", "logger": "assistant.intent_classifier", "message": "Cache hit for intent prediction: volume_control in 0.000s", "module": "intent_classifier", "function": "predict", "line": 268}
{"timestamp": "2025-12-01T20:21:55.402262", "level": "INFO", "logger": "assistant.intent_classifier", "message": "Model loaded successfully from c:\\Users\\Admin\\OneDrive\\Desktop\\Coding\\AI\\models\\intent_classifier.pkl, intents: 30", "module": "intent_classifier", "function": "load_model", "line": 348}
{"timestamp": "2025-12-01T20:21:55.402630", "level": "INFO", "logger": "assistant.intent_classifier", "message": "Intent classifier quantized using float16 method", "module": "intent_classifier", "function": "quantize_model", "line": 382}
{"timestamp": "2025-12-01T20:21:55.406080", "level": "INFO", "logger": "assistant.intent_classifier", "message": "Model loaded successfully from c:\\Users\\Admin\\OneDrive\\Desktop\\Coding\\AI\\models\\intent_classifier.pkl, intents: 30", "module": "intent_classifier", "function": "load_model", "line": 348}
{"timestamp": "2025-12-01T20:21:55.406332", "level": "INFO", "logger": "assistant.intent_classifier", "message": "Intent classifier quantized using float16 method", "module": "intent_classifier", "function": "quantize_model", "line": 382}
{"timestamp": "2025-12-01T20:22:17.409202", "level": "INFO", "logger": "assistant.intent_classifier", "message": "ML Event: prediction", "module": "logger", "function": "log_ml_event", "line": 122, "event_type": "prediction", "input_text": "open", "prediction": "web_browsing", "confidence": 0.12816115121814037, "processing_time_ms": 2285.7401371002197}
{"timestamp": "2025-12-01T20:22:17.409358", "level": "DEBUG", "logger": "assistant.intent_classifier", "message": "Predicted intent: web_browsing with confidence 0.1282 in 2.286s", "module": "intent_classifier", "function": "predict", "line": 293}
{"timestamp": "2025-12-01T20:22:32.581937", "level": "INFO", "logger": "assistant.intent_classifier", "message": "ML Event: prediction", "module": "logger", "function": "log_ml_event", "line": 122, "event_type": "prediction", "input_text": "open edge  open edge", "prediction": "web_browsing", "confidence": 0.12816115121814037, "processing_time_ms": 1.344442367553711}
{"timestamp": "2025-12-01T20:22:32.582032", "level": "DEBUG", "logger": "assistant.intent_classifier", "message": "Predicted intent: web_browsing with confidence 0.1282 in 0.001s", "module": "intent_classifier", "function": "predict", "line": 293}
{"timestamp": "2025-12-01T20:22:36.966979", "level": "INFO", "logger": "assistant.intent_classifier", "message": "ML Event: prediction", "module": "logger", "function": "log_ml_event", "line": 122, "event_type": "prediction", "input_text": "yes sir", "prediction": "open_application", "confidence": 0.04222792017740702, "processing_time_ms": 1.7077922821044922}
{"timestamp": "2025-12-01T20:22:36.967104", "level": "DEBUG", "logger": "assistant.intent_classifier", "message": "Predicted intent: open_application with confidence 0.0422 in 0.002s", "module": "intent_classifier", "function": "predict", "line": 293}
{"timestamp": "2025-12-01T20:22:47.885439", "level": "INFO", "logger": "assistant.intent_classifier", "message": "ML Event: prediction", "module": "logger", "function": "log_ml_event", "line": 122, "event_type": "prediction", "input_text": "i'm known.", "prediction": "open_application", "confidence": 0.04222792017740702, "processing_time_ms": 1.264810562133789}
{"timestamp": "2025-12-01T20:22:47.885528", "level": "DEBUG", "logger": "assistant.intent_classifier", "message": "Predicted intent: open_application with confidence 0.0422 in 0.001s", "module": "intent_classifier", "function": "predict", "line": 293}
{"timestamp": "2025-12-01T20:23:00.654222", "level": "INFO", "logger": "assistant.intent_classifier", "message": "ML Event: prediction", "module": "logger", "function": "log_ml_event", "line": 122, "event_type": "prediction", "input_text": "that command didn't word as expected.", "prediction": "open_application", "confidence": 0.06398561338057458, "processing_time_ms": 1.6214847564697266}
{"timestamp": "2025-12-01T20:23:00.654335", "level": "DEBUG", "logger": "assistant.intent_classifier", "message": "Predicted intent: open_application with confidence 0.0640 in 0.002s", "module": "intent_classifier", "function": "predict", "line": 293}
{"timestamp": "2025-12-01T20:23:08.009834", "level": "INFO", "logger": "assistant.intent_classifier", "message": "ML Event: prediction", "module": "logger", "function": "log_ml_event", "line": 122, "event_type": "prediction", "input_text": "you repeat that.", "prediction": "open_application", "confidence": 0.04222792017740702, "processing_time_ms": 1.6069412231445312}
{"timestamp": "2025-12-01T20:23:08.009981", "level": "DEBUG", "logger": "assistant.intent_classifier", "message": "Predicted intent: open_application with confidence 0.0422 in 0.002s", "module": "intent_classifier", "function": "predict", "line": 293}
{"timestamp": "2025-12-01T20:23:14.389476", "level": "INFO", "logger": "assistant.intent_classifier", "message": "ML Event: prediction", "module": "logger", "function": "log_ml_event", "line": 122, "event_type": "prediction", "input_text": "handle this differently.", "prediction": "open_application", "confidence": 0.04222792017740702, "processing_time_ms": 2.361297607421875}
{"timestamp": "2025-12-01T20:23:14.389617", "level": "DEBUG", "logger": "assistant.intent_classifier", "message": "Predicted intent: open_application with confidence 0.0422 in 0.002s", "module": "intent_classifier", "function": "predict", "line": 293}
{"timestamp": "2025-12-01T20:23:20.172750", "level": "INFO", "logger": "assistant.intent_classifier", "message": "ML Event: prediction", "module": "logger", "function": "log_ml_event", "line": 122, "event_type": "prediction", "input_text": "i didn't cat", "prediction": "open_application", "confidence": 0.04222792017740702, "processing_time_ms": 1.77764892578125}
{"timestamp": "2025-12-01T20:23:20.172874", "level": "DEBUG", "logger": "assistant.intent_classifier", "message": "Predicted intent: open_application with confidence 0.0422 in 0.002s", "module": "intent_classifier", "function": "predict", "line": 293}
{"timestamp": "2025-12-01T20:23:28.454204", "level": "INFO", "logger": "assistant.intent_classifier", "message": "ML Event: prediction", "module": "logger", "function": "log_ml_event", "line": 122, "event_type": "prediction", "input_text": "settings me know.", "prediction": "open_application", "confidence": 0.05684308817564456, "processing_time_ms": 2.1293163299560547}
{"timestamp": "2025-12-01T20:23:28.454390", "level": "DEBUG", "logger": "assistant.intent_classifier", "message": "Predicted intent: open_application with confidence 0.0568 in 0.002s", "module": "intent_classifier", "function": "predict", "line": 293}
{"timestamp": "2025-12-01T20:23:34.815562", "level": "DEBUG", "logger": "assistant.intent_classifier", "message": "Cache hit for intent prediction: open_application in 0.000s", "module": "intent_classifier", "function": "predict", "line": 268}
{"timestamp": "2025-12-01T20:24:15.816567", "level": "INFO", "logger": "assistant.intent_classifier", "message": "Model loaded successfully from c:\\Users\\Admin\\OneDrive\\Desktop\\Coding\\AI\\models\\intent_classifier.pkl, intents: 30", "module": "intent_classifier", "function": "load_model", "line": 348}
{"timestamp": "2025-12-01T20:24:15.816925", "level": "INFO", "logger": "assistant.intent_classifier", "message": "Intent classifier quantized using float16 method", "module": "intent_classifier", "function": "quantize_model", "line": 382}
{"timestamp": "2025-12-01T20:24:15.822039", "level": "INFO", "logger": "assistant.intent_classifier", "message": "Model loaded successfully from c:\\Users\\Admin\\OneDrive\\Desktop\\Coding\\AI\\models\\intent_classifier.pkl, intents: 30", "module": "intent_classifier", "function": "load_model", "line": 348}
{"timestamp": "2025-12-01T20:24:15.822308", "level": "INFO", "logger": "assistant.intent_classifier", "message": "Intent classifier quantized using float16 method", "module": "intent_classifier", "function": "quantize_model", "line": 382}
{"timestamp": "2025-12-01T20:24:51.149055", "level": "INFO", "logger": "assistant.intent_classifier", "message": "ML Event: prediction", "module": "logger", "function": "log_ml_event", "line": 122, "event_type": "prediction", "input_text": "i'm listening.", "prediction": "open_application", "confidence": 0.04222792017740702, "processing_time_ms": 2228.532075881958}
{"timestamp": "2025-12-01T20:24:51.149198", "level": "DEBUG", "logger": "assistant.intent_classifier", "message": "Predicted intent: open_application with confidence 0.0422 in 2.229s", "module": "intent_classifier", "function": "predict", "line": 293}
{"timestamp": "2025-12-01T20:24:59.973747", "level": "INFO", "logger": "assistant.intent_classifier", "message": "ML Event: prediction", "module": "logger", "function": "log_ml_event", "line": 122, "event_type": "prediction", "input_text": "didn't word as expected.", "prediction": "unknown", "confidence": 0.07333084443756856, "processing_time_ms": 1.6205310821533203}
{"timestamp": "2025-12-01T20:24:59.973865", "level": "DEBUG", "logger": "assistant.intent_classifier", "message": "Predicted intent: unknown with confidence 0.0733 in 0.002s", "module": "intent_classifier", "function": "predict", "line": 293}
{"timestamp": "2025-12-01T20:25:09.894577", "level": "INFO", "logger": "assistant.intent_classifier", "message": "ML Event: prediction", "module": "logger", "function": "log_ml_event", "line": 122, "event_type": "prediction", "input_text": "that command didn't word as expected.", "prediction": "open_application", "confidence": 0.06398561338057458, "processing_time_ms": 1.6508102416992188}
{"timestamp": "2025-12-01T20:25:09.894690", "level": "DEBUG", "logger": "assistant.intent_classifier", "message": "Predicted intent: open_application with confidence 0.0640 in 0.002s", "module": "intent_classifier", "function": "predict", "line": 293}
{"timestamp": "2025-12-01T20:25:16.992355", "level": "INFO", "logger": "assistant.intent_classifier", "message": "ML Event: prediction", "module": "logger", "function": "log_ml_event", "line": 122, "event_type": "prediction", "input_text": "repeat that.", "prediction": "open_application", "confidence": 0.04222792017740702, "processing_time_ms": 1.5826225280761719}
{"timestamp": "2025-12-01T20:25:16.992469", "level": "DEBUG", "logger": "assistant.intent_classifier", "message": "Predicted intent: open_application with confidence 0.0422 in 0.002s", "module": "intent_classifier", "function": "predict", "line": 293}
{"timestamp": "2025-12-01T20:26:59.611097", "level": "INFO", "logger": "assistant.intent_classifier", "message": "Model loaded successfully from c:\\Users\\Admin\\OneDrive\\Desktop\\Coding\\AI\\models\\intent_classifier.pkl, intents: 30", "module": "intent_classifier", "function": "load_model", "line": 348}
{"timestamp": "2025-12-01T20:26:59.611440", "level": "INFO", "logger": "assistant.intent_classifier", "message": "Intent classifier quantized using float16 method", "module": "intent_classifier", "function": "quantize_model", "line": 382}
{"timestamp": "2025-12-01T20:26:59.614117", "level": "INFO", "logger": "assistant.intent_classifier", "message": "Model loaded successfully from c:\\Users\\Admin\\OneDrive\\Desktop\\Coding\\AI\\models\\intent_classifier.pkl, intents: 30", "module": "intent_classifier", "function": "load_model", "line": 348}
{"timestamp": "2025-12-01T20:26:59.614327", "level": "INFO", "logger": "assistant.intent_classifier", "message": "Intent classifier quantized using float16 method", "module": "intent_classifier", "function": "quantize_model", "line": 382}
{"timestamp": "2025-12-01T20:28:01.384390", "level": "INFO", "logger": "assistant.intent_classifier", "message": "ML Event: prediction", "module": "logger", "function": "log_ml_event", "line": 122, "event_type": "prediction", "input_text": "can you hear me", "prediction": "open_application", "confidence": 0.04222792017740702, "processing_time_ms": 2455.078601837158}
{"timestamp": "2025-12-01T20:28:01.384515", "level": "DEBUG", "logger": "assistant.intent_classifier", "message": "Predicted intent: open_application with confidence 0.0422 in 2.455s", "module": "intent_classifier", "function": "predict", "line": 293}
{"timestamp": "2025-12-01T20:28:12.627275", "level": "INFO", "logger": "assistant.intent_classifier", "message": "ML Event: prediction", "module": "logger", "function": "log_ml_event", "line": 122, "event_type": "prediction", "input_text": "open spotify", "prediction": "web_browsing", "confidence": 0.12480562810884874, "processing_time_ms": 1.2826919555664062}
{"timestamp": "2025-12-01T20:28:12.627362", "level": "DEBUG", "logger": "assistant.intent_classifier", "message": "Predicted intent: web_browsing with confidence 0.1248 in 0.001s", "module": "intent_classifier", "function": "predict", "line": 293}
{"timestamp": "2025-12-01T20:28:19.997408", "level": "INFO", "logger": "assistant.intent_classifier", "message": "ML Event: prediction", "module": "logger", "function": "log_ml_event", "line": 122, "event_type": "prediction", "input_text": "show opening spotify", "prediction": "web_browsing", "confidence": 0.06864859861862181, "processing_time_ms": 1.4166831970214844}
{"timestamp": "2025-12-01T20:28:19.997499", "level": "DEBUG", "logger": "assistant.intent_classifier", "message": "Predicted intent: web_browsing with confidence 0.0686 in 0.001s", "module": "intent_classifier", "function": "predict", "line": 293}
{"timestamp": "2025-12-01T20:28:27.400809", "level": "INFO", "logger": "assistant.intent_classifier", "message": "ML Event: prediction", "module": "logger", "function": "log_ml_event", "line": 122, "event_type": "prediction", "input_text": "word is expected.", "prediction": "unknown", "confidence": 0.07333084443756856, "processing_time_ms": 2.388477325439453}
{"timestamp": "2025-12-01T20:28:27.400976", "level": "DEBUG", "logger": "assistant.intent_classifier", "message": "Predicted intent: unknown with confidence 0.0733 in 0.002s", "module": "intent_classifier", "function": "predict", "line": 293}
{"timestamp": "2025-12-01T20:28:32.872735", "level": "INFO", "logger": "assistant.intent_classifier", "message": "ML Event: prediction", "module": "logger", "function": "log_ml_event", "line": 122, "event_type": "prediction", "input_text": "thanks for settings me know.", "prediction": "open_application", "confidence": 0.05684308817564456, "processing_time_ms": 1.6493797302246094}
{"timestamp": "2025-12-01T20:28:32.872921", "level": "DEBUG", "logger": "assistant.intent_classifier", "message": "Predicted intent: open_application with confidence 0.0568 in 0.002s", "module": "intent_classifier", "function": "predict", "line": 293}
{"timestamp": "2025-12-01T20:29:01.992161", "level": "INFO", "logger": "assistant.intent_classifier", "message": "ML Event: prediction", "module": "logger", "function": "log_ml_event", "line": 122, "event_type": "prediction", "input_text": "that commands didn't word as expected.", "prediction": "open_application", "confidence": 0.06398561338057458, "processing_time_ms": 1.5859603881835938}
{"timestamp": "2025-12-01T20:29:01.992252", "level": "DEBUG", "logger": "assistant.intent_classifier", "message": "Predicted intent: open_application with confidence 0.0640 in 0.002s", "module": "intent_classifier", "function": "predict", "line": 293}
{"timestamp": "2025-12-01T20:29:11.226502", "level": "INFO", "logger": "assistant.intent_classifier", "message": "ML Event: prediction", "module": "logger", "function": "log_ml_event", "line": 122, "event_type": "prediction", "input_text": "didn't word as expected.", "prediction": "unknown", "confidence": 0.07333084443756856, "processing_time_ms": 2.0499229431152344}
{"timestamp": "2025-12-01T20:29:11.226635", "level": "DEBUG", "logger": "assistant.intent_classifier", "message": "Predicted intent: unknown with confidence 0.0733 in 0.002s", "module": "intent_classifier", "function": "predict", "line": 293}
{"timestamp": "2025-12-01T20:29:23.920650", "level": "INFO", "logger": "assistant.intent_classifier", "message": "ML Event: prediction", "module": "logger", "function": "log_ml_event", "line": 122, "event_type": "prediction", "input_text": "how word you like me 2 handle this difference?", "prediction": "unknown", "confidence": 0.07333084443756856, "processing_time_ms": 2.540111541748047}
{"timestamp": "2025-12-01T20:29:23.920820", "level": "DEBUG", "logger": "assistant.intent_classifier", "message": "Predicted intent: unknown with confidence 0.0733 in 0.003s", "module": "intent_classifier", "function": "predict", "line": 293}
{"timestamp": "2025-12-01T20:29:31.403451", "level": "INFO", "logger": "assistant.intent_classifier", "message": "ML Event: prediction", "module": "logger", "function": "log_ml_event", "line": 122, "event_type": "prediction", "input_text": "didn't word he's expected.", "prediction": "unknown", "confidence": 0.07333084443756856, "processing_time_ms": 1.6167163848876953}
{"timestamp": "2025-12-01T20:29:31.403578", "level": "DEBUG", "logger": "assistant.intent_classifier", "message": "Predicted intent: unknown with confidence 0.0733 in 0.002s", "module": "intent_classifier", "function": "predict", "line": 293}
{"timestamp": "2025-12-01T20:29:58.193946", "level": "INFO", "logger": "assistant.intent_classifier", "message": "Model loaded successfully from c:\\Users\\Admin\\OneDrive\\Desktop\\Coding\\AI\\models\\intent_classifier.pkl, intents: 30", "module": "intent_classifier", "function": "load_model", "line": 348}
{"timestamp": "2025-12-01T20:29:58.194265", "level": "INFO", "logger": "assistant.intent_classifier", "message": "Intent classifier quantized using float16 method", "module": "intent_classifier", "function": "quantize_model", "line": 382}
{"timestamp": "2025-12-01T20:29:58.197047", "level": "INFO", "logger": "assistant.intent_classifier", "message": "Model loaded successfully from c:\\Users\\Admin\\OneDrive\\Desktop\\Coding\\AI\\models\\intent_classifier.pkl, intents: 30", "module": "intent_classifier", "function": "load_model", "line": 348}
{"timestamp": "2025-12-01T20:29:58.197276", "level": "INFO", "logger": "assistant.intent_classifier", "message": "Intent classifier quantized using float16 method", "module": "intent_classifier", "function": "quantize_model", "line": 382}
{"timestamp": "2025-12-01T20:30:19.877550", "level": "INFO", "logger": "assistant.intent_classifier", "message": "ML Event: prediction", "module": "logger", "function": "log_ml_event", "line": 122, "event_type": "prediction", "input_text": "open", "prediction": "web_browsing", "confidence": 0.12816115121814037, "processing_time_ms": 2414.4394397735596}
{"timestamp": "2025-12-01T20:30:19.877964", "level": "DEBUG", "logger": "assistant.intent_classifier", "message": "Predicted intent: web_browsing with confidence 0.1282 in 2.414s", "module": "intent_classifier", "function": "predict", "line": 293}
{"timestamp": "2025-12-01T20:30:36.742070", "level": "INFO", "logger": "assistant.intent_classifier", "message": "ML Event: prediction", "module": "logger", "function": "log_ml_event", "line": 122, "event_type": "prediction", "input_text": "thanks for settings me know.", "prediction": "open_application", "confidence": 0.05684308817564456, "processing_time_ms": 1.3949871063232422}
{"timestamp": "2025-12-01T20:30:36.742159", "level": "DEBUG", "logger": "assistant.intent_classifier", "message": "Predicted intent: open_application with confidence 0.0568 in 0.001s", "module": "intent_classifier", "function": "predict", "line": 293}
{"timestamp": "2025-12-01T20:30:44.027802", "level": "INFO", "logger": "assistant.intent_classifier", "message": "ML Event: prediction", "module": "logger", "function": "log_ml_event", "line": 122, "event_type": "prediction", "input_text": "i'm entirely sure about unknown.", "prediction": "open_application", "confidence": 0.04222792017740702, "processing_time_ms": 1.4357566833496094}
{"timestamp": "2025-12-01T20:30:44.027894", "level": "DEBUG", "logger": "assistant.intent_classifier", "message": "Predicted intent: open_application with confidence 0.0422 in 0.001s", "module": "intent_classifier", "function": "predict", "line": 293}
{"timestamp": "2025-12-01T20:30:57.747075", "level": "INFO", "logger": "assistant.intent_classifier", "message": "ML Event: prediction", "module": "logger", "function": "log_ml_event", "line": 122, "event_type": "prediction", "input_text": "word is expected. how word you like me 2 handle this differently?", "prediction": "unknown", "confidence": 0.07333084443756856, "processing_time_ms": 1.8749237060546875}
{"timestamp": "2025-12-01T20:30:57.747211", "level": "DEBUG", "logger": "assistant.intent_classifier", "message": "Predicted intent: unknown with confidence 0.0733 in 0.002s", "module": "intent_classifier", "function": "predict", "line": 293}
{"timestamp": "2025-12-01T20:32:14.892182", "level": "INFO", "logger": "assistant.intent_classifier", "message": "Model loaded successfully from c:\\Users\\Admin\\OneDrive\\Desktop\\Coding\\AI\\models\\intent_classifier.pkl, intents: 30", "module": "intent_classifier", "function": "load_model", "line": 348}
{"timestamp": "2025-12-01T20:32:14.892512", "level": "INFO", "logger": "assistant.intent_classifier", "message": "Intent classifier quantized using float16 method", "module": "intent_classifier", "function": "quantize_model", "line": 382}
{"timestamp": "2025-12-01T20:32:14.895154", "level": "INFO", "logger": "assistant.intent_classifier", "message": "Model loaded successfully from c:\\Users\\Admin\\OneDrive\\Desktop\\Coding\\AI\\models\\intent_classifier.pkl, intents: 30", "module": "intent_classifier", "function": "load_model", "line": 348}
{"timestamp": "2025-12-01T20:32:14.895357", "level": "INFO", "logger": "assistant.intent_classifier", "message": "Intent classifier quantized using float16 method", "module": "intent_classifier", "function": "quantize_model", "line": 382}
{"timestamp": "2025-12-01T20:33:48.834203", "level": "INFO", "logger": "assistant.intent_classifier", "message": "Model loaded successfully from c:\\Users\\Admin\\OneDrive\\Desktop\\Coding\\AI\\models\\intent_classifier.pkl, intents: 30", "module": "intent_classifier", "function": "load_model", "line": 348}
{"timestamp": "2025-12-01T20:33:48.834677", "level": "INFO", "logger": "assistant.intent_classifier", "message": "Intent classifier quantized using float16 method", "module": "intent_classifier", "function": "quantize_model", "line": 382}
{"timestamp": "2025-12-01T20:33:48.838153", "level": "INFO", "logger": "assistant.intent_classifier", "message": "Model loaded successfully from c:\\Users\\Admin\\OneDrive\\Desktop\\Coding\\AI\\models\\intent_classifier.pkl, intents: 30", "module": "intent_classifier", "function": "load_model", "line": 348}
{"timestamp": "2025-12-01T20:33:48.838504", "level": "INFO", "logger": "assistant.intent_classifier", "message": "Intent classifier quantized using float16 method", "module": "intent_classifier", "function": "quantize_model", "line": 382}
{"timestamp": "2025-12-01T20:34:19.580186", "level": "INFO", "logger": "assistant.intent_classifier", "message": "ML Event: prediction", "module": "logger", "function": "log_ml_event", "line": 122, "event_type": "prediction", "input_text": "thank you.", "prediction": "open_application", "confidence": 0.04222792017740702, "processing_time_ms": 2690.4845237731934}
{"timestamp": "2025-12-01T20:34:19.580338", "level": "DEBUG", "logger": "assistant.intent_classifier", "message": "Predicted intent: open_application with confidence 0.0422 in 2.690s", "module": "intent_classifier", "function": "predict", "line": 293}
{"timestamp": "2025-12-01T20:34:25.483967", "level": "INFO", "logger": "assistant.intent_classifier", "message": "ML Event: prediction", "module": "logger", "function": "log_ml_event", "line": 122, "event_type": "prediction", "input_text": "not entirely sure about.", "prediction": "open_application", "confidence": 0.04222792017740702, "processing_time_ms": 1.3394355773925781}
{"timestamp": "2025-12-01T20:34:25.484065", "level": "DEBUG", "logger": "assistant.intent_classifier", "message": "Predicted intent: open_application with confidence 0.0422 in 0.001s", "module": "intent_classifier", "function": "predict", "line": 293}
{"timestamp": "2025-12-01T20:34:33.669433", "level": "INFO", "logger": "assistant.intent_classifier", "message": "ML Event: prediction", "module": "logger", "function": "log_ml_event", "line": 122, "event_type": "prediction", "input_text": "i am not sure what you mean", "prediction": "dictionary", "confidence": 0.09297793518781171, "processing_time_ms": 2.031087875366211}
{"timestamp": "2025-12-01T20:34:33.669597", "level": "DEBUG", "logger": "assistant.intent_classifier", "message": "Predicted intent: dictionary with confidence 0.0930 in 0.002s", "module": "intent_classifier", "function": "predict", "line": 293}
{"timestamp": "2025-12-01T20:34:52.179563", "level": "INFO", "logger": "assistant.intent_classifier", "message": "ML Event: prediction", "module": "logger", "function": "log_ml_event", "line": 122, "event_type": "prediction", "input_text": "think we know.", "prediction": "open_application", "confidence": 0.04222792017740702, "processing_time_ms": 1.8072128295898438}
{"timestamp": "2025-12-01T20:34:52.179702", "level": "DEBUG", "logger": "assistant.intent_classifier", "message": "Predicted intent: open_application with confidence 0.0422 in 0.002s", "module": "intent_classifier", "function": "predict", "line": 293}
{"timestamp": "2025-12-01T20:36:23.237975", "level": "INFO", "logger": "assistant.intent_classifier", "message": "Model loaded successfully from c:\\Users\\Admin\\OneDrive\\Desktop\\Coding\\AI\\models\\intent_classifier.pkl, intents: 30", "module": "intent_classifier", "function": "load_model", "line": 348}
{"timestamp": "2025-12-01T20:36:23.238357", "level": "INFO", "logger": "assistant.intent_classifier", "message": "Intent classifier quantized using float16 method", "module": "intent_classifier", "function": "quantize_model", "line": 382}
{"timestamp": "2025-12-01T20:36:23.241872", "level": "INFO", "logger": "assistant.intent_classifier", "message": "Model loaded successfully from c:\\Users\\Admin\\OneDrive\\Desktop\\Coding\\AI\\models\\intent_classifier.pkl, intents: 30", "module": "intent_classifier", "function": "load_model", "line": 348}
{"timestamp": "2025-12-01T20:36:23.242242", "level": "INFO", "logger": "assistant.intent_classifier", "message": "Intent classifier quantized using float16 method", "module": "intent_classifier", "function": "quantize_model", "line": 382}
{"timestamp": "2025-12-01T20:36:58.357350", "level": "INFO", "logger": "assistant.intent_classifier", "message": "ML Event: prediction", "module": "logger", "function": "log_ml_event", "line": 122, "event_type": "prediction", "input_text": "open get up on chrome", "prediction": "open_application", "confidence": 0.1045745721651594, "processing_time_ms": 2049.161195755005}
{"timestamp": "2025-12-01T20:36:58.357547", "level": "DEBUG", "logger": "assistant.intent_classifier", "message": "Predicted intent: open_application with confidence 0.1046 in 2.049s", "module": "intent_classifier", "function": "predict", "line": 293}
{"timestamp": "2025-12-01T20:37:05.029328", "level": "INFO", "logger": "assistant.intent_classifier", "message": "ML Event: prediction", "module": "logger", "function": "log_ml_event", "line": 122, "event_type": "prediction", "input_text": "been crored?", "prediction": "open_application", "confidence": 0.04222792017740702, "processing_time_ms": 1.306772232055664}
{"timestamp": "2025-12-01T20:37:05.029429", "level": "DEBUG", "logger": "assistant.intent_classifier", "message": "Predicted intent: open_application with confidence 0.0422 in 0.001s", "module": "intent_classifier", "function": "predict", "line": 293}
{"timestamp": "2025-12-01T20:37:14.842819", "level": "INFO", "logger": "assistant.intent_classifier", "message": "ML Event: prediction", "module": "logger", "function": "log_ml_event", "line": 122, "event_type": "prediction", "input_text": "how word you like me 2 handle this different", "prediction": "unknown", "confidence": 0.07333084443756856, "processing_time_ms": 1.3804435729980469}
{"timestamp": "2025-12-01T20:37:14.842912", "level": "DEBUG", "logger": "assistant.intent_classifier", "message": "Predicted intent: unknown with confidence 0.0733 in 0.001s", "module": "intent_classifier", "function": "predict", "line": 293}
{"timestamp": "2025-12-01T20:37:27.664755", "level": "INFO", "logger": "assistant.intent_classifier", "message": "ML Event: prediction", "module": "logger", "function": "log_ml_event", "line": 122, "event_type": "prediction", "input_text": "how word you like me 2 handle this", "prediction": "unknown", "confidence": 0.07333084443756856, "processing_time_ms": 1.4629364013671875}
{"timestamp": "2025-12-01T20:37:27.664843", "level": "DEBUG", "logger": "assistant.intent_classifier", "message": "Predicted intent: unknown with confidence 0.0733 in 0.001s", "module": "intent_classifier", "function": "predict", "line": 293}
{"timestamp": "2025-12-01T20:37:38.974652", "level": "DEBUG", "logger": "assistant.intent_classifier", "message": "Cache hit for intent prediction: unknown in 0.000s", "module": "intent_classifier", "function": "predict", "line": 268}
{"timestamp": "2025-12-01T20:43:39.130267", "level": "INFO", "logger": "assistant.intent_classifier", "message": "Model loaded successfully from c:\\Users\\Admin\\OneDrive\\Desktop\\Coding\\AI\\models\\intent_classifier.pkl, intents: 30", "module": "intent_classifier", "function": "load_model", "line": 348}
{"timestamp": "2025-12-01T20:43:39.130798", "level": "INFO", "logger": "assistant.intent_classifier", "message": "Intent classifier quantized using float16 method", "module": "intent_classifier", "function": "quantize_model", "line": 382}
{"timestamp": "2025-12-01T20:43:39.134745", "level": "INFO", "logger": "assistant.intent_classifier", "message": "Model loaded successfully from c:\\Users\\Admin\\OneDrive\\Desktop\\Coding\\AI\\models\\intent_classifier.pkl, intents: 30", "module": "intent_classifier", "function": "load_model", "line": 348}
{"timestamp": "2025-12-01T20:43:39.135019", "level": "INFO", "logger": "assistant.intent_classifier", "message": "Intent classifier quantized using float16 method", "module": "intent_classifier", "function": "quantize_model", "line": 382}
{"timestamp": "2025-12-01T20:43:41.436744", "level": "INFO", "logger": "assistant.intent_classifier", "message": "ML Event: prediction", "module": "logger", "function": "log_ml_event", "line": 122, "event_type": "prediction", "input_text": "open github in chrome", "prediction": "web_browsing", "confidence": 0.09006334459695838, "processing_time_ms": 2301.5708923339844}
{"timestamp": "2025-12-01T20:43:41.436985", "level": "DEBUG", "logger": "assistant.intent_classifier", "message": "Predicted intent: web_browsing with confidence 0.0901 in 2.302s", "module": "intent_classifier", "function": "predict", "line": 293}
{"timestamp": "2025-12-01T20:44:04.021450", "level": "INFO", "logger": "assistant.intent_classifier", "message": "Model loaded successfully from c:\\Users\\Admin\\OneDrive\\Desktop\\Coding\\AI\\models\\intent_classifier.pkl, intents: 30", "module": "intent_classifier", "function": "load_model", "line": 348}
{"timestamp": "2025-12-01T20:44:04.021910", "level": "INFO", "logger": "assistant.intent_classifier", "message": "Intent classifier quantized using float16 method", "module": "intent_classifier", "function": "quantize_model", "line": 382}
{"timestamp": "2025-12-01T20:44:04.024691", "level": "INFO", "logger": "assistant.intent_classifier", "message": "Model loaded successfully from c:\\Users\\Admin\\OneDrive\\Desktop\\Coding\\AI\\models\\intent_classifier.pkl, intents: 30", "module": "intent_classifier", "function": "load_model", "line": 348}
{"timestamp": "2025-12-01T20:44:04.024899", "level": "INFO", "logger": "assistant.intent_classifier", "message": "Intent classifier quantized using float16 method", "module": "intent_classifier", "function": "quantize_model", "line": 382}
{"timestamp": "2025-12-01T20:44:06.309838", "level": "INFO", "logger": "assistant.intent_classifier", "message": "ML Event: prediction", "module": "logger", "function": "log_ml_event", "line": 122, "event_type": "prediction", "input_text": "open github in chrome", "prediction": "web_browsing", "confidence": 0.09006334459695838, "processing_time_ms": 2284.8119735717773}
{"timestamp": "2025-12-01T20:44:06.309993", "level": "DEBUG", "logger": "assistant.intent_classifier", "message": "Predicted intent: web_browsing with confidence 0.0901 in 2.285s", "module": "intent_classifier", "function": "predict", "line": 293}
{"timestamp": "2025-12-01T20:44:06.334080", "level": "INFO", "logger": "assistant.intent_classifier", "message": "ML Event: prediction", "module": "logger", "function": "log_ml_event", "line": 122, "event_type": "prediction", "input_text": "open google.com in firefox", "prediction": "web_browsing", "confidence": 0.14268656604522237, "processing_time_ms": 1.3508796691894531}
{"timestamp": "2025-12-01T20:44:06.334212", "level": "DEBUG", "logger": "assistant.intent_classifier", "message": "Predicted intent: web_browsing with confidence 0.1427 in 0.001s", "module": "intent_classifier", "function": "predict", "line": 293}
{"timestamp": "2025-12-01T20:44:06.335940", "level": "INFO", "logger": "assistant.intent_classifier", "message": "ML Event: prediction", "module": "logger", "function": "log_ml_event", "line": 122, "event_type": "prediction", "input_text": "open chrome", "prediction": "open_application", "confidence": 0.1045745721651594, "processing_time_ms": 1.3916492462158203}
{"timestamp": "2025-12-01T20:44:06.336059", "level": "DEBUG", "logger": "assistant.intent_classifier", "message": "Predicted intent: open_application with confidence 0.1046 in 0.001s", "module": "intent_classifier", "function": "predict", "line": 293}
{"timestamp": "2025-12-01T20:44:06.337460", "level": "INFO", "logger": "assistant.intent_classifier", "message": "ML Event: prediction", "module": "logger", "function": "log_ml_event", "line": 122, "event_type": "prediction", "input_text": "open notepad", "prediction": "open_application", "confidence": 0.10603595971289362, "processing_time_ms": 1.1262893676757812}
{"timestamp": "2025-12-01T20:44:06.337559", "level": "DEBUG", "logger": "assistant.intent_classifier", "message": "Predicted intent: open_application with confidence 0.1060 in 0.001s", "module": "intent_classifier", "function": "predict", "line": 293}
{"timestamp": "2025-12-01T20:44:06.338777", "level": "INFO", "logger": "assistant.intent_classifier", "message": "ML Event: prediction", "module": "logger", "function": "log_ml_event", "line": 122, "event_type": "prediction", "input_text": "go to github.com", "prediction": "web_browsing", "confidence": 0.10504969074239938, "processing_time_ms": 0.9875297546386719}
{"timestamp": "2025-12-01T20:44:06.338916", "level": "DEBUG", "logger": "assistant.intent_classifier", "message": "Predicted intent: web_browsing with confidence 0.1050 in 0.001s", "module": "intent_classifier", "function": "predict", "line": 293}
{"timestamp": "2025-12-01T20:47:23.619399", "level": "INFO", "logger": "assistant.intent_classifier", "message": "Model loaded successfully from c:\\Users\\Admin\\OneDrive\\Desktop\\Coding\\AI\\models\\intent_classifier.pkl, intents: 30", "module": "intent_classifier", "function": "load_model", "line": 348}
{"timestamp": "2025-12-01T20:47:23.619917", "level": "INFO", "logger": "assistant.intent_classifier", "message": "Intent classifier quantized using float16 method", "module": "intent_classifier", "function": "quantize_model", "line": 382}
{"timestamp": "2025-12-01T20:47:23.623484", "level": "INFO", "logger": "assistant.intent_classifier", "message": "Model loaded successfully from c:\\Users\\Admin\\OneDrive\\Desktop\\Coding\\AI\\models\\intent_classifier.pkl, intents: 30", "module": "intent_classifier", "function": "load_model", "line": 348}
{"timestamp": "2025-12-01T20:47:23.623806", "level": "INFO", "logger": "assistant.intent_classifier", "message": "Intent classifier quantized using float16 method", "module": "intent_classifier", "function": "quantize_model", "line": 382}
{"timestamp": "2025-12-01T20:47:25.997576", "level": "INFO", "logger": "assistant.intent_classifier", "message": "ML Event: prediction", "module": "logger", "function": "log_ml_event", "line": 122, "event_type": "prediction", "input_text": "open chrome", "prediction": "open_application", "confidence": 0.1045745721651594, "processing_time_ms": 2373.4118938446045}
{"timestamp": "2025-12-01T20:47:25.997758", "level": "DEBUG", "logger": "assistant.intent_classifier", "message": "Predicted intent: open_application with confidence 0.1046 in 2.373s", "module": "intent_classifier", "function": "predict", "line": 293}
{"timestamp": "2025-12-01T20:47:48.430737", "level": "INFO", "logger": "assistant.intent_classifier", "message": "Model loaded successfully from c:\\Users\\Admin\\OneDrive\\Desktop\\Coding\\AI\\models\\intent_classifier.pkl, intents: 30", "module": "intent_classifier", "function": "load_model", "line": 348}
{"timestamp": "2025-12-01T20:47:48.431177", "level": "INFO", "logger": "assistant.intent_classifier", "message": "Intent classifier quantized using float16 method", "module": "intent_classifier", "function": "quantize_model", "line": 382}
{"timestamp": "2025-12-01T20:47:48.434033", "level": "INFO", "logger": "assistant.intent_classifier", "message": "Model loaded successfully from c:\\Users\\Admin\\OneDrive\\Desktop\\Coding\\AI\\models\\intent_classifier.pkl, intents: 30", "module": "intent_classifier", "function": "load_model", "line": 348}
{"timestamp": "2025-12-01T20:47:48.434309", "level": "INFO", "logger": "assistant.intent_classifier", "message": "Intent classifier quantized using float16 method", "module": "intent_classifier", "function": "quantize_model", "line": 382}
{"timestamp": "2025-12-01T20:47:50.713783", "level": "INFO", "logger": "assistant.intent_classifier", "message": "ML Event: prediction", "module": "logger", "function": "log_ml_event", "line": 122, "event_type": "prediction", "input_text": "open chrome", "prediction": "open_application", "confidence": 0.1045745721651594, "processing_time_ms": 2279.2556285858154}
{"timestamp": "2025-12-01T20:47:50.713930", "level": "DEBUG", "logger": "assistant.intent_classifier", "message": "Predicted intent: open_application with confidence 0.1046 in 2.279s", "module": "intent_classifier", "function": "predict", "line": 293}
{"timestamp": "2025-12-01T20:47:50.740802", "level": "INFO", "logger": "assistant.intent_classifier", "message": "ML Event: prediction", "module": "logger", "function": "log_ml_event", "line": 122, "event_type": "prediction", "input_text": "open notepad", "prediction": "open_application", "confidence": 0.10603595971289362, "processing_time_ms": 2.0875930786132812}
{"timestamp": "2025-12-01T20:47:50.741014", "level": "DEBUG", "logger": "assistant.intent_classifier", "message": "Predicted intent: open_application with confidence 0.1060 in 0.002s", "module": "intent_classifier", "function": "predict", "line": 293}
{"timestamp": "2025-12-01T20:47:50.742757", "level": "INFO", "logger": "assistant.intent_classifier", "message": "ML Event: prediction", "module": "logger", "function": "log_ml_event", "line": 122, "event_type": "prediction", "input_text": "open github", "prediction": "web_browsing", "confidence": 0.11339217565734859, "processing_time_ms": 1.4846324920654297}
{"timestamp": "2025-12-01T20:47:50.742832", "level": "DEBUG", "logger": "assistant.intent_classifier", "message": "Predicted intent: web_browsing with confidence 0.1134 in 0.001s", "module": "intent_classifier", "function": "predict", "line": 293}
{"timestamp": "2025-12-01T20:47:50.743903", "level": "INFO", "logger": "assistant.intent_classifier", "message": "ML Event: prediction", "module": "logger", "function": "log_ml_event", "line": 122, "event_type": "prediction", "input_text": "open github.com", "prediction": "web_browsing", "confidence": 0.15389601113298984, "processing_time_ms": 0.8802413940429688}
{"timestamp": "2025-12-01T20:47:50.743979", "level": "DEBUG", "logger": "assistant.intent_classifier", "message": "Predicted intent: web_browsing with confidence 0.1539 in 0.001s", "module": "intent_classifier", "function": "predict", "line": 293}
{"timestamp": "2025-12-01T20:47:50.745093", "level": "INFO", "logger": "assistant.intent_classifier", "message": "ML Event: prediction", "module": "logger", "function": "log_ml_event", "line": 122, "event_type": "prediction", "input_text": "open stack overflow", "prediction": "web_browsing", "confidence": 0.12816115121814037, "processing_time_ms": 0.9222030639648438}
{"timestamp": "2025-12-01T20:47:50.745165", "level": "DEBUG", "logger": "assistant.intent_classifier", "message": "Predicted intent: web_browsing with confidence 0.1282 in 0.001s", "module": "intent_classifier", "function": "predict", "line": 293}
{"timestamp": "2025-12-01T20:47:50.746684", "level": "INFO", "logger": "assistant.intent_classifier", "message": "ML Event: prediction", "module": "logger", "function": "log_ml_event", "line": 122, "event_type": "prediction", "input_text": "open facebook", "prediction": "web_browsing", "confidence": 0.08406078605504716, "processing_time_ms": 1.2969970703125}
{"timestamp": "2025-12-01T20:47:50.746876", "level": "DEBUG", "logger": "assistant.intent_classifier", "message": "Predicted intent: web_browsing with confidence 0.0841 in 0.001s", "module": "intent_classifier", "function": "predict", "line": 293}
{"timestamp": "2025-12-01T20:47:50.748455", "level": "INFO", "logger": "assistant.intent_classifier", "message": "ML Event: prediction", "module": "logger", "function": "log_ml_event", "line": 122, "event_type": "prediction", "input_text": "open www.google.com", "prediction": "web_browsing", "confidence": 0.17232328773252348, "processing_time_ms": 1.36566162109375}
{"timestamp": "2025-12-01T20:47:50.748532", "level": "DEBUG", "logger": "assistant.intent_classifier", "message": "Predicted intent: web_browsing with confidence 0.1723 in 0.001s", "module": "intent_classifier", "function": "predict", "line": 293}
{"timestamp": "2025-12-01T20:47:50.749641", "level": "INFO", "logger": "assistant.intent_classifier", "message": "ML Event: prediction", "module": "logger", "function": "log_ml_event", "line": 122, "event_type": "prediction", "input_text": "open mycustomapp", "prediction": "web_browsing", "confidence": 0.12816115121814037, "processing_time_ms": 0.8809566497802734}
{"timestamp": "2025-12-01T20:47:50.749712", "level": "DEBUG", "logger": "assistant.intent_classifier", "message": "Predicted intent: web_browsing with confidence 0.1282 in 0.001s", "module": "intent_classifier", "function": "predict", "line": 293}
{"timestamp": "2025-12-01T20:47:50.750967", "level": "INFO", "logger": "assistant.intent_classifier", "message": "ML Event: prediction", "module": "logger", "function": "log_ml_event", "line": 122, "event_type": "prediction", "input_text": "open nonexistent", "prediction": "web_browsing", "confidence": 0.12816115121814037, "processing_time_ms": 1.0559558868408203}
{"timestamp": "2025-12-01T20:47:50.751117", "level": "DEBUG", "logger": "assistant.intent_classifier", "message": "Predicted intent: web_browsing with confidence 0.1282 in 0.001s", "module": "intent_classifier", "function": "predict", "line": 293}
{"timestamp": "2025-12-01T20:48:19.716285", "level": "INFO", "logger": "assistant.intent_classifier", "message": "Model loaded successfully from c:\\Users\\Admin\\OneDrive\\Desktop\\Coding\\AI\\models\\intent_classifier.pkl, intents: 30", "module": "intent_classifier", "function": "load_model", "line": 348}
{"timestamp": "2025-12-01T20:48:19.716655", "level": "INFO", "logger": "assistant.intent_classifier", "message": "Intent classifier quantized using float16 method", "module": "intent_classifier", "function": "quantize_model", "line": 382}
{"timestamp": "2025-12-01T20:48:19.720620", "level": "INFO", "logger": "assistant.intent_classifier", "message": "Model loaded successfully from c:\\Users\\Admin\\OneDrive\\Desktop\\Coding\\AI\\models\\intent_classifier.pkl, intents: 30", "module": "intent_classifier", "function": "load_model", "line": 348}
{"timestamp": "2025-12-01T20:48:19.720975", "level": "INFO", "logger": "assistant.intent_classifier", "message": "Intent classifier quantized using float16 method", "module": "intent_classifier", "function": "quantize_model", "line": 382}
{"timestamp": "2025-12-01T20:48:22.100522", "level": "INFO", "logger": "assistant.intent_classifier", "message": "ML Event: prediction", "module": "logger", "function": "log_ml_event", "line": 122, "event_type": "prediction", "input_text": "open chrome", "prediction": "open_application", "confidence": 0.1045745721651594, "processing_time_ms": 2379.3587684631348}
{"timestamp": "2025-12-01T20:48:22.100732", "level": "DEBUG", "logger": "assistant.intent_classifier", "message": "Predicted intent: open_application with confidence 0.1046 in 2.379s", "module": "intent_classifier", "function": "predict", "line": 293}
{"timestamp": "2025-12-01T20:48:22.127833", "level": "INFO", "logger": "assistant.intent_classifier", "message": "ML Event: prediction", "module": "logger", "function": "log_ml_event", "line": 122, "event_type": "prediction", "input_text": "open notepad", "prediction": "open_application", "confidence": 0.10603595971289362, "processing_time_ms": 1.6078948974609375}
{"timestamp": "2025-12-01T20:48:22.128015", "level": "DEBUG", "logger": "assistant.intent_classifier", "message": "Predicted intent: open_application with confidence 0.1060 in 0.002s", "module": "intent_classifier", "function": "predict", "line": 293}
{"timestamp": "2025-12-01T20:48:22.130531", "level": "INFO", "logger": "assistant.intent_classifier", "message": "ML Event: prediction", "module": "logger", "function": "log_ml_event", "line": 122, "event_type": "prediction", "input_text": "open github", "prediction": "web_browsing", "confidence": 0.11339217565734859, "processing_time_ms": 1.9764900207519531}
{"timestamp": "2025-12-01T20:48:22.130620", "level": "DEBUG", "logger": "assistant.intent_classifier", "message": "Predicted intent: web_browsing with confidence 0.1134 in 0.002s", "module": "intent_classifier", "function": "predict", "line": 293}
{"timestamp": "2025-12-01T20:48:22.131782", "level": "INFO", "logger": "assistant.intent_classifier", "message": "ML Event: prediction", "module": "logger", "function": "log_ml_event", "line": 122, "event_type": "prediction", "input_text": "open github.com", "prediction": "web_browsing", "confidence": 0.15389601113298984, "processing_time_ms": 0.9565353393554688}
{"timestamp": "2025-12-01T20:48:22.131857", "level": "DEBUG", "logger": "assistant.intent_classifier", "message": "Predicted intent: web_browsing with confidence 0.1539 in 0.001s", "module": "intent_classifier", "function": "predict", "line": 293}
{"timestamp": "2025-12-01T20:48:22.133049", "level": "INFO", "logger": "assistant.intent_classifier", "message": "ML Event: prediction", "module": "logger", "function": "log_ml_event", "line": 122, "event_type": "prediction", "input_text": "open stack overflow", "prediction": "web_browsing", "confidence": 0.12816115121814037, "processing_time_ms": 0.9222030639648438}
{"timestamp": "2025-12-01T20:48:22.133134", "level": "DEBUG", "logger": "assistant.intent_classifier", "message": "Predicted intent: web_browsing with confidence 0.1282 in 0.001s", "module": "intent_classifier", "function": "predict", "line": 293}
{"timestamp": "2025-12-01T20:48:22.134598", "level": "INFO", "logger": "assistant.intent_classifier", "message": "ML Event: prediction", "module": "logger", "function": "log_ml_event", "line": 122, "event_type": "prediction", "input_text": "open facebook", "prediction": "web_browsing", "confidence": 0.08406078605504716, "processing_time_ms": 1.232147216796875}
{"timestamp": "2025-12-01T20:48:22.134703", "level": "DEBUG", "logger": "assistant.intent_classifier", "message": "Predicted intent: web_browsing with confidence 0.0841 in 0.001s", "module": "intent_classifier", "function": "predict", "line": 293}
{"timestamp": "2025-12-01T20:48:22.136516", "level": "INFO", "logger": "assistant.intent_classifier", "message": "ML Event: prediction", "module": "logger", "function": "log_ml_event", "line": 122, "event_type": "prediction", "input_text": "open www.google.com", "prediction": "web_browsing", "confidence": 0.17232328773252348, "processing_time_ms": 1.300811767578125}
{"timestamp": "2025-12-01T20:48:22.136676", "level": "DEBUG", "logger": "assistant.intent_classifier", "message": "Predicted intent: web_browsing with confidence 0.1723 in 0.001s", "module": "intent_classifier", "function": "predict", "line": 293}
{"timestamp": "2025-12-01T20:48:22.138115", "level": "INFO", "logger": "assistant.intent_classifier", "message": "ML Event: prediction", "module": "logger", "function": "log_ml_event", "line": 122, "event_type": "prediction", "input_text": "open mycustomapp", "prediction": "web_browsing", "confidence": 0.12816115121814037, "processing_time_ms": 1.1255741119384766}
{"timestamp": "2025-12-01T20:48:22.138192", "level": "DEBUG", "logger": "assistant.intent_classifier", "message": "Predicted intent: web_browsing with confidence 0.1282 in 0.001s", "module": "intent_classifier", "function": "predict", "line": 293}
{"timestamp": "2025-12-01T20:48:22.139323", "level": "INFO", "logger": "assistant.intent_classifier", "message": "ML Event: prediction", "module": "logger", "function": "log_ml_event", "line": 122, "event_type": "prediction", "input_text": "open nonexistent", "prediction": "web_browsing", "confidence": 0.12816115121814037, "processing_time_ms": 0.8990764617919922}
{"timestamp": "2025-12-01T20:48:22.139395", "level": "DEBUG", "logger": "assistant.intent_classifier", "message": "Predicted intent: web_browsing with confidence 0.1282 in 0.001s", "module": "intent_classifier", "function": "predict", "line": 293}
{"timestamp": "2025-12-01T20:53:50.551560", "level": "INFO", "logger": "assistant.intent_classifier", "message": "Model loaded successfully from c:\\Users\\Admin\\OneDrive\\Desktop\\Coding\\AI\\models\\intent_classifier.pkl, intents: 30", "module": "intent_classifier", "function": "load_model", "line": 348}
{"timestamp": "2025-12-01T20:53:50.551916", "level": "INFO", "logger": "assistant.intent_classifier", "message": "Intent classifier quantized using float16 method", "module": "intent_classifier", "function": "quantize_model", "line": 382}
{"timestamp": "2025-12-01T20:53:50.555221", "level": "INFO", "logger": "assistant.intent_classifier", "message": "Model loaded successfully from c:\\Users\\Admin\\OneDrive\\Desktop\\Coding\\AI\\models\\intent_classifier.pkl, intents: 30", "module": "intent_classifier", "function": "load_model", "line": 348}
{"timestamp": "2025-12-01T20:53:50.555446", "level": "INFO", "logger": "assistant.intent_classifier", "message": "Intent classifier quantized using float16 method", "module": "intent_classifier", "function": "quantize_model", "line": 382}
{"timestamp": "2025-12-01T20:54:08.795774", "level": "INFO", "logger": "assistant.intent_classifier", "message": "ML Event: prediction", "module": "logger", "function": "log_ml_event", "line": 122, "event_type": "prediction", "input_text": "open github on chrome", "prediction": "web_browsing", "confidence": 0.09006334459695838, "processing_time_ms": 2043.8344478607178}
{"timestamp": "2025-12-01T20:54:08.795928", "level": "DEBUG", "logger": "assistant.intent_classifier", "message": "Predicted intent: web_browsing with confidence 0.0901 in 2.044s", "module": "intent_classifier", "function": "predict", "line": 293}
{"timestamp": "2025-12-01T20:54:13.418564", "level": "INFO", "logger": "assistant.intent_classifier", "message": "ML Event: prediction", "module": "logger", "function": "log_ml_event", "line": 122, "event_type": "prediction", "input_text": "been chrome for you", "prediction": "system_control", "confidence": 0.06371949299485252, "processing_time_ms": 1.4121532440185547}
{"timestamp": "2025-12-01T20:54:13.418676", "level": "DEBUG", "logger": "assistant.intent_classifier", "message": "Predicted intent: system_control with confidence 0.0637 in 0.001s", "module": "intent_classifier", "function": "predict", "line": 293}
{"timestamp": "2025-12-02T20:24:12.337288", "level": "INFO", "logger": "assistant.intent_classifier", "message": "ML Event: prediction", "module": "logger", "function": "log_ml_event", "line": 122, "event_type": "prediction", "input_text": "classification_sample_0", "prediction": "open_app", "confidence": 0.8, "processing_time_ms": 20.0}
{"timestamp": "2025-12-02T20:24:12.337562", "level": "INFO", "logger": "assistant.intent_classifier", "message": "ML Event: prediction", "module": "logger", "function": "log_ml_event", "line": 122, "event_type": "prediction", "input_text": "classification_sample_1", "prediction": "search", "confidence": 0.8, "processing_time_ms": 20.0}
{"timestamp": "2025-12-02T20:24:12.337641", "level": "INFO", "logger": "assistant.intent_classifier", "message": "ML Event: prediction", "module": "logger", "function": "log_ml_event", "line": 122, "event_type": "prediction", "input_text": "classification_sample_2", "prediction": "play_music", "confidence": 0.8, "processing_time_ms": 20.0}
{"timestamp": "2025-12-02T20:24:12.337719", "level": "INFO", "logger": "assistant.intent_classifier", "message": "ML Event: prediction", "module": "logger", "function": "log_ml_event", "line": 122, "event_type": "prediction", "input_text": "classification_sample_3", "prediction": "get_weather", "confidence": 0.8, "processing_time_ms": 20.0}
{"timestamp": "2025-12-02T20:24:12.337909", "level": "INFO", "logger": "assistant.intent_classifier", "message": "ML Event: prediction", "module": "logger", "function": "log_ml_event", "line": 122, "event_type": "prediction", "input_text": "classification_sample_4", "prediction": "open_app", "confidence": 0.8, "processing_time_ms": 20.0}
{"timestamp": "2025-12-02T20:24:12.337967", "level": "INFO", "logger": "assistant.intent_classifier", "message": "ML Event: prediction", "module": "logger", "function": "log_ml_event", "line": 122, "event_type": "prediction", "input_text": "classification_sample_5", "prediction": "search", "confidence": 0.8, "processing_time_ms": 20.0}
{"timestamp": "2025-12-02T20:24:12.338030", "level": "INFO", "logger": "assistant.intent_classifier", "message": "ML Event: prediction", "module": "logger", "function": "log_ml_event", "line": 122, "event_type": "prediction", "input_text": "classification_sample_6", "prediction": "play_music", "confidence": 0.8, "processing_time_ms": 20.0}
{"timestamp": "2025-12-02T20:24:12.338116", "level": "INFO", "logger": "assistant.intent_classifier", "message": "ML Event: prediction", "module": "logger", "function": "log_ml_event", "line": 122, "event_type": "prediction", "input_text": "classification_sample_7", "prediction": "get_weather", "confidence": 0.8, "processing_time_ms": 20.0}
{"timestamp": "2025-12-02T20:24:12.338224", "level": "INFO", "logger": "assistant.intent_classifier", "message": "ML Event: prediction", "module": "logger", "function": "log_ml_event", "line": 122, "event_type": "prediction", "input_text": "classification_sample_8", "prediction": "open_app", "confidence": 0.8, "processing_time_ms": 20.0}
{"timestamp": "2025-12-02T20:24:12.338280", "level": "INFO", "logger": "assistant.intent_classifier", "message": "ML Event: prediction", "module": "logger", "function": "log_ml_event", "line": 122, "event_type": "prediction", "input_text": "classification_sample_9", "prediction": "search", "confidence": 0.8, "processing_time_ms": 20.0}
{"timestamp": "2025-12-02T20:24:12.338356", "level": "INFO", "logger": "assistant.intent_classifier", "message": "ML Event: prediction", "module": "logger", "function": "log_ml_event", "line": 122, "event_type": "prediction", "input_text": "classification_sample_10", "prediction": "play_music", "confidence": 0.8, "processing_time_ms": 20.0}
{"timestamp": "2025-12-02T20:24:12.338406", "level": "INFO", "logger": "assistant.intent_classifier", "message": "ML Event: prediction", "module": "logger", "function": "log_ml_event", "line": 122, "event_type": "prediction", "input_text": "classification_sample_11", "prediction": "get_weather", "confidence": 0.8, "processing_time_ms": 20.0}
{"timestamp": "2025-12-02T20:24:12.338454", "level": "INFO", "logger": "assistant.intent_classifier", "message": "ML Event: prediction", "module": "logger", "function": "log_ml_event", "line": 122, "event_type": "prediction", "input_text": "classification_sample_12", "prediction": "open_app", "confidence": 0.8, "processing_time_ms": 20.0}
{"timestamp": "2025-12-02T20:24:12.338501", "level": "INFO", "logger": "assistant.intent_classifier", "message": "ML Event: prediction", "module": "logger", "function": "log_ml_event", "line": 122, "event_type": "prediction", "input_text": "classification_sample_13", "prediction": "search", "confidence": 0.8, "processing_time_ms": 20.0}
{"timestamp": "2025-12-02T20:24:12.338548", "level": "INFO", "logger": "assistant.intent_classifier", "message": "ML Event: prediction", "module": "logger", "function": "log_ml_event", "line": 122, "event_type": "prediction", "input_text": "classification_sample_14", "prediction": "play_music", "confidence": 0.8, "processing_time_ms": 20.0}
{"timestamp": "2025-12-02T20:24:12.338595", "level": "INFO", "logger": "assistant.intent_classifier", "message": "ML Event: prediction", "module": "logger", "function": "log_ml_event", "line": 122, "event_type": "prediction", "input_text": "classification_sample_15", "prediction": "get_weather", "confidence": 0.8, "processing_time_ms": 20.0}
{"timestamp": "2025-12-02T20:24:12.338642", "level": "INFO", "logger": "assistant.intent_classifier", "message": "ML Event: prediction", "module": "logger", "function": "log_ml_event", "line": 122, "event_type": "prediction", "input_text": "classification_sample_16", "prediction": "open_app", "confidence": 0.8, "processing_time_ms": 20.0}
{"timestamp": "2025-12-02T20:24:12.338698", "level": "INFO", "logger": "assistant.intent_classifier", "message": "ML Event: prediction", "module": "logger", "function": "log_ml_event", "line": 122, "event_type": "prediction", "input_text": "classification_sample_17", "prediction": "search", "confidence": 0.8, "processing_time_ms": 20.0}
{"timestamp": "2025-12-02T20:24:12.338746", "level": "INFO", "logger": "assistant.intent_classifier", "message": "ML Event: prediction", "module": "logger", "function": "log_ml_event", "line": 122, "event_type": "prediction", "input_text": "classification_sample_18", "prediction": "play_music", "confidence": 0.8, "processing_time_ms": 20.0}
{"timestamp": "2025-12-02T20:24:12.338797", "level": "INFO", "logger": "assistant.intent_classifier", "message": "ML Event: prediction", "module": "logger", "function": "log_ml_event", "line": 122, "event_type": "prediction", "input_text": "classification_sample_19", "prediction": "get_weather", "confidence": 0.8, "processing_time_ms": 20.0}
{"timestamp": "2025-12-02T20:24:12.338879", "level": "INFO", "logger": "assistant.intent_classifier", "message": "ML Event: prediction", "module": "logger", "function": "log_ml_event", "line": 122, "event_type": "prediction", "input_text": "classification_sample_20", "prediction": "open_app", "confidence": 0.8, "processing_time_ms": 20.0}
{"timestamp": "2025-12-02T20:24:12.338934", "level": "INFO", "logger": "assistant.intent_classifier", "message": "ML Event: prediction", "module": "logger", "function": "log_ml_event", "line": 122, "event_type": "prediction", "input_text": "classification_sample_21", "prediction": "search", "confidence": 0.8, "processing_time_ms": 20.0}
{"timestamp": "2025-12-02T20:24:12.339164", "level": "INFO", "logger": "assistant.intent_classifier", "message": "ML Event: prediction", "module": "logger", "function": "log_ml_event", "line": 122, "event_type": "prediction", "input_text": "classification_sample_22", "prediction": "play_music", "confidence": 0.8, "processing_time_ms": 20.0}
{"timestamp": "2025-12-02T20:24:12.339231", "level": "INFO", "logger": "assistant.intent_classifier", "message": "ML Event: prediction", "module": "logger", "function": "log_ml_event", "line": 122, "event_type": "prediction", "input_text": "classification_sample_23", "prediction": "get_weather", "confidence": 0.8, "processing_time_ms": 20.0}
{"timestamp": "2025-12-02T20:24:12.339294", "level": "INFO", "logger": "assistant.intent_classifier", "message": "ML Event: prediction", "module": "logger", "function": "log_ml_event", "line": 122, "event_type": "prediction", "input_text": "classification_sample_24", "prediction": "open_app", "confidence": 0.8, "processing_time_ms": 20.0}
{"timestamp": "2025-12-02T20:24:12.339387", "level": "INFO", "logger": "assistant.intent_classifier", "message": "ML Event: prediction", "module": "logger", "function": "log_ml_event", "line": 122, "event_type": "prediction", "input_text": "classification_sample_25", "prediction": "search", "confidence": 0.8, "processing_time_ms": 20.0}
{"timestamp": "2025-12-02T20:24:12.339450", "level": "INFO", "logger": "assistant.intent_classifier", "message": "ML Event: prediction", "module": "logger", "function": "log_ml_event", "line": 122, "event_type": "prediction", "input_text": "classification_sample_26", "prediction": "play_music", "confidence": 0.8, "processing_time_ms": 20.0}
{"timestamp": "2025-12-02T20:24:12.339518", "level": "INFO", "logger": "assistant.intent_classifier", "message": "ML Event: prediction", "module": "logger", "function": "log_ml_event", "line": 122, "event_type": "prediction", "input_text": "classification_sample_27", "prediction": "get_weather", "confidence": 0.8, "processing_time_ms": 20.0}
{"timestamp": "2025-12-02T20:24:12.339588", "level": "INFO", "logger": "assistant.intent_classifier", "message": "ML Event: prediction", "module": "logger", "function": "log_ml_event", "line": 122, "event_type": "prediction", "input_text": "classification_sample_28", "prediction": "open_app", "confidence": 0.8, "processing_time_ms": 20.0}
{"timestamp": "2025-12-02T20:24:12.339653", "level": "INFO", "logger": "assistant.intent_classifier", "message": "ML Event: prediction", "module": "logger", "function": "log_ml_event", "line": 122, "event_type": "prediction", "input_text": "classification_sample_29", "prediction": "search", "confidence": 0.8, "processing_time_ms": 20.0}
{"timestamp": "2025-12-02T20:24:12.339722", "level": "INFO", "logger": "assistant.intent_classifier", "message": "ML Event: prediction", "module": "logger", "function": "log_ml_event", "line": 122, "event_type": "prediction", "input_text": "classification_sample_30", "prediction": "play_music", "confidence": 0.8, "processing_time_ms": 20.0}
{"timestamp": "2025-12-02T20:24:12.339794", "level": "INFO", "logger": "assistant.intent_classifier", "message": "ML Event: prediction", "module": "logger", "function": "log_ml_event", "line": 122, "event_type": "prediction", "input_text": "classification_sample_31", "prediction": "get_weather", "confidence": 0.8, "processing_time_ms": 20.0}
{"timestamp": "2025-12-02T20:24:12.339865", "level": "INFO", "logger": "assistant.intent_classifier", "message": "ML Event: prediction", "module": "logger", "function": "log_ml_event", "line": 122, "event_type": "prediction", "input_text": "classification_sample_32", "prediction": "open_app", "confidence": 0.8, "processing_time_ms": 20.0}
{"timestamp": "2025-12-02T20:24:12.339936", "level": "INFO", "logger": "assistant.intent_classifier", "message": "ML Event: prediction", "module": "logger", "function": "log_ml_event", "line": 122, "event_type": "prediction", "input_text": "classification_sample_33", "prediction": "search", "confidence": 0.8, "processing_time_ms": 20.0}
{"timestamp": "2025-12-02T20:24:12.340005", "level": "INFO", "logger": "assistant.intent_classifier", "message": "ML Event: prediction", "module": "logger", "function": "log_ml_event", "line": 122, "event_type": "prediction", "input_text": "classification_sample_34", "prediction": "play_music", "confidence": 0.8, "processing_time_ms": 20.0}
{"timestamp": "2025-12-02T20:24:12.340072", "level": "INFO", "logger": "assistant.intent_classifier", "message": "ML Event: prediction", "module": "logger", "function": "log_ml_event", "line": 122, "event_type": "prediction", "input_text": "classification_sample_35", "prediction": "get_weather", "confidence": 0.8, "processing_time_ms": 20.0}
{"timestamp": "2025-12-02T20:24:12.340144", "level": "INFO", "logger": "assistant.intent_classifier", "message": "ML Event: prediction", "module": "logger", "function": "log_ml_event", "line": 122, "event_type": "prediction", "input_text": "classification_sample_36", "prediction": "open_app", "confidence": 0.8, "processing_time_ms": 20.0}
{"timestamp": "2025-12-02T20:24:12.340216", "level": "INFO", "logger": "assistant.intent_classifier", "message": "ML Event: prediction", "module": "logger", "function": "log_ml_event", "line": 122, "event_type": "prediction", "input_text": "classification_sample_37", "prediction": "search", "confidence": 0.8, "processing_time_ms": 20.0}
{"timestamp": "2025-12-02T20:24:12.340285", "level": "INFO", "logger": "assistant.intent_classifier", "message": "ML Event: prediction", "module": "logger", "function": "log_ml_event", "line": 122, "event_type": "prediction", "input_text": "classification_sample_38", "prediction": "play_music", "confidence": 0.8, "processing_time_ms": 20.0}
{"timestamp": "2025-12-02T20:24:12.340464", "level": "INFO", "logger": "assistant.intent_classifier", "message": "ML Event: prediction", "module": "logger", "function": "log_ml_event", "line": 122, "event_type": "prediction", "input_text": "classification_sample_39", "prediction": "get_weather", "confidence": 0.8, "processing_time_ms": 20.0}
{"timestamp": "2025-12-02T20:24:12.340595", "level": "INFO", "logger": "assistant.intent_classifier", "message": "ML Event: prediction", "module": "logger", "function": "log_ml_event", "line": 122, "event_type": "prediction", "input_text": "classification_sample_40", "prediction": "open_app", "confidence": 0.8, "processing_time_ms": 20.0}
{"timestamp": "2025-12-02T20:24:12.340659", "level": "INFO", "logger": "assistant.intent_classifier", "message": "ML Event: prediction", "module": "logger", "function": "log_ml_event", "line": 122, "event_type": "prediction", "input_text": "classification_sample_41", "prediction": "search", "confidence": 0.8, "processing_time_ms": 20.0}
{"timestamp": "2025-12-02T20:24:12.340852", "level": "INFO", "logger": "assistant.intent_classifier", "message": "ML Event: prediction", "module": "logger", "function": "log_ml_event", "line": 122, "event_type": "prediction", "input_text": "classification_sample_42", "prediction": "play_music", "confidence": 0.8, "processing_time_ms": 20.0}
{"timestamp": "2025-12-02T20:24:12.340927", "level": "INFO", "logger": "assistant.intent_classifier", "message": "ML Event: prediction", "module": "logger", "function": "log_ml_event", "line": 122, "event_type": "prediction", "input_text": "classification_sample_43", "prediction": "get_weather", "confidence": 0.8, "processing_time_ms": 20.0}
{"timestamp": "2025-12-02T20:24:12.341044", "level": "INFO", "logger": "assistant.intent_classifier", "message": "ML Event: prediction", "module": "logger", "function": "log_ml_event", "line": 122, "event_type": "prediction", "input_text": "classification_sample_44", "prediction": "open_app", "confidence": 0.8, "processing_time_ms": 20.0}
{"timestamp": "2025-12-02T20:24:12.341125", "level": "INFO", "logger": "assistant.intent_classifier", "message": "ML Event: prediction", "module": "logger", "function": "log_ml_event", "line": 122, "event_type": "prediction", "input_text": "classification_sample_45", "prediction": "search", "confidence": 0.8, "processing_time_ms": 20.0}
{"timestamp": "2025-12-02T20:24:12.341181", "level": "INFO", "logger": "assistant.intent_classifier", "message": "ML Event: prediction", "module": "logger", "function": "log_ml_event", "line": 122, "event_type": "prediction", "input_text": "classification_sample_46", "prediction": "play_music", "confidence": 0.8, "processing_time_ms": 20.0}
{"timestamp": "2025-12-02T20:24:12.341239", "level": "INFO", "logger": "assistant.intent_classifier", "message": "ML Event: prediction", "module": "logger", "function": "log_ml_event", "line": 122, "event_type": "prediction", "input_text": "classification_sample_47", "prediction": "get_weather", "confidence": 0.8, "processing_time_ms": 20.0}
{"timestamp": "2025-12-02T20:24:12.341307", "level": "INFO", "logger": "assistant.intent_classifier", "message": "ML Event: prediction", "module": "logger", "function": "log_ml_event", "line": 122, "event_type": "prediction", "input_text": "classification_sample_48", "prediction": "open_app", "confidence": 0.8, "processing_time_ms": 20.0}
{"timestamp": "2025-12-02T20:24:12.341392", "level": "INFO", "logger": "assistant.intent_classifier", "message": "ML Event: prediction", "module": "logger", "function": "log_ml_event", "line": 122, "event_type": "prediction", "input_text": "classification_sample_49", "prediction": "search", "confidence": 0.8, "processing_time_ms": 20.0}
{"timestamp": "2025-12-02T20:24:12.341463", "level": "INFO", "logger": "assistant.intent_classifier", "message": "ML Event: prediction", "module": "logger", "function": "log_ml_event", "line": 122, "event_type": "prediction", "input_text": "classification_sample_50", "prediction": "play_music", "confidence": 0.8, "processing_time_ms": 20.0}
{"timestamp": "2025-12-02T20:24:12.341691", "level": "INFO", "logger": "assistant.intent_classifier", "message": "ML Event: prediction", "module": "logger", "function": "log_ml_event", "line": 122, "event_type": "prediction", "input_text": "classification_sample_51", "prediction": "get_weather", "confidence": 0.8, "processing_time_ms": 20.0}
{"timestamp": "2025-12-02T20:24:12.341759", "level": "INFO", "logger": "assistant.intent_classifier", "message": "ML Event: prediction", "module": "logger", "function": "log_ml_event", "line": 122, "event_type": "prediction", "input_text": "classification_sample_52", "prediction": "open_app", "confidence": 0.8, "processing_time_ms": 20.0}
{"timestamp": "2025-12-02T20:24:12.341826", "level": "INFO", "logger": "assistant.intent_classifier", "message": "ML Event: prediction", "module": "logger", "function": "log_ml_event", "line": 122, "event_type": "prediction", "input_text": "classification_sample_53", "prediction": "search", "confidence": 0.8, "processing_time_ms": 20.0}
{"timestamp": "2025-12-02T20:24:12.342076", "level": "INFO", "logger": "assistant.intent_classifier", "message": "ML Event: prediction", "module": "logger", "function": "log_ml_event", "line": 122, "event_type": "prediction", "input_text": "classification_sample_54", "prediction": "play_music", "confidence": 0.8, "processing_time_ms": 20.0}
{"timestamp": "2025-12-02T20:24:12.342588", "level": "INFO", "logger": "assistant.intent_classifier", "message": "ML Event: prediction", "module": "logger", "function": "log_ml_event", "line": 122, "event_type": "prediction", "input_text": "classification_sample_55", "prediction": "get_weather", "confidence": 0.8, "processing_time_ms": 20.0}
{"timestamp": "2025-12-02T20:24:12.342816", "level": "INFO", "logger": "assistant.intent_classifier", "message": "ML Event: prediction", "module": "logger", "function": "log_ml_event", "line": 122, "event_type": "prediction", "input_text": "classification_sample_56", "prediction": "open_app", "confidence": 0.8, "processing_time_ms": 20.0}
{"timestamp": "2025-12-02T20:24:12.342884", "level": "INFO", "logger": "assistant.intent_classifier", "message": "ML Event: prediction", "module": "logger", "function": "log_ml_event", "line": 122, "event_type": "prediction", "input_text": "classification_sample_57", "prediction": "search", "confidence": 0.8, "processing_time_ms": 20.0}
{"timestamp": "2025-12-02T20:24:12.342945", "level": "INFO", "logger": "assistant.intent_classifier", "message": "ML Event: prediction", "module": "logger", "function": "log_ml_event", "line": 122, "event_type": "prediction", "input_text": "classification_sample_58", "prediction": "play_music", "confidence": 0.8, "processing_time_ms": 20.0}
{"timestamp": "2025-12-02T20:24:12.342996", "level": "INFO", "logger": "assistant.intent_classifier", "message": "ML Event: prediction", "module": "logger", "function": "log_ml_event", "line": 122, "event_type": "prediction", "input_text": "classification_sample_59", "prediction": "get_weather", "confidence": 0.8, "processing_time_ms": 20.0}
{"timestamp": "2025-12-02T20:24:12.343043", "level": "INFO", "logger": "assistant.intent_classifier", "message": "ML Event: prediction", "module": "logger", "function": "log_ml_event", "line": 122, "event_type": "prediction", "input_text": "classification_sample_60", "prediction": "open_app", "confidence": 0.8, "processing_time_ms": 20.0}
{"timestamp": "2025-12-02T20:24:12.343090", "level": "INFO", "logger": "assistant.intent_classifier", "message": "ML Event: prediction", "module": "logger", "function": "log_ml_event", "line": 122, "event_type": "prediction", "input_text": "classification_sample_61", "prediction": "search", "confidence": 0.8, "processing_time_ms": 20.0}
{"timestamp": "2025-12-02T20:24:12.343136", "level": "INFO", "logger": "assistant.intent_classifier", "message": "ML Event: prediction", "module": "logger", "function": "log_ml_event", "line": 122, "event_type": "prediction", "input_text": "classification_sample_62", "prediction": "play_music", "confidence": 0.8, "processing_time_ms": 20.0}
{"timestamp": "2025-12-02T20:24:12.343183", "level": "INFO", "logger": "assistant.intent_classifier", "message": "ML Event: prediction", "module": "logger", "function": "log_ml_event", "line": 122, "event_type": "prediction", "input_text": "classification_sample_63", "prediction": "get_weather", "confidence": 0.8, "processing_time_ms": 20.0}
{"timestamp": "2025-12-02T20:24:12.343230", "level": "INFO", "logger": "assistant.intent_classifier", "message": "ML Event: prediction", "module": "logger", "function": "log_ml_event", "line": 122, "event_type": "prediction", "input_text": "classification_sample_64", "prediction": "open_app", "confidence": 0.8, "processing_time_ms": 20.0}
{"timestamp": "2025-12-02T20:24:12.343291", "level": "INFO", "logger": "assistant.intent_classifier", "message": "ML Event: prediction", "module": "logger", "function": "log_ml_event", "line": 122, "event_type": "prediction", "input_text": "classification_sample_65", "prediction": "search", "confidence": 0.8, "processing_time_ms": 20.0}
{"timestamp": "2025-12-02T20:24:12.343398", "level": "INFO", "logger": "assistant.intent_classifier", "message": "ML Event: prediction", "module": "logger", "function": "log_ml_event", "line": 122, "event_type": "prediction", "input_text": "classification_sample_66", "prediction": "play_music", "confidence": 0.8, "processing_time_ms": 20.0}
{"timestamp": "2025-12-02T20:24:12.343457", "level": "INFO", "logger": "assistant.intent_classifier", "message": "ML Event: prediction", "module": "logger", "function": "log_ml_event", "line": 122, "event_type": "prediction", "input_text": "classification_sample_67", "prediction": "get_weather", "confidence": 0.8, "processing_time_ms": 20.0}
{"timestamp": "2025-12-02T20:24:12.343522", "level": "INFO", "logger": "assistant.intent_classifier", "message": "ML Event: prediction", "module": "logger", "function": "log_ml_event", "line": 122, "event_type": "prediction", "input_text": "classification_sample_68", "prediction": "open_app", "confidence": 0.8, "processing_time_ms": 20.0}
{"timestamp": "2025-12-02T20:24:12.343587", "level": "INFO", "logger": "assistant.intent_classifier", "message": "ML Event: prediction", "module": "logger", "function": "log_ml_event", "line": 122, "event_type": "prediction", "input_text": "classification_sample_69", "prediction": "search", "confidence": 0.8, "processing_time_ms": 20.0}
{"timestamp": "2025-12-02T20:24:12.343647", "level": "INFO", "logger": "assistant.intent_classifier", "message": "ML Event: prediction", "module": "logger", "function": "log_ml_event", "line": 122, "event_type": "prediction", "input_text": "classification_sample_70", "prediction": "play_music", "confidence": 0.8, "processing_time_ms": 20.0}
{"timestamp": "2025-12-02T20:24:12.343701", "level": "INFO", "logger": "assistant.intent_classifier", "message": "ML Event: prediction", "module": "logger", "function": "log_ml_event", "line": 122, "event_type": "prediction", "input_text": "classification_sample_71", "prediction": "get_weather", "confidence": 0.8, "processing_time_ms": 20.0}
{"timestamp": "2025-12-02T20:24:12.343821", "level": "INFO", "logger": "assistant.intent_classifier", "message": "ML Event: prediction", "module": "logger", "function": "log_ml_event", "line": 122, "event_type": "prediction", "input_text": "classification_sample_72", "prediction": "open_app", "confidence": 0.8, "processing_time_ms": 20.0}
{"timestamp": "2025-12-02T20:24:12.343893", "level": "INFO", "logger": "assistant.intent_classifier", "message": "ML Event: prediction", "module": "logger", "function": "log_ml_event", "line": 122, "event_type": "prediction", "input_text": "classification_sample_73", "prediction": "search", "confidence": 0.8, "processing_time_ms": 20.0}
{"timestamp": "2025-12-02T20:24:12.343950", "level": "INFO", "logger": "assistant.intent_classifier", "message": "ML Event: prediction", "module": "logger", "function": "log_ml_event", "line": 122, "event_type": "prediction", "input_text": "classification_sample_74", "prediction": "play_music", "confidence": 0.8, "processing_time_ms": 20.0}
{"timestamp": "2025-12-02T20:24:12.344001", "level": "INFO", "logger": "assistant.intent_classifier", "message": "ML Event: prediction", "module": "logger", "function": "log_ml_event", "line": 122, "event_type": "prediction", "input_text": "classification_sample_75", "prediction": "get_weather", "confidence": 0.8, "processing_time_ms": 20.0}
{"timestamp": "2025-12-02T20:24:12.344049", "level": "INFO", "logger": "assistant.intent_classifier", "message": "ML Event: prediction", "module": "logger", "function": "log_ml_event", "line": 122, "event_type": "prediction", "input_text": "classification_sample_76", "prediction": "open_app", "confidence": 0.8, "processing_time_ms": 20.0}
{"timestamp": "2025-12-02T20:24:12.344096", "level": "INFO", "logger": "assistant.intent_classifier", "message": "ML Event: prediction", "module": "logger", "function": "log_ml_event", "line": 122, "event_type": "prediction", "input_text": "classification_sample_77", "prediction": "search", "confidence": 0.8, "processing_time_ms": 20.0}
{"timestamp": "2025-12-02T20:24:12.344143", "level": "INFO", "logger": "assistant.intent_classifier", "message": "ML Event: prediction", "module": "logger", "function": "log_ml_event", "line": 122, "event_type": "prediction", "input_text": "classification_sample_78", "prediction": "play_music", "confidence": 0.8, "processing_time_ms": 20.0}
{"timestamp": "2025-12-02T20:24:12.344190", "level": "INFO", "logger": "assistant.intent_classifier", "message": "ML Event: prediction", "module": "logger", "function": "log_ml_event", "line": 122, "event_type": "prediction", "input_text": "classification_sample_79", "prediction": "get_weather", "confidence": 0.8, "processing_time_ms": 20.0}
{"timestamp": "2025-12-02T20:24:12.344244", "level": "INFO", "logger": "assistant.intent_classifier", "message": "ML Event: prediction", "module": "logger", "function": "log_ml_event", "line": 122, "event_type": "prediction", "input_text": "classification_sample_80", "prediction": "open_app", "confidence": 0.8, "processing_time_ms": 20.0}
{"timestamp": "2025-12-02T20:24:12.344293", "level": "INFO", "logger": "assistant.intent_classifier", "message": "ML Event: prediction", "module": "logger", "function": "log_ml_event", "line": 122, "event_type": "prediction", "input_text": "classification_sample_81", "prediction": "search", "confidence": 0.8, "processing_time_ms": 20.0}
{"timestamp": "2025-12-02T20:24:12.344370", "level": "INFO", "logger": "assistant.intent_classifier", "message": "ML Event: prediction", "module": "logger", "function": "log_ml_event", "line": 122, "event_type": "prediction", "input_text": "classification_sample_82", "prediction": "play_music", "confidence": 0.8, "processing_time_ms": 20.0}
{"timestamp": "2025-12-02T20:24:12.344418", "level": "INFO", "logger": "assistant.intent_classifier", "message": "ML Event: prediction", "module": "logger", "function": "log_ml_event", "line": 122, "event_type": "prediction", "input_text": "classification_sample_83", "prediction": "get_weather", "confidence": 0.8, "processing_time_ms": 20.0}
{"timestamp": "2025-12-02T20:24:12.344464", "level": "INFO", "logger": "assistant.intent_classifier", "message": "ML Event: prediction", "module": "logger", "function": "log_ml_event", "line": 122, "event_type": "prediction", "input_text": "classification_sample_84", "prediction": "open_app", "confidence": 0.8, "processing_time_ms": 20.0}
{"timestamp": "2025-12-02T20:24:12.344511", "level": "INFO", "logger": "assistant.intent_classifier", "message": "ML Event: prediction", "module": "logger", "function": "log_ml_event", "line": 122, "event_type": "prediction", "input_text": "classification_sample_85", "prediction": "search", "confidence": 0.8, "processing_time_ms": 20.0}
{"timestamp": "2025-12-02T20:24:12.344558", "level": "INFO", "logger": "assistant.intent_classifier", "message": "ML Event: prediction", "module": "logger", "function": "log_ml_event", "line": 122, "event_type": "prediction", "input_text": "classification_sample_86", "prediction": "play_music", "confidence": 0.8, "processing_time_ms": 20.0}
{"timestamp": "2025-12-02T20:24:12.344605", "level": "INFO", "logger": "assistant.intent_classifier", "message": "ML Event: prediction", "module": "logger", "function": "log_ml_event", "line": 122, "event_type": "prediction", "input_text": "classification_sample_87", "prediction": "get_weather", "confidence": 0.8, "processing_time_ms": 20.0}
{"timestamp": "2025-12-02T20:24:12.344654", "level": "INFO", "logger": "assistant.intent_classifier", "message": "ML Event: prediction", "module": "logger", "function": "log_ml_event", "line": 122, "event_type": "prediction", "input_text": "classification_sample_88", "prediction": "open_app", "confidence": 0.8, "processing_time_ms": 20.0}
{"timestamp": "2025-12-02T20:24:12.344709", "level": "INFO", "logger": "assistant.intent_classifier", "message": "ML Event: prediction", "module": "logger", "function": "log_ml_event", "line": 122, "event_type": "prediction", "input_text": "classification_sample_89", "prediction": "search", "confidence": 0.8, "processing_time_ms": 20.0}
{"timestamp": "2025-12-02T20:24:12.344756", "level": "INFO", "logger": "assistant.intent_classifier", "message": "ML Event: prediction", "module": "logger", "function": "log_ml_event", "line": 122, "event_type": "prediction", "input_text": "classification_sample_90", "prediction": "play_music", "confidence": 0.8, "processing_time_ms": 20.0}
{"timestamp": "2025-12-02T20:24:12.344803", "level": "INFO", "logger": "assistant.intent_classifier", "message": "ML Event: prediction", "module": "logger", "function": "log_ml_event", "line": 122, "event_type": "prediction", "input_text": "classification_sample_91", "prediction": "get_weather", "confidence": 0.8, "processing_time_ms": 20.0}
{"timestamp": "2025-12-02T20:24:12.344853", "level": "INFO", "logger": "assistant.intent_classifier", "message": "ML Event: prediction", "module": "logger", "function": "log_ml_event", "line": 122, "event_type": "prediction", "input_text": "classification_sample_92", "prediction": "open_app", "confidence": 0.8, "processing_time_ms": 20.0}
{"timestamp": "2025-12-02T20:24:12.344902", "level": "INFO", "logger": "assistant.intent_classifier", "message": "ML Event: prediction", "module": "logger", "function": "log_ml_event", "line": 122, "event_type": "prediction", "input_text": "classification_sample_93", "prediction": "search", "confidence": 0.8, "processing_time_ms": 20.0}
{"timestamp": "2025-12-02T20:24:12.344952", "level": "INFO", "logger": "assistant.intent_classifier", "message": "ML Event: prediction", "module": "logger", "function": "log_ml_event", "line": 122, "event_type": "prediction", "input_text": "classification_sample_94", "prediction": "play_music", "confidence": 0.8, "processing_time_ms": 20.0}
{"timestamp": "2025-12-02T20:24:12.344999", "level": "INFO", "logger": "assistant.intent_classifier", "message": "ML Event: prediction", "module": "logger", "function": "log_ml_event", "line": 122, "event_type": "prediction", "input_text": "classification_sample_95", "prediction": "get_weather", "confidence": 0.8, "processing_time_ms": 20.0}
{"timestamp": "2025-12-02T20:24:12.345046", "level": "INFO", "logger": "assistant.intent_classifier", "message": "ML Event: prediction", "module": "logger", "function": "log_ml_event", "line": 122, "event_type": "prediction", "input_text": "classification_sample_96", "prediction": "open_app", "confidence": 0.8, "processing_time_ms": 20.0}
{"timestamp": "2025-12-02T20:24:12.345093", "level": "INFO", "logger": "assistant.intent_classifier", "message": "ML Event: prediction", "module": "logger", "function": "log_ml_event", "line": 122, "event_type": "prediction", "input_text": "classification_sample_97", "prediction": "search", "confidence": 0.8, "processing_time_ms": 20.0}
{"timestamp": "2025-12-02T20:24:12.345140", "level": "INFO", "logger": "assistant.intent_classifier", "message": "ML Event: prediction", "module": "logger", "function": "log_ml_event", "line": 122, "event_type": "prediction", "input_text": "classification_sample_98", "prediction": "play_music", "confidence": 0.8, "processing_time_ms": 20.0}
{"timestamp": "2025-12-02T20:24:12.345186", "level": "INFO", "logger": "assistant.intent_classifier", "message": "ML Event: prediction", "module": "logger", "function": "log_ml_event", "line": 122, "event_type": "prediction", "input_text": "classification_sample_99", "prediction": "get_weather", "confidence": 0.8, "processing_time_ms": 20.0}
{"timestamp": "2025-12-03T16:20:12.206334", "level": "INFO", "logger": "assistant.intent_classifier", "message": "Model loaded successfully from c:\\Users\\Admin\\OneDrive\\Desktop\\Coding\\AI\\models\\intent_classifier.pkl, intents: 30", "module": "intent_classifier", "function": "load_model", "line": 348}
{"timestamp": "2025-12-03T16:20:12.206843", "level": "INFO", "logger": "assistant.intent_classifier", "message": "Intent classifier quantized using float16 method", "module": "intent_classifier", "function": "quantize_model", "line": 382}
{"timestamp": "2025-12-03T16:20:12.210265", "level": "INFO", "logger": "assistant.intent_classifier", "message": "Model loaded successfully from c:\\Users\\Admin\\OneDrive\\Desktop\\Coding\\AI\\models\\intent_classifier.pkl, intents: 30", "module": "intent_classifier", "function": "load_model", "line": 348}
{"timestamp": "2025-12-03T16:20:12.210546", "level": "INFO", "logger": "assistant.intent_classifier", "message": "Intent classifier quantized using float16 method", "module": "intent_classifier", "function": "quantize_model", "line": 382}
{"timestamp": "2025-12-03T16:20:41.698726", "level": "INFO", "logger": "assistant.intent_classifier", "message": "ML Event: prediction", "module": "logger", "function": "log_ml_event", "line": 122, "event_type": "prediction", "input_text": "open github on chrome", "prediction": "web_browsing", "confidence": 0.09006334459695838, "processing_time_ms": 2949.855327606201}
{"timestamp": "2025-12-03T16:20:41.698924", "level": "DEBUG", "logger": "assistant.intent_classifier", "message": "Predicted intent: web_browsing with confidence 0.0901 in 2.950s", "module": "intent_classifier", "function": "predict", "line": 293}
{"timestamp": "2025-12-03T16:20:48.087976", "level": "INFO", "logger": "assistant.intent_classifier", "message": "ML Event: prediction", "module": "logger", "function": "log_ml_event", "line": 122, "event_type": "prediction", "input_text": "chrome is now open", "prediction": "open_application", "confidence": 0.09937658475420812, "processing_time_ms": 1.4374256134033203}
{"timestamp": "2025-12-03T16:20:48.088062", "level": "DEBUG", "logger": "assistant.intent_classifier", "message": "Predicted intent: open_application with confidence 0.0994 in 0.001s", "module": "intent_classifier", "function": "predict", "line": 293}
{"timestamp": "2025-12-03T16:21:12.282884", "level": "INFO", "logger": "assistant.intent_classifier", "message": "ML Event: prediction", "module": "logger", "function": "log_ml_event", "line": 122, "event_type": "prediction", "input_text": "open file explorer", "prediction": "open_application", "confidence": 0.09534299726816331, "processing_time_ms": 1.3096332550048828}
{"timestamp": "2025-12-03T16:21:12.282977", "level": "DEBUG", "logger": "assistant.intent_classifier", "message": "Predicted intent: open_application with confidence 0.0953 in 0.001s", "module": "intent_classifier", "function": "predict", "line": 293}
{"timestamp": "2025-12-03T16:21:34.501513", "level": "INFO", "logger": "assistant.intent_classifier", "message": "ML Event: prediction", "module": "logger", "function": "log_ml_event", "line": 122, "event_type": "prediction", "input_text": "open github desktop", "prediction": "web_browsing", "confidence": 0.08908109956333998, "processing_time_ms": 1.2912750244140625}
{"timestamp": "2025-12-03T16:21:34.501608", "level": "DEBUG", "logger": "assistant.intent_classifier", "message": "Predicted intent: web_browsing with confidence 0.0891 in 0.001s", "module": "intent_classifier", "function": "predict", "line": 293}
{"timestamp": "2025-12-03T16:21:42.303203", "level": "INFO", "logger": "assistant.intent_classifier", "message": "ML Event: prediction", "module": "logger", "function": "log_ml_event", "line": 122, "event_type": "prediction", "input_text": "we came cover dust 2", "prediction": "open_application", "confidence": 0.04222792017740702, "processing_time_ms": 2.2346973419189453}
{"timestamp": "2025-12-03T16:21:42.303362", "level": "DEBUG", "logger": "assistant.intent_classifier", "message": "Predicted intent: open_application with confidence 0.0422 in 0.002s", "module": "intent_classifier", "function": "predict", "line": 293}
{"timestamp": "2025-12-03T16:21:59.733175", "level": "INFO", "logger": "assistant.intent_classifier", "message": "ML Event: prediction", "module": "logger", "function": "log_ml_event", "line": 122, "event_type": "prediction", "input_text": "search for github", "prediction": "search", "confidence": 0.09006475888231277, "processing_time_ms": 1.2922286987304688}
{"timestamp": "2025-12-03T16:21:59.733260", "level": "DEBUG", "logger": "assistant.intent_classifier", "message": "Predicted intent: search with confidence 0.0901 in 0.001s", "module": "intent_classifier", "function": "predict", "line": 293}
{"timestamp": "2025-12-03T16:22:14.337358", "level": "INFO", "logger": "assistant.intent_classifier", "message": "ML Event: prediction", "module": "logger", "function": "log_ml_event", "line": 122, "event_type": "prediction", "input_text": "here's what i found about github.", "prediction": "web_browsing", "confidence": 0.06030293069386501, "processing_time_ms": 1.6324520111083984}
{"timestamp": "2025-12-03T16:22:14.337481", "level": "DEBUG", "logger": "assistant.intent_classifier", "message": "Predicted intent: web_browsing with confidence 0.0603 in 0.002s", "module": "intent_classifier", "function": "predict", "line": 293}
{"timestamp": "2025-12-03T16:23:44.088994", "level": "INFO", "logger": "assistant.intent_classifier", "message": "ML Event: prediction", "module": "logger", "function": "log_ml_event", "line": 122, "event_type": "prediction", "input_text": "search for sis graduate school of technology", "prediction": "search", "confidence": 0.15373643154114283, "processing_time_ms": 1.4553070068359375}
{"timestamp": "2025-12-03T16:23:44.089099", "level": "DEBUG", "logger": "assistant.intent_classifier", "message": "Predicted intent: search with confidence 0.1537 in 0.001s", "module": "intent_classifier", "function": "predict", "line": 293}
{"timestamp": "2025-12-03T16:23:54.298760", "level": "INFO", "logger": "assistant.intent_classifier", "message": "ML Event: prediction", "module": "logger", "function": "log_ml_event", "line": 122, "event_type": "prediction", "input_text": "here's what i found about sis' graduate school of technology.", "prediction": "search", "confidence": 0.07411033972294764, "processing_time_ms": 1.7278194427490234}
{"timestamp": "2025-12-03T16:23:54.298865", "level": "DEBUG", "logger": "assistant.intent_classifier", "message": "Predicted intent: search with confidence 0.0741 in 0.002s", "module": "intent_classifier", "function": "predict", "line": 293}
{"timestamp": "2025-12-03T16:24:20.717841", "level": "INFO", "logger": "assistant.intent_classifier", "message": "ML Event: prediction", "module": "logger", "function": "log_ml_event", "line": 122, "event_type": "prediction", "input_text": "for fies gradu", "prediction": "open_application", "confidence": 0.04222792017740702, "processing_time_ms": 1.6448497772216797}
{"timestamp": "2025-12-03T16:24:20.717974", "level": "DEBUG", "logger": "assistant.intent_classifier", "message": "Predicted intent: open_application with confidence 0.0422 in 0.002s", "module": "intent_classifier", "function": "predict", "line": 293}
{"timestamp": "2025-12-03T16:24:39.978771", "level": "INFO", "logger": "assistant.intent_classifier", "message": "ML Event: prediction", "module": "logger", "function": "log_ml_event", "line": 122, "event_type": "prediction", "input_text": "where i am", "prediction": "open_application", "confidence": 0.04222792017740702, "processing_time_ms": 1.2068748474121094}
{"timestamp": "2025-12-03T16:24:39.978878", "level": "DEBUG", "logger": "assistant.intent_classifier", "message": "Predicted intent: open_application with confidence 0.0422 in 0.001s", "module": "intent_classifier", "function": "predict", "line": 293}
{"timestamp": "2025-12-03T16:25:03.086243", "level": "INFO", "logger": "assistant.intent_classifier", "message": "ML Event: prediction", "module": "logger", "function": "log_ml_event", "line": 122, "event_type": "prediction", "input_text": "location", "prediction": "location_services", "confidence": 0.4604469603469804, "processing_time_ms": 1.4057159423828125}
{"timestamp": "2025-12-03T16:25:03.086367", "level": "DEBUG", "logger": "assistant.intent_classifier", "message": "Predicted intent: location_services with confidence 0.4604 in 0.001s", "module": "intent_classifier", "function": "predict", "line": 293}
{"timestamp": "2025-12-03T16:25:19.268010", "level": "INFO", "logger": "assistant.intent_classifier", "message": "ML Event: prediction", "module": "logger", "function": "log_ml_event", "line": 122, "event_type": "prediction", "input_text": "what is my location", "prediction": "location_services", "confidence": 0.4604469603469804, "processing_time_ms": 1.2538433074951172}
{"timestamp": "2025-12-03T16:25:19.268101", "level": "DEBUG", "logger": "assistant.intent_classifier", "message": "Predicted intent: location_services with confidence 0.4604 in 0.001s", "module": "intent_classifier", "function": "predict", "line": 293}
{"timestamp": "2025-12-03T16:25:30.265546", "level": "INFO", "logger": "assistant.intent_classifier", "message": "ML Event: prediction", "module": "logger", "function": "log_ml_event", "line": 122, "event_type": "prediction", "input_text": "maharashtra in", "prediction": "open_application", "confidence": 0.04222792017740702, "processing_time_ms": 1.2404918670654297}
{"timestamp": "2025-12-03T16:25:30.265634", "level": "DEBUG", "logger": "assistant.intent_classifier", "message": "Predicted intent: open_application with confidence 0.0422 in 0.001s", "module": "intent_classifier", "function": "predict", "line": 293}
{"timestamp": "2025-12-03T16:25:52.116286", "level": "INFO", "logger": "assistant.intent_classifier", "message": "ML Event: prediction", "module": "logger", "function": "log_ml_event", "line": 122, "event_type": "prediction", "input_text": "how much time", "prediction": "open_application", "confidence": 0.04222792017740702, "processing_time_ms": 1.4472007751464844}
{"timestamp": "2025-12-03T16:25:52.116378", "level": "DEBUG", "logger": "assistant.intent_classifier", "message": "Predicted intent: open_application with confidence 0.0422 in 0.001s", "module": "intent_classifier", "function": "predict", "line": 293}
{"timestamp": "2025-12-03T16:42:05.719946", "level": "INFO", "logger": "assistant.intent_classifier", "message": "Model loaded successfully from c:\\Users\\Admin\\OneDrive\\Desktop\\Coding\\AI\\models\\intent_classifier.pkl, intents: 30", "module": "intent_classifier", "function": "load_model", "line": 348}
{"timestamp": "2025-12-03T16:42:05.720584", "level": "INFO", "logger": "assistant.intent_classifier", "message": "Intent classifier quantized using float16 method", "module": "intent_classifier", "function": "quantize_model", "line": 382}
{"timestamp": "2025-12-03T16:42:05.724978", "level": "INFO", "logger": "assistant.intent_classifier", "message": "Model loaded successfully from c:\\Users\\Admin\\OneDrive\\Desktop\\Coding\\AI\\models\\intent_classifier.pkl, intents: 30", "module": "intent_classifier", "function": "load_model", "line": 348}
{"timestamp": "2025-12-03T16:42:05.725276", "level": "INFO", "logger": "assistant.intent_classifier", "message": "Intent classifier quantized using float16 method", "module": "intent_classifier", "function": "quantize_model", "line": 382}
{"timestamp": "2025-12-03T16:54:49.303027", "level": "INFO", "logger": "assistant.intent_classifier", "message": "Model loaded successfully from c:\\Users\\Admin\\OneDrive\\Desktop\\Coding\\AI\\models\\intent_classifier.pkl, intents: 30", "module": "intent_classifier", "function": "load_model", "line": 348}
{"timestamp": "2025-12-03T16:54:49.303436", "level": "INFO", "logger": "assistant.intent_classifier", "message": "Intent classifier quantized using float16 method", "module": "intent_classifier", "function": "quantize_model", "line": 382}
{"timestamp": "2025-12-03T16:54:49.306690", "level": "INFO", "logger": "assistant.intent_classifier", "message": "Model loaded successfully from c:\\Users\\Admin\\OneDrive\\Desktop\\Coding\\AI\\models\\intent_classifier.pkl, intents: 30", "module": "intent_classifier", "function": "load_model", "line": 348}
{"timestamp": "2025-12-03T16:54:49.306900", "level": "INFO", "logger": "assistant.intent_classifier", "message": "Intent classifier quantized using float16 method", "module": "intent_classifier", "function": "quantize_model", "line": 382}
{"timestamp": "2025-12-03T16:56:26.973145", "level": "INFO", "logger": "assistant.intent_classifier", "message": "Model loaded successfully from c:\\Users\\Admin\\OneDrive\\Desktop\\Coding\\AI\\models\\intent_classifier.pkl, intents: 30", "module": "intent_classifier", "function": "load_model", "line": 348}
{"timestamp": "2025-12-03T16:56:26.973551", "level": "INFO", "logger": "assistant.intent_classifier", "message": "Intent classifier quantized using float16 method", "module": "intent_classifier", "function": "quantize_model", "line": 382}
{"timestamp": "2025-12-03T16:56:26.977382", "level": "INFO", "logger": "assistant.intent_classifier", "message": "Model loaded successfully from c:\\Users\\Admin\\OneDrive\\Desktop\\Coding\\AI\\models\\intent_classifier.pkl, intents: 30", "module": "intent_classifier", "function": "load_model", "line": 348}
{"timestamp": "2025-12-03T16:56:26.977761", "level": "INFO", "logger": "assistant.intent_classifier", "message": "Intent classifier quantized using float16 method", "module": "intent_classifier", "function": "quantize_model", "line": 382}
{"timestamp": "2025-12-03T16:57:34.176561", "level": "INFO", "logger": "assistant.intent_classifier", "message": "Model loaded successfully from c:\\Users\\Admin\\OneDrive\\Desktop\\Coding\\AI\\models\\intent_classifier.pkl, intents: 30", "module": "intent_classifier", "function": "load_model", "line": 348}
{"timestamp": "2025-12-03T16:57:34.177056", "level": "INFO", "logger": "assistant.intent_classifier", "message": "Intent classifier quantized using float16 method", "module": "intent_classifier", "function": "quantize_model", "line": 382}
{"timestamp": "2025-12-03T16:57:34.180364", "level": "INFO", "logger": "assistant.intent_classifier", "message": "Model loaded successfully from c:\\Users\\Admin\\OneDrive\\Desktop\\Coding\\AI\\models\\intent_classifier.pkl, intents: 30", "module": "intent_classifier", "function": "load_model", "line": 348}
{"timestamp": "2025-12-03T16:57:34.180655", "level": "INFO", "logger": "assistant.intent_classifier", "message": "Intent classifier quantized using float16 method", "module": "intent_classifier", "function": "quantize_model", "line": 382}
{"timestamp": "2025-12-03T17:04:44.945236", "level": "INFO", "logger": "assistant.intent_classifier", "message": "Model loaded successfully from c:\\Users\\Admin\\OneDrive\\Desktop\\Coding\\AI\\models\\intent_classifier.pkl, intents: 30", "module": "intent_classifier", "function": "load_model", "line": 348}
{"timestamp": "2025-12-03T17:04:44.945567", "level": "INFO", "logger": "assistant.intent_classifier", "message": "Intent classifier quantized using float16 method", "module": "intent_classifier", "function": "quantize_model", "line": 382}
{"timestamp": "2025-12-03T17:04:44.949078", "level": "INFO", "logger": "assistant.intent_classifier", "message": "Model loaded successfully from c:\\Users\\Admin\\OneDrive\\Desktop\\Coding\\AI\\models\\intent_classifier.pkl, intents: 30", "module": "intent_classifier", "function": "load_model", "line": 348}
{"timestamp": "2025-12-03T17:04:44.949459", "level": "INFO", "logger": "assistant.intent_classifier", "message": "Intent classifier quantized using float16 method", "module": "intent_classifier", "function": "quantize_model", "line": 382}
{"timestamp": "2025-12-03T17:05:02.435774", "level": "INFO", "logger": "assistant.intent_classifier", "message": "ML Event: prediction", "module": "logger", "function": "log_ml_event", "line": 122, "event_type": "prediction", "input_text": "open age", "prediction": "web_browsing", "confidence": 0.12816115121814037, "processing_time_ms": 2299.6153831481934}
{"timestamp": "2025-12-03T17:05:02.435922", "level": "DEBUG", "logger": "assistant.intent_classifier", "message": "Predicted intent: web_browsing with confidence 0.1282 in 2.300s", "module": "intent_classifier", "function": "predict", "line": 293}
{"timestamp": "2025-12-03T17:05:20.972660", "level": "INFO", "logger": "assistant.intent_classifier", "message": "ML Event: prediction", "module": "logger", "function": "log_ml_event", "line": 122, "event_type": "prediction", "input_text": "open edge", "prediction": "web_browsing", "confidence": 0.12816115121814037, "processing_time_ms": 1.3315677642822266}
{"timestamp": "2025-12-03T17:05:20.972746", "level": "DEBUG", "logger": "assistant.intent_classifier", "message": "Predicted intent: web_browsing with confidence 0.1282 in 0.001s", "module": "intent_classifier", "function": "predict", "line": 293}
{"timestamp": "2025-12-03T17:05:31.334585", "level": "INFO", "logger": "assistant.intent_classifier", "message": "ML Event: prediction", "module": "logger", "function": "log_ml_event", "line": 122, "event_type": "prediction", "input_text": "search for what is the", "prediction": "search", "confidence": 0.16693848316925036, "processing_time_ms": 1.2791156768798828}
{"timestamp": "2025-12-03T17:05:31.334671", "level": "DEBUG", "logger": "assistant.intent_classifier", "message": "Predicted intent: search with confidence 0.1669 in 0.001s", "module": "intent_classifier", "function": "predict", "line": 293}
{"timestamp": "2025-12-03T19:54:51.239219", "level": "INFO", "logger": "assistant.intent_classifier", "message": "Model loaded successfully from c:\\Users\\Admin\\OneDrive\\Desktop\\Coding\\AI\\models\\intent_classifier.pkl, intents: 30", "module": "intent_classifier", "function": "load_model", "line": 348}
{"timestamp": "2025-12-03T19:54:51.239781", "level": "INFO", "logger": "assistant.intent_classifier", "message": "Intent classifier quantized using float16 method", "module": "intent_classifier", "function": "quantize_model", "line": 382}
{"timestamp": "2025-12-03T19:54:51.243201", "level": "INFO", "logger": "assistant.intent_classifier", "message": "Model loaded successfully from c:\\Users\\Admin\\OneDrive\\Desktop\\Coding\\AI\\models\\intent_classifier.pkl, intents: 30", "module": "intent_classifier", "function": "load_model", "line": 348}
{"timestamp": "2025-12-03T19:54:51.243477", "level": "INFO", "logger": "assistant.intent_classifier", "message": "Intent classifier quantized using float16 method", "module": "intent_classifier", "function": "quantize_model", "line": 382}
{"timestamp": "2025-12-03T19:55:55.318831", "level": "INFO", "logger": "assistant.intent_classifier", "message": "Model loaded successfully from c:\\Users\\Admin\\OneDrive\\Desktop\\Coding\\AI\\models\\intent_classifier.pkl, intents: 30", "module": "intent_classifier", "function": "load_model", "line": 348}
{"timestamp": "2025-12-03T19:55:55.319331", "level": "INFO", "logger": "assistant.intent_classifier", "message": "Intent classifier quantized using float16 method", "module": "intent_classifier", "function": "quantize_model", "line": 382}
{"timestamp": "2025-12-03T19:55:55.323152", "level": "INFO", "logger": "assistant.intent_classifier", "message": "Model loaded successfully from c:\\Users\\Admin\\OneDrive\\Desktop\\Coding\\AI\\models\\intent_classifier.pkl, intents: 30", "module": "intent_classifier", "function": "load_model", "line": 348}
{"timestamp": "2025-12-03T19:55:55.323407", "level": "INFO", "logger": "assistant.intent_classifier", "message": "Intent classifier quantized using float16 method", "module": "intent_classifier", "function": "quantize_model", "line": 382}
{"timestamp": "2025-12-03T19:56:16.375829", "level": "INFO", "logger": "assistant.intent_classifier", "message": "ML Event: prediction", "module": "logger", "function": "log_ml_event", "line": 122, "event_type": "prediction", "input_text": "open edge", "prediction": "web_browsing", "confidence": 0.12816115121814037, "processing_time_ms": 2998.5547065734863}
{"timestamp": "2025-12-03T19:56:16.376111", "level": "DEBUG", "logger": "assistant.intent_classifier", "message": "Predicted intent: web_browsing with confidence 0.1282 in 2.999s", "module": "intent_classifier", "function": "predict", "line": 293}
{"timestamp": "2025-12-03T19:56:26.142324", "level": "INFO", "logger": "assistant.intent_classifier", "message": "ML Event: prediction", "module": "logger", "function": "log_ml_event", "line": 122, "event_type": "prediction", "input_text": "put today burning.", "prediction": "news_reporting", "confidence": 0.045733761965206364, "processing_time_ms": 2.35748291015625}
{"timestamp": "2025-12-03T19:56:26.142501", "level": "DEBUG", "logger": "assistant.intent_classifier", "message": "Predicted intent: news_reporting with confidence 0.0457 in 0.002s", "module": "intent_classifier", "function": "predict", "line": 293}
{"timestamp": "2025-12-03T19:56:53.078433", "level": "INFO", "logger": "assistant.intent_classifier", "message": "ML Event: prediction", "module": "logger", "function": "log_ml_event", "line": 122, "event_type": "prediction", "input_text": "then the care finds himselfbly", "prediction": "open_application", "confidence": 0.04222792017740702, "processing_time_ms": 1.9478797912597656}
{"timestamp": "2025-12-03T19:56:53.078593", "level": "DEBUG", "logger": "assistant.intent_classifier", "message": "Predicted intent: open_application with confidence 0.0422 in 0.002s", "module": "intent_classifier", "function": "predict", "line": 293}
{"timestamp": "2025-12-03T19:57:02.407954", "level": "INFO", "logger": "assistant.intent_classifier", "message": "ML Event: prediction", "module": "logger", "function": "log_ml_event", "line": 122, "event_type": "prediction", "input_text": "kuttiya kam kahe nahin karte", "prediction": "open_application", "confidence": 0.04222792017740702, "processing_time_ms": 1.880645751953125}
{"timestamp": "2025-12-03T19:57:02.408113", "level": "DEBUG", "logger": "assistant.intent_classifier", "message": "Predicted intent: open_application with confidence 0.0422 in 0.002s", "module": "intent_classifier", "function": "predict", "line": 293}
{"timestamp": "2025-12-03T19:57:21.916199", "level": "INFO", "logger": "assistant.intent_classifier", "message": "ML Event: prediction", "module": "logger", "function": "log_ml_event", "line": 122, "event_type": "prediction", "input_text": "chrome khol", "prediction": "system_control", "confidence": 0.06371949299485252, "processing_time_ms": 1.3306140899658203}
{"timestamp": "2025-12-03T19:57:21.916294", "level": "DEBUG", "logger": "assistant.intent_classifier", "message": "Predicted intent: system_control with confidence 0.0637 in 0.001s", "module": "intent_classifier", "function": "predict", "line": 293}
{"timestamp": "2025-12-03T19:57:43.609591", "level": "INFO", "logger": "assistant.intent_classifier", "message": "ML Event: prediction", "module": "logger", "function": "log_ml_event", "line": 122, "event_type": "prediction", "input_text": "i feel so ready.", "prediction": "open_application", "confidence": 0.04222792017740702, "processing_time_ms": 1.539468765258789}
{"timestamp": "2025-12-03T19:57:43.609725", "level": "DEBUG", "logger": "assistant.intent_classifier", "message": "Predicted intent: open_application with confidence 0.0422 in 0.002s", "module": "intent_classifier", "function": "predict", "line": 293}
{"timestamp": "2025-12-03T20:04:44.869518", "level": "INFO", "logger": "assistant.intent_classifier", "message": "Model loaded successfully from c:\\Users\\Admin\\OneDrive\\Desktop\\Coding\\AI\\models\\intent_classifier.pkl, intents: 30", "module": "intent_classifier", "function": "load_model", "line": 348}
{"timestamp": "2025-12-03T20:04:44.869924", "level": "INFO", "logger": "assistant.intent_classifier", "message": "Intent classifier quantized using float16 method", "module": "intent_classifier", "function": "quantize_model", "line": 382}
{"timestamp": "2025-12-03T20:04:44.873377", "level": "INFO", "logger": "assistant.intent_classifier", "message": "Model loaded successfully from c:\\Users\\Admin\\OneDrive\\Desktop\\Coding\\AI\\models\\intent_classifier.pkl, intents: 30", "module": "intent_classifier", "function": "load_model", "line": 348}
{"timestamp": "2025-12-03T20:04:44.873636", "level": "INFO", "logger": "assistant.intent_classifier", "message": "Intent classifier quantized using float16 method", "module": "intent_classifier", "function": "quantize_model", "line": 382}
{"timestamp": "2026-04-04T14:30:32.511184", "level": "INFO", "logger": "assistant.intent_classifier", "message": "Model loaded successfully from D:\\code\\Ai\\models\\intent_classifier.pkl, intents: 30", "module": "intent_classifier", "function": "load_model", "line": 348}
{"timestamp": "2026-04-04T14:30:32.512701", "level": "INFO", "logger": "assistant.intent_classifier", "message": "Intent classifier quantized using float16 method", "module": "intent_classifier", "function": "quantize_model", "line": 382}
{"timestamp": "2026-04-04T14:30:32.553226", "level": "INFO", "logger": "assistant.intent_classifier", "message": "Model loaded successfully from D:\\code\\Ai\\models\\intent_classifier.pkl, intents: 30", "module": "intent_classifier", "function": "load_model", "line": 348}
{"timestamp": "2026-04-04T14:30:32.553639", "level": "INFO", "logger": "assistant.intent_classifier", "message": "Intent classifier quantized using float16 method", "module": "intent_classifier", "function": "quantize_model", "line": 382}
{"timestamp": "2026-04-04T14:30:59.390383", "level": "INFO", "logger": "assistant.intent_classifier", "message": "Model loaded successfully from D:\\code\\Ai\\models\\intent_classifier.pkl, intents: 30", "module": "intent_classifier", "function": "load_model", "line": 348}
{"timestamp": "2026-04-04T14:30:59.391120", "level": "INFO", "logger": "assistant.intent_classifier", "message": "Intent classifier quantized using float16 method", "module": "intent_classifier", "function": "quantize_model", "line": 382}
{"timestamp": "2026-04-04T14:30:59.402438", "level": "INFO", "logger": "assistant.intent_classifier", "message": "Model loaded successfully from D:\\code\\Ai\\models\\intent_classifier.pkl, intents: 30", "module": "intent_classifier", "function": "load_model", "line": 348}
{"timestamp": "2026-04-04T14:30:59.402981", "level": "INFO", "logger": "assistant.intent_classifier", "message": "Intent classifier quantized using float16 method", "module": "intent_classifier", "function": "quantize_model", "line": 382}
{"timestamp": "2026-04-04T14:30:59.407874", "level": "WARNING", "logger": "assistant.intent_classifier", "message": "ML Event: error_analysis", "module": "logger", "function": "log_ml_event", "line": 122, "event_type": "error_analysis", "error_type": "LookupError", "error_message": "\n**********************************************************************\n  Resource 'punkt_tab' not found.\n  Please use the NLTK Downloader to obtain the resource:\n\n  >>> import nltk\n  >>> nltk.download('punkt_tab')\n\n  For more information see: https://www.nltk.org/data.html\n\n  Attempted to load 'tokenizers/punkt_tab/english/'\n\n  Searched in:\n    - 'C:\\\\Users\\\\alokk/nltk_data'\n    - 'D:\\\\code\\\\Ai\\\\.venv\\\\nltk_data'\n    - 'D:\\\\code\\\\Ai\\\\.venv\\\\share\\\\nltk_data'\n    - 'D:\\\\code\\\\Ai\\\\.venv\\\\lib\\\\nltk_data'\n    - 'C:\\\\Users\\\\alokk\\\\AppData\\\\Roaming\\\\nltk_data'\n    - 'C:\\\\nltk_data'\n    - 'D:\\\\nltk_data'\n    - 'E:\\\\nltk_data'\n**********************************************************************\n", "context": {"operation": "prediction", "input_text": "open chrome", "processing_time": 0.004700422286987305}}
{"timestamp": "2026-04-04T14:30:59.408312", "level": "ERROR", "logger": "assistant.intent_classifier", "message": "Prediction failed for text: open chrome...: \n**********************************************************************\n  Resource 'punkt_tab' not found.\n  Please use the NLTK Downloader to obtain the resource:\n\n  >>> import nltk\n  >>> nltk.download('punkt_tab')\n\n  For more information see: https://www.nltk.org/data.html\n\n  Attempted to load 'tokenizers/punkt_tab/english/'\n\n  Searched in:\n    - 'C:\\\\Users\\\\alokk/nltk_data'\n    - 'D:\\\\code\\\\Ai\\\\.venv\\\\nltk_data'\n    - 'D:\\\\code\\\\Ai\\\\.venv\\\\share\\\\nltk_data'\n    - 'D:\\\\code\\\\Ai\\\\.venv\\\\lib\\\\nltk_data'\n    - 'C:\\\\Users\\\\alokk\\\\AppData\\\\Roaming\\\\nltk_data'\n    - 'C:\\\\nltk_data'\n    - 'D:\\\\nltk_data'\n    - 'E:\\\\nltk_data'\n**********************************************************************\n", "module": "intent_classifier", "function": "predict", "line": 304}
{"timestamp": "2026-04-04T14:30:59.448637", "level": "WARNING", "logger": "assistant.intent_classifier", "message": "ML Event: error_analysis", "module": "logger", "function": "log_ml_event", "line": 122, "event_type": "error_analysis", "error_type": "LookupError", "error_message": "\n**********************************************************************\n  Resource 'punkt_tab' not found.\n  Please use the NLTK Downloader to obtain the resource:\n\n  >>> import nltk\n  >>> nltk.download('punkt_tab')\n\n  For more information see: https://www.nltk.org/data.html\n\n  Attempted to load 'tokenizers/punkt_tab/english/'\n\n  Searched in:\n    - 'C:\\\\Users\\\\alokk/nltk_data'\n    - 'D:\\\\code\\\\Ai\\\\.venv\\\\nltk_data'\n    - 'D:\\\\code\\\\Ai\\\\.venv\\\\share\\\\nltk_data'\n    - 'D:\\\\code\\\\Ai\\\\.venv\\\\lib\\\\nltk_data'\n    - 'C:\\\\Users\\\\alokk\\\\AppData\\\\Roaming\\\\nltk_data'\n    - 'C:\\\\nltk_data'\n    - 'D:\\\\nltk_data'\n    - 'E:\\\\nltk_data'\n**********************************************************************\n", "context": {"operation": "prediction", "input_text": "volume up", "processing_time": 0.003912687301635742}}
{"timestamp": "2026-04-04T14:30:59.449036", "level": "ERROR", "logger": "assistant.intent_classifier", "message": "Prediction failed for text: volume up...: \n**********************************************************************\n  Resource 'punkt_tab' not found.\n  Please use the NLTK Downloader to obtain the resource:\n\n  >>> import nltk\n  >>> nltk.download('punkt_tab')\n\n  For more information see: https://www.nltk.org/data.html\n\n  Attempted to load 'tokenizers/punkt_tab/english/'\n\n  Searched in:\n    - 'C:\\\\Users\\\\alokk/nltk_data'\n    - 'D:\\\\code\\\\Ai\\\\.venv\\\\nltk_data'\n    - 'D:\\\\code\\\\Ai\\\\.venv\\\\share\\\\nltk_data'\n    - 'D:\\\\code\\\\Ai\\\\.venv\\\\lib\\\\nltk_data'\n    - 'C:\\\\Users\\\\alokk\\\\AppData\\\\Roaming\\\\nltk_data'\n    - 'C:\\\\nltk_data'\n    - 'D:\\\\nltk_data'\n    - 'E:\\\\nltk_data'\n**********************************************************************\n", "module": "intent_classifier", "function": "predict", "line": 304}
{"timestamp": "2026-04-04T14:30:59.453758", "level": "WARNING", "logger": "assistant.intent_classifier", "message": "ML Event: error_analysis", "module": "logger", "function": "log_ml_event", "line": 122, "event_type": "error_analysis", "error_type": "LookupError", "error_message": "\n**********************************************************************\n  Resource 'punkt_tab' not found.\n  Please use the NLTK Downloader to obtain the resource:\n\n  >>> import nltk\n  >>> nltk.download('punkt_tab')\n\n  For more information see: https://www.nltk.org/data.html\n\n  Attempted to load 'tokenizers/punkt_tab/english/'\n\n  Searched in:\n    - 'C:\\\\Users\\\\alokk/nltk_data'\n    - 'D:\\\\code\\\\Ai\\\\.venv\\\\nltk_data'\n    - 'D:\\\\code\\\\Ai\\\\.venv\\\\share\\\\nltk_data'\n    - 'D:\\\\code\\\\Ai\\\\.venv\\\\lib\\\\nltk_data'\n    - 'C:\\\\Users\\\\alokk\\\\AppData\\\\Roaming\\\\nltk_data'\n    - 'C:\\\\nltk_data'\n    - 'D:\\\\nltk_data'\n    - 'E:\\\\nltk_data'\n**********************************************************************\n", "context": {"operation": "prediction", "input_text": "take screenshot", "processing_time": 0.0042667388916015625}}
{"timestamp": "2026-04-04T14:30:59.454058", "level": "ERROR", "logger": "assistant.intent_classifier", "message": "Prediction failed for text: take screenshot...: \n**********************************************************************\n  Resource 'punkt_tab' not found.\n  Please use the NLTK Downloader to obtain the resource:\n\n  >>> import nltk\n  >>> nltk.download('punkt_tab')\n\n  For more information see: https://www.nltk.org/data.html\n\n  Attempted to load 'tokenizers/punkt_tab/english/'\n\n  Searched in:\n    - 'C:\\\\Users\\\\alokk/nltk_data'\n    - 'D:\\\\code\\\\Ai\\\\.venv\\\\nltk_data'\n    - 'D:\\\\code\\\\Ai\\\\.venv\\\\share\\\\nltk_data'\n    - 'D:\\\\code\\\\Ai\\\\.venv\\\\lib\\\\nltk_data'\n    - 'C:\\\\Users\\\\alokk\\\\AppData\\\\Roaming\\\\nltk_data'\n    - 'C:\\\\nltk_data'\n    - 'D:\\\\nltk_data'\n    - 'E:\\\\nltk_data'\n**********************************************************************\n", "module": "intent_classifier", "function": "predict", "line": 304}
{"timestamp": "2026-04-04T14:30:59.458320", "level": "WARNING", "logger": "assistant.intent_classifier", "message": "ML Event: error_analysis", "module": "logger", "function": "log_ml_event", "line": 122, "event_type": "error_analysis", "error_type": "LookupError", "error_message": "\n**********************************************************************\n  Resource 'punkt_tab' not found.\n  Please use the NLTK Downloader to obtain the resource:\n\n  >>> import nltk\n  >>> nltk.download('punkt_tab')\n\n  For more information see: https://www.nltk.org/data.html\n\n  Attempted to load 'tokenizers/punkt_tab/english/'\n\n  Searched in:\n    - 'C:\\\\Users\\\\alokk/nltk_data'\n    - 'D:\\\\code\\\\Ai\\\\.venv\\\\nltk_data'\n    - 'D:\\\\code\\\\Ai\\\\.venv\\\\share\\\\nltk_data'\n    - 'D:\\\\code\\\\Ai\\\\.venv\\\\lib\\\\nltk_data'\n    - 'C:\\\\Users\\\\alokk\\\\AppData\\\\Roaming\\\\nltk_data'\n    - 'C:\\\\nltk_data'\n    - 'D:\\\\nltk_data'\n    - 'E:\\\\nltk_data'\n**********************************************************************\n", "context": {"operation": "prediction", "input_text": "search for python", "processing_time": 0.003771066665649414}}
{"timestamp": "2026-04-04T14:30:59.458547", "level": "ERROR", "logger": "assistant.intent_classifier", "message": "Prediction failed for text: search for python...: \n**********************************************************************\n  Resource 'punkt_tab' not found.\n  Please use the NLTK Downloader to obtain the resource:\n\n  >>> import nltk\n  >>> nltk.download('punkt_tab')\n\n  For more information see: https://www.nltk.org/data.html\n\n  Attempted to load 'tokenizers/punkt_tab/english/'\n\n  Searched in:\n    - 'C:\\\\Users\\\\alokk/nltk_data'\n    - 'D:\\\\code\\\\Ai\\\\.venv\\\\nltk_data'\n    - 'D:\\\\code\\\\Ai\\\\.venv\\\\share\\\\nltk_data'\n    - 'D:\\\\code\\\\Ai\\\\.venv\\\\lib\\\\nltk_data'\n    - 'C:\\\\Users\\\\alokk\\\\AppData\\\\Roaming\\\\nltk_data'\n    - 'C:\\\\nltk_data'\n    - 'D:\\\\nltk_data'\n    - 'E:\\\\nltk_data'\n**********************************************************************\n", "module": "intent_classifier", "function": "predict", "line": 304}
{"timestamp": "2026-04-04T14:31:10.013820", "level": "INFO", "logger": "assistant.intent_classifier", "message": "Model loaded successfully from D:\\code\\Ai\\models\\intent_classifier.pkl, intents: 30", "module": "intent_classifier", "function": "load_model", "line": 348}
{"timestamp": "2026-04-04T14:31:10.015039", "level": "INFO", "logger": "assistant.intent_classifier", "message": "Intent classifier quantized using float16 method", "module": "intent_classifier", "function": "quantize_model", "line": 382}
{"timestamp": "2026-04-04T14:31:10.020379", "level": "INFO", "logger": "assistant.intent_classifier", "message": "Model loaded successfully from D:\\code\\Ai\\models\\intent_classifier.pkl, intents: 30", "module": "intent_classifier", "function": "load_model", "line": 348}
{"timestamp": "2026-04-04T14:31:10.020654", "level": "INFO", "logger": "assistant.intent_classifier", "message": "Intent classifier quantized using float16 method", "module": "intent_classifier", "function": "quantize_model", "line": 382}
{"timestamp": "2026-04-04T14:31:20.373883", "level": "INFO", "logger": "assistant.intent_classifier", "message": "Model loaded successfully from D:\\code\\Ai\\models\\intent_classifier.pkl, intents: 30", "module": "intent_classifier", "function": "load_model", "line": 348}
{"timestamp": "2026-04-04T14:31:20.374355", "level": "INFO", "logger": "assistant.intent_classifier", "message": "Intent classifier quantized using float16 method", "module": "intent_classifier", "function": "quantize_model", "line": 382}
{"timestamp": "2026-04-04T14:31:20.379095", "level": "INFO", "logger": "assistant.intent_classifier", "message": "Model loaded successfully from D:\\code\\Ai\\models\\intent_classifier.pkl, intents: 30", "module": "intent_classifier", "function": "load_model", "line": 348}
{"timestamp": "2026-04-04T14:31:20.379589", "level": "INFO", "logger": "assistant.intent_classifier", "message": "Intent classifier quantized using float16 method", "module": "intent_classifier", "function": "quantize_model", "line": 382}
{"timestamp": "2026-04-04T14:31:20.383779", "level": "WARNING", "logger": "assistant.intent_classifier", "message": "ML Event: error_analysis", "module": "logger", "function": "log_ml_event", "line": 122, "event_type": "error_analysis", "error_type": "LookupError", "error_message": "\n**********************************************************************\n  Resource 'punkt_tab' not found.\n  Please use the NLTK Downloader to obtain the resource:\n\n  >>> import nltk\n  >>> nltk.download('punkt_tab')\n\n  For more information see: https://www.nltk.org/data.html\n\n  Attempted to load 'tokenizers/punkt_tab/english/'\n\n  Searched in:\n    - 'C:\\\\Users\\\\alokk/nltk_data'\n    - 'D:\\\\code\\\\Ai\\\\.venv\\\\nltk_data'\n    - 'D:\\\\code\\\\Ai\\\\.venv\\\\share\\\\nltk_data'\n    - 'D:\\\\code\\\\Ai\\\\.venv\\\\lib\\\\nltk_data'\n    - 'C:\\\\Users\\\\alokk\\\\AppData\\\\Roaming\\\\nltk_data'\n    - 'C:\\\\nltk_data'\n    - 'D:\\\\nltk_data'\n    - 'E:\\\\nltk_data'\n**********************************************************************\n", "context": {"operation": "prediction", "input_text": "go to https://www.test.com", "processing_time": 0.0033121109008789062}}
{"timestamp": "2026-04-04T14:31:20.384108", "level": "ERROR", "logger": "assistant.intent_classifier", "message": "Prediction failed for text: go to https://www.test.com...: \n**********************************************************************\n  Resource 'punkt_tab' not found.\n  Please use the NLTK Downloader to obtain the resource:\n\n  >>> import nltk\n  >>> nltk.download('punkt_tab')\n\n  For more information see: https://www.nltk.org/data.html\n\n  Attempted to load 'tokenizers/punkt_tab/english/'\n\n  Searched in:\n    - 'C:\\\\Users\\\\alokk/nltk_data'\n    - 'D:\\\\code\\\\Ai\\\\.venv\\\\nltk_data'\n    - 'D:\\\\code\\\\Ai\\\\.venv\\\\share\\\\nltk_data'\n    - 'D:\\\\code\\\\Ai\\\\.venv\\\\lib\\\\nltk_data'\n    - 'C:\\\\Users\\\\alokk\\\\AppData\\\\Roaming\\\\nltk_data'\n    - 'C:\\\\nltk_data'\n    - 'D:\\\\nltk_data'\n    - 'E:\\\\nltk_data'\n**********************************************************************\n", "module": "intent_classifier", "function": "predict", "line": 304}
{"timestamp": "2026-04-04T14:31:21.416545", "level": "INFO", "logger": "assistant.intent_classifier", "message": "Model loaded successfully from D:\\code\\Ai\\models\\intent_classifier.pkl, intents: 30", "module": "intent_classifier", "function": "load_model", "line": 348}
{"timestamp": "2026-04-04T14:31:21.417181", "level": "INFO", "logger": "assistant.intent_classifier", "message": "Intent classifier quantized using float16 method", "module": "intent_classifier", "function": "quantize_model", "line": 382}
{"timestamp": "2026-04-04T14:31:21.425321", "level": "INFO", "logger": "assistant.intent_classifier", "message": "Model loaded successfully from D:\\code\\Ai\\models\\intent_classifier.pkl, intents: 30", "module": "intent_classifier", "function": "load_model", "line": 348}
{"timestamp": "2026-04-04T14:31:21.425661", "level": "INFO", "logger": "assistant.intent_classifier", "message": "Intent classifier quantized using float16 method", "module": "intent_classifier", "function": "quantize_model", "line": 382}
{"timestamp": "2026-04-04T14:31:21.428238", "level": "WARNING", "logger": "assistant.intent_classifier", "message": "ML Event: error_analysis", "module": "logger", "function": "log_ml_event", "line": 122, "event_type": "error_analysis", "error_type": "LookupError", "error_message": "\n**********************************************************************\n  Resource 'punkt_tab' not found.\n  Please use the NLTK Downloader to obtain the resource:\n\n  >>> import nltk\n  >>> nltk.download('punkt_tab')\n\n  For more information see: https://www.nltk.org/data.html\n\n  Attempted to load 'tokenizers/punkt_tab/english/'\n\n  Searched in:\n    - 'C:\\\\Users\\\\alokk/nltk_data'\n    - 'D:\\\\code\\\\Ai\\\\.venv\\\\nltk_data'\n    - 'D:\\\\code\\\\Ai\\\\.venv\\\\share\\\\nltk_data'\n    - 'D:\\\\code\\\\Ai\\\\.venv\\\\lib\\\\nltk_data'\n    - 'C:\\\\Users\\\\alokk\\\\AppData\\\\Roaming\\\\nltk_data'\n    - 'C:\\\\nltk_data'\n    - 'D:\\\\nltk_data'\n    - 'E:\\\\nltk_data'\n**********************************************************************\n", "context": {"operation": "prediction", "input_text": "go to", "processing_time": 0.0024118423461914062}}
{"timestamp": "2026-04-04T14:31:21.428348", "level": "ERROR", "logger": "assistant.intent_classifier", "message": "Prediction failed for text: go to...: \n**********************************************************************\n  Resource 'punkt_tab' not found.\n  Please use the NLTK Downloader to obtain the resource:\n\n  >>> import nltk\n  >>> nltk.download('punkt_tab')\n\n  For more information see: https://www.nltk.org/data.html\n\n  Attempted to load 'tokenizers/punkt_tab/english/'\n\n  Searched in:\n    - 'C:\\\\Users\\\\alokk/nltk_data'\n    - 'D:\\\\code\\\\Ai\\\\.venv\\\\nltk_data'\n    - 'D:\\\\code\\\\Ai\\\\.venv\\\\share\\\\nltk_data'\n    - 'D:\\\\code\\\\Ai\\\\.venv\\\\lib\\\\nltk_data'\n    - 'C:\\\\Users\\\\alokk\\\\AppData\\\\Roaming\\\\nltk_data'\n    - 'C:\\\\nltk_data'\n    - 'D:\\\\nltk_data'\n    - 'E:\\\\nltk_data'\n**********************************************************************\n", "module": "intent_classifier", "function": "predict", "line": 304}
{"timestamp": "2026-04-04T14:31:23.442910", "level": "INFO", "logger": "assistant.intent_classifier", "message": "Model loaded successfully from D:\\code\\Ai\\models\\intent_classifier.pkl, intents: 30", "module": "intent_classifier", "function": "load_model", "line": 348}
{"timestamp": "2026-04-04T14:31:23.443286", "level": "INFO", "logger": "assistant.intent_classifier", "message": "Intent classifier quantized using float16 method", "module": "intent_classifier", "function": "quantize_model", "line": 382}
{"timestamp": "2026-04-04T14:31:23.450470", "level": "INFO", "logger": "assistant.intent_classifier", "message": "Model loaded successfully from D:\\code\\Ai\\models\\intent_classifier.pkl, intents: 30", "module": "intent_classifier", "function": "load_model", "line": 348}
{"timestamp": "2026-04-04T14:31:23.450807", "level": "INFO", "logger": "assistant.intent_classifier", "message": "Intent classifier quantized using float16 method", "module": "intent_classifier", "function": "quantize_model", "line": 382}
{"timestamp": "2026-04-04T14:31:23.454310", "level": "WARNING", "logger": "assistant.intent_classifier", "message": "ML Event: error_analysis", "module": "logger", "function": "log_ml_event", "line": 122, "event_type": "error_analysis", "error_type": "LookupError", "error_message": "\n**********************************************************************\n  Resource 'punkt_tab' not found.\n  Please use the NLTK Downloader to obtain the resource:\n\n  >>> import nltk\n  >>> nltk.download('punkt_tab')\n\n  For more information see: https://www.nltk.org/data.html\n\n  Attempted to load 'tokenizers/punkt_tab/english/'\n\n  Searched in:\n    - 'C:\\\\Users\\\\alokk/nltk_data'\n    - 'D:\\\\code\\\\Ai\\\\.venv\\\\nltk_data'\n    - 'D:\\\\code\\\\Ai\\\\.venv\\\\share\\\\nltk_data'\n    - 'D:\\\\code\\\\Ai\\\\.venv\\\\lib\\\\nltk_data'\n    - 'C:\\\\Users\\\\alokk\\\\AppData\\\\Roaming\\\\nltk_data'\n    - 'C:\\\\nltk_data'\n    - 'D:\\\\nltk_data'\n    - 'E:\\\\nltk_data'\n**********************************************************************\n", "context": {"operation": "prediction", "input_text": "go to invalid-url", "processing_time": 0.003017425537109375}}
{"timestamp": "2026-04-04T14:31:23.454471", "level": "ERROR", "logger": "assistant.intent_classifier", "message": "Prediction failed for text: go to invalid-url...: \n**********************************************************************\n  Resource 'punkt_tab' not found.\n  Please use the NLTK Downloader to obtain the resource:\n\n  >>> import nltk\n  >>> nltk.download('punkt_tab')\n\n  For more information see: https://www.nltk.org/data.html\n\n  Attempted to load 'tokenizers/punkt_tab/english/'\n\n  Searched in:\n    - 'C:\\\\Users\\\\alokk/nltk_data'\n    - 'D:\\\\code\\\\Ai\\\\.venv\\\\nltk_data'\n    - 'D:\\\\code\\\\Ai\\\\.venv\\\\share\\\\nltk_data'\n    - 'D:\\\\code\\\\Ai\\\\.venv\\\\lib\\\\nltk_data'\n    - 'C:\\\\Users\\\\alokk\\\\AppData\\\\Roaming\\\\nltk_data'\n    - 'C:\\\\nltk_data'\n    - 'D:\\\\nltk_data'\n    - 'E:\\\\nltk_data'\n**********************************************************************\n", "module": "intent_classifier", "function": "predict", "line": 304}
{"timestamp": "2026-04-04T14:31:24.462787", "level": "INFO", "logger": "assistant.intent_classifier", "message": "Model loaded successfully from D:\\code\\Ai\\models\\intent_classifier.pkl, intents: 30", "module": "intent_classifier", "function": "load_model", "line": 348}
{"timestamp": "2026-04-04T14:31:24.463581", "level": "INFO", "logger": "assistant.intent_classifier", "message": "Intent classifier quantized using float16 method", "module": "intent_classifier", "function": "quantize_model", "line": 382}
{"timestamp": "2026-04-04T14:31:24.470009", "level": "INFO", "logger": "assistant.intent_classifier", "message": "Model loaded successfully from D:\\code\\Ai\\models\\intent_classifier.pkl, intents: 30", "module": "intent_classifier", "function": "load_model", "line": 348}
{"timestamp": "2026-04-04T14:31:24.470473", "level": "INFO", "logger": "assistant.intent_classifier", "message": "Intent classifier quantized using float16 method", "module": "intent_classifier", "function": "quantize_model", "line": 382}
{"timestamp": "2026-04-04T14:31:24.473438", "level": "WARNING", "logger": "assistant.intent_classifier", "message": "ML Event: error_analysis", "module": "logger", "function": "log_ml_event", "line": 122, "event_type": "error_analysis", "error_type": "LookupError", "error_message": "\n**********************************************************************\n  Resource 'punkt_tab' not found.\n  Please use the NLTK Downloader to obtain the resource:\n\n  >>> import nltk\n  >>> nltk.download('punkt_tab')\n\n  For more information see: https://www.nltk.org/data.html\n\n  Attempted to load 'tokenizers/punkt_tab/english/'\n\n  Searched in:\n    - 'C:\\\\Users\\\\alokk/nltk_data'\n    - 'D:\\\\code\\\\Ai\\\\.venv\\\\nltk_data'\n    - 'D:\\\\code\\\\Ai\\\\.venv\\\\share\\\\nltk_data'\n    - 'D:\\\\code\\\\Ai\\\\.venv\\\\lib\\\\nltk_data'\n    - 'C:\\\\Users\\\\alokk\\\\AppData\\\\Roaming\\\\nltk_data'\n    - 'C:\\\\nltk_data'\n    - 'D:\\\\nltk_data'\n    - 'E:\\\\nltk_data'\n**********************************************************************\n", "context": {"operation": "prediction", "input_text": "go to www.example.com", "processing_time": 0.0024712085723876953}}
{"timestamp": "2026-04-04T14:31:24.473567", "level": "ERROR", "logger": "assistant.intent_classifier", "message": "Prediction failed for text: go to www.example.com...: \n**********************************************************************\n  Resource 'punkt_tab' not found.\n  Please use the NLTK Downloader to obtain the resource:\n\n  >>> import nltk\n  >>> nltk.download('punkt_tab')\n\n  For more information see: https://www.nltk.org/data.html\n\n  Attempted to load 'tokenizers/punkt_tab/english/'\n\n  Searched in:\n    - 'C:\\\\Users\\\\alokk/nltk_data'\n    - 'D:\\\\code\\\\Ai\\\\.venv\\\\nltk_data'\n    - 'D:\\\\code\\\\Ai\\\\.venv\\\\share\\\\nltk_data'\n    - 'D:\\\\code\\\\Ai\\\\.venv\\\\lib\\\\nltk_data'\n    - 'C:\\\\Users\\\\alokk\\\\AppData\\\\Roaming\\\\nltk_data'\n    - 'C:\\\\nltk_data'\n    - 'D:\\\\nltk_data'\n    - 'E:\\\\nltk_data'\n**********************************************************************\n", "module": "intent_classifier", "function": "predict", "line": 304}
{"timestamp": "2026-04-04T14:31:25.484936", "level": "INFO", "logger": "assistant.intent_classifier", "message": "Model loaded successfully from D:\\code\\Ai\\models\\intent_classifier.pkl, intents: 30", "module": "intent_classifier", "function": "load_model", "line": 348}
{"timestamp": "2026-04-04T14:31:25.485691", "level": "INFO", "logger": "assistant.intent_classifier", "message": "Intent classifier quantized using float16 method", "module": "intent_classifier", "function": "quantize_model", "line": 382}
{"timestamp": "2026-04-04T14:31:25.492241", "level": "INFO", "logger": "assistant.intent_classifier", "message": "Model loaded successfully from D:\\code\\Ai\\models\\intent_classifier.pkl, intents: 30", "module": "intent_classifier", "function": "load_model", "line": 348}
{"timestamp": "2026-04-04T14:31:25.492505", "level": "INFO", "logger": "assistant.intent_classifier", "message": "Intent classifier quantized using float16 method", "module": "intent_classifier", "function": "quantize_model", "line": 382}
{"timestamp": "2026-04-04T14:31:25.496671", "level": "WARNING", "logger": "assistant.intent_classifier", "message": "ML Event: error_analysis", "module": "logger", "function": "log_ml_event", "line": 122, "event_type": "error_analysis", "error_type": "LookupError", "error_message": "\n**********************************************************************\n  Resource 'punkt_tab' not found.\n  Please use the NLTK Downloader to obtain the resource:\n\n  >>> import nltk\n  >>> nltk.download('punkt_tab')\n\n  For more information see: https://www.nltk.org/data.html\n\n  Attempted to load 'tokenizers/punkt_tab/english/'\n\n  Searched in:\n    - 'C:\\\\Users\\\\alokk/nltk_data'\n    - 'D:\\\\code\\\\Ai\\\\.venv\\\\nltk_data'\n    - 'D:\\\\code\\\\Ai\\\\.venv\\\\share\\\\nltk_data'\n    - 'D:\\\\code\\\\Ai\\\\.venv\\\\lib\\\\nltk_data'\n    - 'C:\\\\Users\\\\alokk\\\\AppData\\\\Roaming\\\\nltk_data'\n    - 'C:\\\\nltk_data'\n    - 'D:\\\\nltk_data'\n    - 'E:\\\\nltk_data'\n**********************************************************************\n", "context": {"operation": "prediction", "input_text": "go to https://www.google.com", "processing_time": 0.0036995410919189453}}
{"timestamp": "2026-04-04T14:31:25.496894", "level": "ERROR", "logger": "assistant.intent_classifier", "message": "Prediction failed for text: go to https://www.google.com...: \n**********************************************************************\n  Resource 'punkt_tab' not found.\n  Please use the NLTK Downloader to obtain the resource:\n\n  >>> import nltk\n  >>> nltk.download('punkt_tab')\n\n  For more information see: https://www.nltk.org/data.html\n\n  Attempted to load 'tokenizers/punkt_tab/english/'\n\n  Searched in:\n    - 'C:\\\\Users\\\\alokk/nltk_data'\n    - 'D:\\\\code\\\\Ai\\\\.venv\\\\nltk_data'\n    - 'D:\\\\code\\\\Ai\\\\.venv\\\\share\\\\nltk_data'\n    - 'D:\\\\code\\\\Ai\\\\.venv\\\\lib\\\\nltk_data'\n    - 'C:\\\\Users\\\\alokk\\\\AppData\\\\Roaming\\\\nltk_data'\n    - 'C:\\\\nltk_data'\n    - 'D:\\\\nltk_data'\n    - 'E:\\\\nltk_data'\n**********************************************************************\n", "module": "intent_classifier", "function": "predict", "line": 304}
{"timestamp": "2026-04-04T14:31:26.523068", "level": "INFO", "logger": "assistant.intent_classifier", "message": "Model loaded successfully from D:\\code\\Ai\\models\\intent_classifier.pkl, intents: 30", "module": "intent_classifier", "function": "load_model", "line": 348}
{"timestamp": "2026-04-04T14:31:26.523409", "level": "INFO", "logger": "assistant.intent_classifier", "message": "Intent classifier quantized using float16 method", "module": "intent_classifier", "function": "quantize_model", "line": 382}
{"timestamp": "2026-04-04T14:31:26.527967", "level": "INFO", "logger": "assistant.intent_classifier", "message": "Model loaded successfully from D:\\code\\Ai\\models\\intent_classifier.pkl, intents: 30", "module": "intent_classifier", "function": "load_model", "line": 348}
{"timestamp": "2026-04-04T14:31:26.528193", "level": "INFO", "logger": "assistant.intent_classifier", "message": "Intent classifier quantized using float16 method", "module": "intent_classifier", "function": "quantize_model", "line": 382}
{"timestamp": "2026-04-04T14:31:26.533420", "level": "WARNING", "logger": "assistant.intent_classifier", "message": "ML Event: error_analysis", "module": "logger", "function": "log_ml_event", "line": 122, "event_type": "error_analysis", "error_type": "LookupError", "error_message": "\n**********************************************************************\n  Resource 'punkt_tab' not found.\n  Please use the NLTK Downloader to obtain the resource:\n\n  >>> import nltk\n  >>> nltk.download('punkt_tab')\n\n  For more information see: https://www.nltk.org/data.html\n\n  Attempted to load 'tokenizers/punkt_tab/english/'\n\n  Searched in:\n    - 'C:\\\\Users\\\\alokk/nltk_data'\n    - 'D:\\\\code\\\\Ai\\\\.venv\\\\nltk_data'\n    - 'D:\\\\code\\\\Ai\\\\.venv\\\\share\\\\nltk_data'\n    - 'D:\\\\code\\\\Ai\\\\.venv\\\\lib\\\\nltk_data'\n    - 'C:\\\\Users\\\\alokk\\\\AppData\\\\Roaming\\\\nltk_data'\n    - 'C:\\\\nltk_data'\n    - 'D:\\\\nltk_data'\n    - 'E:\\\\nltk_data'\n**********************************************************************\n", "context": {"operation": "prediction", "input_text": "tell me the news", "processing_time": 0.0047473907470703125}}
{"timestamp": "2026-04-04T14:31:26.533916", "level": "ERROR", "logger": "assistant.intent_classifier", "message": "Prediction failed for text: tell me the news...: \n**********************************************************************\n  Resource 'punkt_tab' not found.\n  Please use the NLTK Downloader to obtain the resource:\n\n  >>> import nltk\n  >>> nltk.download('punkt_tab')\n\n  For more information see: https://www.nltk.org/data.html\n\n  Attempted to load 'tokenizers/punkt_tab/english/'\n\n  Searched in:\n    - 'C:\\\\Users\\\\alokk/nltk_data'\n    - 'D:\\\\code\\\\Ai\\\\.venv\\\\nltk_data'\n    - 'D:\\\\code\\\\Ai\\\\.venv\\\\share\\\\nltk_data'\n    - 'D:\\\\code\\\\Ai\\\\.venv\\\\lib\\\\nltk_data'\n    - 'C:\\\\Users\\\\alokk\\\\AppData\\\\Roaming\\\\nltk_data'\n    - 'C:\\\\nltk_data'\n    - 'D:\\\\nltk_data'\n    - 'E:\\\\nltk_data'\n**********************************************************************\n", "module": "intent_classifier", "function": "predict", "line": 304}
{"timestamp": "2026-04-04T14:31:27.547495", "level": "INFO", "logger": "assistant.intent_classifier", "message": "Model loaded successfully from D:\\code\\Ai\\models\\intent_classifier.pkl, intents: 30", "module": "intent_classifier", "function": "load_model", "line": 348}
{"timestamp": "2026-04-04T14:31:27.547980", "level": "INFO", "logger": "assistant.intent_classifier", "message": "Intent classifier quantized using float16 method", "module": "intent_classifier", "function": "quantize_model", "line": 382}
{"timestamp": "2026-04-04T14:31:27.555664", "level": "INFO", "logger": "assistant.intent_classifier", "message": "Model loaded successfully from D:\\code\\Ai\\models\\intent_classifier.pkl, intents: 30", "module": "intent_classifier", "function": "load_model", "line": 348}
{"timestamp": "2026-04-04T14:31:27.556138", "level": "INFO", "logger": "assistant.intent_classifier", "message": "Intent classifier quantized using float16 method", "module": "intent_classifier", "function": "quantize_model", "line": 382}
{"timestamp": "2026-04-04T14:31:27.560255", "level": "WARNING", "logger": "assistant.intent_classifier", "message": "ML Event: error_analysis", "module": "logger", "function": "log_ml_event", "line": 122, "event_type": "error_analysis", "error_type": "LookupError", "error_message": "\n**********************************************************************\n  Resource 'punkt_tab' not found.\n  Please use the NLTK Downloader to obtain the resource:\n\n  >>> import nltk\n  >>> nltk.download('punkt_tab')\n\n  For more information see: https://www.nltk.org/data.html\n\n  Attempted to load 'tokenizers/punkt_tab/english/'\n\n  Searched in:\n    - 'C:\\\\Users\\\\alokk/nltk_data'\n    - 'D:\\\\code\\\\Ai\\\\.venv\\\\nltk_data'\n    - 'D:\\\\code\\\\Ai\\\\.venv\\\\share\\\\nltk_data'\n    - 'D:\\\\code\\\\Ai\\\\.venv\\\\lib\\\\nltk_data'\n    - 'C:\\\\Users\\\\alokk\\\\AppData\\\\Roaming\\\\nltk_data'\n    - 'C:\\\\nltk_data'\n    - 'D:\\\\nltk_data'\n    - 'E:\\\\nltk_data'\n**********************************************************************\n", "context": {"operation": "prediction", "input_text": "news update", "processing_time": 0.003187894821166992}}
{"timestamp": "2026-04-04T14:31:27.560558", "level": "ERROR", "logger": "assistant.intent_classifier", "message": "Prediction failed for text: news update...: \n**********************************************************************\n  Resource 'punkt_tab' not found.\n  Please use the NLTK Downloader to obtain the resource:\n\n  >>> import nltk\n  >>> nltk.download('punkt_tab')\n\n  For more information see: https://www.nltk.org/data.html\n\n  Attempted to load 'tokenizers/punkt_tab/english/'\n\n  Searched in:\n    - 'C:\\\\Users\\\\alokk/nltk_data'\n    - 'D:\\\\code\\\\Ai\\\\.venv\\\\nltk_data'\n    - 'D:\\\\code\\\\Ai\\\\.venv\\\\share\\\\nltk_data'\n    - 'D:\\\\code\\\\Ai\\\\.venv\\\\lib\\\\nltk_data'\n    - 'C:\\\\Users\\\\alokk\\\\AppData\\\\Roaming\\\\nltk_data'\n    - 'C:\\\\nltk_data'\n    - 'D:\\\\nltk_data'\n    - 'E:\\\\nltk_data'\n**********************************************************************\n", "module": "intent_classifier", "function": "predict", "line": 304}
{"timestamp": "2026-04-04T14:31:28.574504", "level": "INFO", "logger": "assistant.intent_classifier", "message": "Model loaded successfully from D:\\code\\Ai\\models\\intent_classifier.pkl, intents: 30", "module": "intent_classifier", "function": "load_model", "line": 348}
{"timestamp": "2026-04-04T14:31:28.574959", "level": "INFO", "logger": "assistant.intent_classifier", "message": "Intent classifier quantized using float16 method", "module": "intent_classifier", "function": "quantize_model", "line": 382}
{"timestamp": "2026-04-04T14:31:28.584680", "level": "INFO", "logger": "assistant.intent_classifier", "message": "Model loaded successfully from D:\\code\\Ai\\models\\intent_classifier.pkl, intents: 30", "module": "intent_classifier", "function": "load_model", "line": 348}
{"timestamp": "2026-04-04T14:31:28.585192", "level": "INFO", "logger": "assistant.intent_classifier", "message": "Intent classifier quantized using float16 method", "module": "intent_classifier", "function": "quantize_model", "line": 382}
{"timestamp": "2026-04-04T14:31:28.588436", "level": "WARNING", "logger": "assistant.intent_classifier", "message": "ML Event: error_analysis", "module": "logger", "function": "log_ml_event", "line": 122, "event_type": "error_analysis", "error_type": "LookupError", "error_message": "\n**********************************************************************\n  Resource 'punkt_tab' not found.\n  Please use the NLTK Downloader to obtain the resource:\n\n  >>> import nltk\n  >>> nltk.download('punkt_tab')\n\n  For more information see: https://www.nltk.org/data.html\n\n  Attempted to load 'tokenizers/punkt_tab/english/'\n\n  Searched in:\n    - 'C:\\\\Users\\\\alokk/nltk_data'\n    - 'D:\\\\code\\\\Ai\\\\.venv\\\\nltk_data'\n    - 'D:\\\\code\\\\Ai\\\\.venv\\\\share\\\\nltk_data'\n    - 'D:\\\\code\\\\Ai\\\\.venv\\\\lib\\\\nltk_data'\n    - 'C:\\\\Users\\\\alokk\\\\AppData\\\\Roaming\\\\nltk_data'\n    - 'C:\\\\nltk_data'\n    - 'D:\\\\nltk_data'\n    - 'E:\\\\nltk_data'\n**********************************************************************\n", "context": {"operation": "prediction", "input_text": "get news", "processing_time": 0.002517223358154297}}
{"timestamp": "2026-04-04T14:31:28.588570", "level": "ERROR", "logger": "assistant.intent_classifier", "message": "Prediction failed for text: get news...: \n**********************************************************************\n  Resource 'punkt_tab' not found.\n  Please use the NLTK Downloader to obtain the resource:\n\n  >>> import nltk\n  >>> nltk.download('punkt_tab')\n\n  For more information see: https://www.nltk.org/data.html\n\n  Attempted to load 'tokenizers/punkt_tab/english/'\n\n  Searched in:\n    - 'C:\\\\Users\\\\alokk/nltk_data'\n    - 'D:\\\\code\\\\Ai\\\\.venv\\\\nltk_data'\n    - 'D:\\\\code\\\\Ai\\\\.venv\\\\share\\\\nltk_data'\n    - 'D:\\\\code\\\\Ai\\\\.venv\\\\lib\\\\nltk_data'\n    - 'C:\\\\Users\\\\alokk\\\\AppData\\\\Roaming\\\\nltk_data'\n    - 'C:\\\\nltk_data'\n    - 'D:\\\\nltk_data'\n    - 'E:\\\\nltk_data'\n**********************************************************************\n", "module": "intent_classifier", "function": "predict", "line": 304}
{"timestamp": "2026-04-04T14:31:30.332762", "level": "INFO", "logger": "assistant.intent_classifier", "message": "Model loaded successfully from D:\\code\\Ai\\models\\intent_classifier.pkl, intents: 30", "module": "intent_classifier", "function": "load_model", "line": 348}
{"timestamp": "2026-04-04T14:31:30.333333", "level": "INFO", "logger": "assistant.intent_classifier", "message": "Intent classifier quantized using float16 method", "module": "intent_classifier", "function": "quantize_model", "line": 382}
{"timestamp": "2026-04-04T14:31:30.340776", "level": "INFO", "logger": "assistant.intent_classifier", "message": "Model loaded successfully from D:\\code\\Ai\\models\\intent_classifier.pkl, intents: 30", "module": "intent_classifier", "function": "load_model", "line": 348}
{"timestamp": "2026-04-04T14:31:30.341069", "level": "INFO", "logger": "assistant.intent_classifier", "message": "Intent classifier quantized using float16 method", "module": "intent_classifier", "function": "quantize_model", "line": 382}
{"timestamp": "2026-04-04T14:31:30.344814", "level": "WARNING", "logger": "assistant.intent_classifier", "message": "ML Event: error_analysis", "module": "logger", "function": "log_ml_event", "line": 122, "event_type": "error_analysis", "error_type": "LookupError", "error_message": "\n**********************************************************************\n  Resource 'punkt_tab' not found.\n  Please use the NLTK Downloader to obtain the resource:\n\n  >>> import nltk\n  >>> nltk.download('punkt_tab')\n\n  For more information see: https://www.nltk.org/data.html\n\n  Attempted to load 'tokenizers/punkt_tab/english/'\n\n  Searched in:\n    - 'C:\\\\Users\\\\alokk/nltk_data'\n    - 'D:\\\\code\\\\Ai\\\\.venv\\\\nltk_data'\n    - 'D:\\\\code\\\\Ai\\\\.venv\\\\share\\\\nltk_data'\n    - 'D:\\\\code\\\\Ai\\\\.venv\\\\lib\\\\nltk_data'\n    - 'C:\\\\Users\\\\alokk\\\\AppData\\\\Roaming\\\\nltk_data'\n    - 'C:\\\\nltk_data'\n    - 'D:\\\\nltk_data'\n    - 'E:\\\\nltk_data'\n**********************************************************************\n", "context": {"operation": "prediction", "input_text": "latest news", "processing_time": 0.003321409225463867}}
{"timestamp": "2026-04-04T14:31:30.344962", "level": "ERROR", "logger": "assistant.intent_classifier", "message": "Prediction failed for text: latest news...: \n**********************************************************************\n  Resource 'punkt_tab' not found.\n  Please use the NLTK Downloader to obtain the resource:\n\n  >>> import nltk\n  >>> nltk.download('punkt_tab')\n\n  For more information see: https://www.nltk.org/data.html\n\n  Attempted to load 'tokenizers/punkt_tab/english/'\n\n  Searched in:\n    - 'C:\\\\Users\\\\alokk/nltk_data'\n    - 'D:\\\\code\\\\Ai\\\\.venv\\\\nltk_data'\n    - 'D:\\\\code\\\\Ai\\\\.venv\\\\share\\\\nltk_data'\n    - 'D:\\\\code\\\\Ai\\\\.venv\\\\lib\\\\nltk_data'\n    - 'C:\\\\Users\\\\alokk\\\\AppData\\\\Roaming\\\\nltk_data'\n    - 'C:\\\\nltk_data'\n    - 'D:\\\\nltk_data'\n    - 'E:\\\\nltk_data'\n**********************************************************************\n", "module": "intent_classifier", "function": "predict", "line": 304}
{"timestamp": "2026-04-04T14:31:31.358582", "level": "INFO", "logger": "assistant.intent_classifier", "message": "Model loaded successfully from D:\\code\\Ai\\models\\intent_classifier.pkl, intents: 30", "module": "intent_classifier", "function": "load_model", "line": 348}
{"timestamp": "2026-04-04T14:31:31.358902", "level": "INFO", "logger": "assistant.intent_classifier", "message": "Intent classifier quantized using float16 method", "module": "intent_classifier", "function": "quantize_model", "line": 382}
{"timestamp": "2026-04-04T14:31:31.364088", "level": "INFO", "logger": "assistant.intent_classifier", "message": "Model loaded successfully from D:\\code\\Ai\\models\\intent_classifier.pkl, intents: 30", "module": "intent_classifier", "function": "load_model", "line": 348}
{"timestamp": "2026-04-04T14:31:31.364522", "level": "INFO", "logger": "assistant.intent_classifier", "message": "Intent classifier quantized using float16 method", "module": "intent_classifier", "function": "quantize_model", "line": 382}
{"timestamp": "2026-04-04T14:31:31.367693", "level": "WARNING", "logger": "assistant.intent_classifier", "message": "ML Event: error_analysis", "module": "logger", "function": "log_ml_event", "line": 122, "event_type": "error_analysis", "error_type": "LookupError", "error_message": "\n**********************************************************************\n  Resource 'punkt_tab' not found.\n  Please use the NLTK Downloader to obtain the resource:\n\n  >>> import nltk\n  >>> nltk.download('punkt_tab')\n\n  For more information see: https://www.nltk.org/data.html\n\n  Attempted to load 'tokenizers/punkt_tab/english/'\n\n  Searched in:\n    - 'C:\\\\Users\\\\alokk/nltk_data'\n    - 'D:\\\\code\\\\Ai\\\\.venv\\\\nltk_data'\n    - 'D:\\\\code\\\\Ai\\\\.venv\\\\share\\\\nltk_data'\n    - 'D:\\\\code\\\\Ai\\\\.venv\\\\lib\\\\nltk_data'\n    - 'C:\\\\Users\\\\alokk\\\\AppData\\\\Roaming\\\\nltk_data'\n    - 'C:\\\\nltk_data'\n    - 'D:\\\\nltk_data'\n    - 'E:\\\\nltk_data'\n**********************************************************************\n", "context": {"operation": "prediction", "input_text": "what's the news", "processing_time": 0.002773284912109375}}
{"timestamp": "2026-04-04T14:31:31.367854", "level": "ERROR", "logger": "assistant.intent_classifier", "message": "Prediction failed for text: what's the news...: \n**********************************************************************\n  Resource 'punkt_tab' not found.\n  Please use the NLTK Downloader to obtain the resource:\n\n  >>> import nltk\n  >>> nltk.download('punkt_tab')\n\n  For more information see: https://www.nltk.org/data.html\n\n  Attempted to load 'tokenizers/punkt_tab/english/'\n\n  Searched in:\n    - 'C:\\\\Users\\\\alokk/nltk_data'\n    - 'D:\\\\code\\\\Ai\\\\.venv\\\\nltk_data'\n    - 'D:\\\\code\\\\Ai\\\\.venv\\\\share\\\\nltk_data'\n    - 'D:\\\\code\\\\Ai\\\\.venv\\\\lib\\\\nltk_data'\n    - 'C:\\\\Users\\\\alokk\\\\AppData\\\\Roaming\\\\nltk_data'\n    - 'C:\\\\nltk_data'\n    - 'D:\\\\nltk_data'\n    - 'E:\\\\nltk_data'\n**********************************************************************\n", "module": "intent_classifier", "function": "predict", "line": 304}
{"timestamp": "2026-04-04T14:31:32.379011", "level": "INFO", "logger": "assistant.intent_classifier", "message": "Model loaded successfully from D:\\code\\Ai\\models\\intent_classifier.pkl, intents: 30", "module": "intent_classifier", "function": "load_model", "line": 348}
{"timestamp": "2026-04-04T14:31:32.380047", "level": "INFO", "logger": "assistant.intent_classifier", "message": "Intent classifier quantized using float16 method", "module": "intent_classifier", "function": "quantize_model", "line": 382}
{"timestamp": "2026-04-04T14:31:32.388910", "level": "INFO", "logger": "assistant.intent_classifier", "message": "Model loaded successfully from D:\\code\\Ai\\models\\intent_classifier.pkl, intents: 30", "module": "intent_classifier", "function": "load_model", "line": 348}
{"timestamp": "2026-04-04T14:31:32.389233", "level": "INFO", "logger": "assistant.intent_classifier", "message": "Intent classifier quantized using float16 method", "module": "intent_classifier", "function": "quantize_model", "line": 382}
{"timestamp": "2026-04-04T14:31:32.392219", "level": "WARNING", "logger": "assistant.intent_classifier", "message": "ML Event: error_analysis", "module": "logger", "function": "log_ml_event", "line": 122, "event_type": "error_analysis", "error_type": "LookupError", "error_message": "\n**********************************************************************\n  Resource 'punkt_tab' not found.\n  Please use the NLTK Downloader to obtain the resource:\n\n  >>> import nltk\n  >>> nltk.download('punkt_tab')\n\n  For more information see: https://www.nltk.org/data.html\n\n  Attempted to load 'tokenizers/punkt_tab/english/'\n\n  Searched in:\n    - 'C:\\\\Users\\\\alokk/nltk_data'\n    - 'D:\\\\code\\\\Ai\\\\.venv\\\\nltk_data'\n    - 'D:\\\\code\\\\Ai\\\\.venv\\\\share\\\\nltk_data'\n    - 'D:\\\\code\\\\Ai\\\\.venv\\\\lib\\\\nltk_data'\n    - 'C:\\\\Users\\\\alokk\\\\AppData\\\\Roaming\\\\nltk_data'\n    - 'C:\\\\nltk_data'\n    - 'D:\\\\nltk_data'\n    - 'E:\\\\nltk_data'\n**********************************************************************\n", "context": {"operation": "prediction", "input_text": "what's the news", "processing_time": 0.002493143081665039}}
{"timestamp": "2026-04-04T14:31:32.392340", "level": "ERROR", "logger": "assistant.intent_classifier", "message": "Prediction failed for text: what's the news...: \n**********************************************************************\n  Resource 'punkt_tab' not found.\n  Please use the NLTK Downloader to obtain the resource:\n\n  >>> import nltk\n  >>> nltk.download('punkt_tab')\n\n  For more information see: https://www.nltk.org/data.html\n\n  Attempted to load 'tokenizers/punkt_tab/english/'\n\n  Searched in:\n    - 'C:\\\\Users\\\\alokk/nltk_data'\n    - 'D:\\\\code\\\\Ai\\\\.venv\\\\nltk_data'\n    - 'D:\\\\code\\\\Ai\\\\.venv\\\\share\\\\nltk_data'\n    - 'D:\\\\code\\\\Ai\\\\.venv\\\\lib\\\\nltk_data'\n    - 'C:\\\\Users\\\\alokk\\\\AppData\\\\Roaming\\\\nltk_data'\n    - 'C:\\\\nltk_data'\n    - 'D:\\\\nltk_data'\n    - 'E:\\\\nltk_data'\n**********************************************************************\n", "module": "intent_classifier", "function": "predict", "line": 304}
{"timestamp": "2026-04-04T14:31:33.405147", "level": "INFO", "logger": "assistant.intent_classifier", "message": "Model loaded successfully from D:\\code\\Ai\\models\\intent_classifier.pkl, intents: 30", "module": "intent_classifier", "function": "load_model", "line": 348}
{"timestamp": "2026-04-04T14:31:33.405472", "level": "INFO", "logger": "assistant.intent_classifier", "message": "Intent classifier quantized using float16 method", "module": "intent_classifier", "function": "quantize_model", "line": 382}
{"timestamp": "2026-04-04T14:31:33.412319", "level": "INFO", "logger": "assistant.intent_classifier", "message": "Model loaded successfully from D:\\code\\Ai\\models\\intent_classifier.pkl, intents: 30", "module": "intent_classifier", "function": "load_model", "line": 348}
{"timestamp": "2026-04-04T14:31:33.413032", "level": "INFO", "logger": "assistant.intent_classifier", "message": "Intent classifier quantized using float16 method", "module": "intent_classifier", "function": "quantize_model", "line": 382}
{"timestamp": "2026-04-04T14:31:33.418886", "level": "WARNING", "logger": "assistant.intent_classifier", "message": "ML Event: error_analysis", "module": "logger", "function": "log_ml_event", "line": 122, "event_type": "error_analysis", "error_type": "LookupError", "error_message": "\n**********************************************************************\n  Resource 'punkt_tab' not found.\n  Please use the NLTK Downloader to obtain the resource:\n\n  >>> import nltk\n  >>> nltk.download('punkt_tab')\n\n  For more information see: https://www.nltk.org/data.html\n\n  Attempted to load 'tokenizers/punkt_tab/english/'\n\n  Searched in:\n    - 'C:\\\\Users\\\\alokk/nltk_data'\n    - 'D:\\\\code\\\\Ai\\\\.venv\\\\nltk_data'\n    - 'D:\\\\code\\\\Ai\\\\.venv\\\\share\\\\nltk_data'\n    - 'D:\\\\code\\\\Ai\\\\.venv\\\\lib\\\\nltk_data'\n    - 'C:\\\\Users\\\\alokk\\\\AppData\\\\Roaming\\\\nltk_data'\n    - 'C:\\\\nltk_data'\n    - 'D:\\\\nltk_data'\n    - 'E:\\\\nltk_data'\n**********************************************************************\n", "context": {"operation": "prediction", "input_text": "add task buy milk to todo", "processing_time": 0.0042133331298828125}}
{"timestamp": "2026-04-04T14:31:33.419186", "level": "ERROR", "logger": "assistant.intent_classifier", "message": "Prediction failed for text: add task buy milk to todo...: \n**********************************************************************\n  Resource 'punkt_tab' not found.\n  Please use the NLTK Downloader to obtain the resource:\n\n  >>> import nltk\n  >>> nltk.download('punkt_tab')\n\n  For more information see: https://www.nltk.org/data.html\n\n  Attempted to load 'tokenizers/punkt_tab/english/'\n\n  Searched in:\n    - 'C:\\\\Users\\\\alokk/nltk_data'\n    - 'D:\\\\code\\\\Ai\\\\.venv\\\\nltk_data'\n    - 'D:\\\\code\\\\Ai\\\\.venv\\\\share\\\\nltk_data'\n    - 'D:\\\\code\\\\Ai\\\\.venv\\\\lib\\\\nltk_data'\n    - 'C:\\\\Users\\\\alokk\\\\AppData\\\\Roaming\\\\nltk_data'\n    - 'C:\\\\nltk_data'\n    - 'D:\\\\nltk_data'\n    - 'E:\\\\nltk_data'\n**********************************************************************\n", "module": "intent_classifier", "function": "predict", "line": 304}
{"timestamp": "2026-04-04T14:31:34.474504", "level": "INFO", "logger": "assistant.intent_classifier", "message": "Model loaded successfully from D:\\code\\Ai\\models\\intent_classifier.pkl, intents: 30", "module": "intent_classifier", "function": "load_model", "line": 348}
{"timestamp": "2026-04-04T14:31:34.474888", "level": "INFO", "logger": "assistant.intent_classifier", "message": "Intent classifier quantized using float16 method", "module": "intent_classifier", "function": "quantize_model", "line": 382}
{"timestamp": "2026-04-04T14:31:34.483434", "level": "INFO", "logger": "assistant.intent_classifier", "message": "Model loaded successfully from D:\\code\\Ai\\models\\intent_classifier.pkl, intents: 30", "module": "intent_classifier", "function": "load_model", "line": 348}
{"timestamp": "2026-04-04T14:31:34.484020", "level": "INFO", "logger": "assistant.intent_classifier", "message": "Intent classifier quantized using float16 method", "module": "intent_classifier", "function": "quantize_model", "line": 382}
{"timestamp": "2026-04-04T14:31:34.488192", "level": "WARNING", "logger": "assistant.intent_classifier", "message": "ML Event: error_analysis", "module": "logger", "function": "log_ml_event", "line": 122, "event_type": "error_analysis", "error_type": "LookupError", "error_message": "\n**********************************************************************\n  Resource 'punkt_tab' not found.\n  Please use the NLTK Downloader to obtain the resource:\n\n  >>> import nltk\n  >>> nltk.download('punkt_tab')\n\n  For more information see: https://www.nltk.org/data.html\n\n  Attempted to load 'tokenizers/punkt_tab/english/'\n\n  Searched in:\n    - 'C:\\\\Users\\\\alokk/nltk_data'\n    - 'D:\\\\code\\\\Ai\\\\.venv\\\\nltk_data'\n    - 'D:\\\\code\\\\Ai\\\\.venv\\\\share\\\\nltk_data'\n    - 'D:\\\\code\\\\Ai\\\\.venv\\\\lib\\\\nltk_data'\n    - 'C:\\\\Users\\\\alokk\\\\AppData\\\\Roaming\\\\nltk_data'\n    - 'C:\\\\nltk_data'\n    - 'D:\\\\nltk_data'\n    - 'E:\\\\nltk_data'\n**********************************************************************\n", "context": {"operation": "prediction", "input_text": "add task test task", "processing_time": 0.0030896663665771484}}
{"timestamp": "2026-04-04T14:31:34.488315", "level": "ERROR", "logger": "assistant.intent_classifier", "message": "Prediction failed for text: add task test task...: \n**********************************************************************\n  Resource 'punkt_tab' not found.\n  Please use the NLTK Downloader to obtain the resource:\n\n  >>> import nltk\n  >>> nltk.download('punkt_tab')\n\n  For more information see: https://www.nltk.org/data.html\n\n  Attempted to load 'tokenizers/punkt_tab/english/'\n\n  Searched in:\n    - 'C:\\\\Users\\\\alokk/nltk_data'\n    - 'D:\\\\code\\\\Ai\\\\.venv\\\\nltk_data'\n    - 'D:\\\\code\\\\Ai\\\\.venv\\\\share\\\\nltk_data'\n    - 'D:\\\\code\\\\Ai\\\\.venv\\\\lib\\\\nltk_data'\n    - 'C:\\\\Users\\\\alokk\\\\AppData\\\\Roaming\\\\nltk_data'\n    - 'C:\\\\nltk_data'\n    - 'D:\\\\nltk_data'\n    - 'E:\\\\nltk_data'\n**********************************************************************\n", "module": "intent_classifier", "function": "predict", "line": 304}
{"timestamp": "2026-04-04T14:31:35.511571", "level": "INFO", "logger": "assistant.intent_classifier", "message": "Model loaded successfully from D:\\code\\Ai\\models\\intent_classifier.pkl, intents: 30", "module": "intent_classifier", "function": "load_model", "line": 348}
{"timestamp": "2026-04-04T14:31:35.511897", "level": "INFO", "logger": "assistant.intent_classifier", "message": "Intent classifier quantized using float16 method", "module": "intent_classifier", "function": "quantize_model", "line": 382}
{"timestamp": "2026-04-04T14:31:35.521133", "level": "INFO", "logger": "assistant.intent_classifier", "message": "Model loaded successfully from D:\\code\\Ai\\models\\intent_classifier.pkl, intents: 30", "module": "intent_classifier", "function": "load_model", "line": 348}
{"timestamp": "2026-04-04T14:31:35.521513", "level": "INFO", "logger": "assistant.intent_classifier", "message": "Intent classifier quantized using float16 method", "module": "intent_classifier", "function": "quantize_model", "line": 382}
{"timestamp": "2026-04-04T14:31:35.540072", "level": "WARNING", "logger": "assistant.intent_classifier", "message": "ML Event: error_analysis", "module": "logger", "function": "log_ml_event", "line": 122, "event_type": "error_analysis", "error_type": "LookupError", "error_message": "\n**********************************************************************\n  Resource 'punkt_tab' not found.\n  Please use the NLTK Downloader to obtain the resource:\n\n  >>> import nltk\n  >>> nltk.download('punkt_tab')\n\n  For more information see: https://www.nltk.org/data.html\n\n  Attempted to load 'tokenizers/punkt_tab/english/'\n\n  Searched in:\n    - 'C:\\\\Users\\\\alokk/nltk_data'\n    - 'D:\\\\code\\\\Ai\\\\.venv\\\\nltk_data'\n    - 'D:\\\\code\\\\Ai\\\\.venv\\\\share\\\\nltk_data'\n    - 'D:\\\\code\\\\Ai\\\\.venv\\\\lib\\\\nltk_data'\n    - 'C:\\\\Users\\\\alokk\\\\AppData\\\\Roaming\\\\nltk_data'\n    - 'C:\\\\nltk_data'\n    - 'D:\\\\nltk_data'\n    - 'E:\\\\nltk_data'\n**********************************************************************\n", "context": {"operation": "prediction", "input_text": "mark test task as done", "processing_time": 0.003036022186279297}}
{"timestamp": "2026-04-04T14:31:35.540279", "level": "ERROR", "logger": "assistant.intent_classifier", "message": "Prediction failed for text: mark test task as done...: \n**********************************************************************\n  Resource 'punkt_tab' not found.\n  Please use the NLTK Downloader to obtain the resource:\n\n  >>> import nltk\n  >>> nltk.download('punkt_tab')\n\n  For more information see: https://www.nltk.org/data.html\n\n  Attempted to load 'tokenizers/punkt_tab/english/'\n\n  Searched in:\n    - 'C:\\\\Users\\\\alokk/nltk_data'\n    - 'D:\\\\code\\\\Ai\\\\.venv\\\\nltk_data'\n    - 'D:\\\\code\\\\Ai\\\\.venv\\\\share\\\\nltk_data'\n    - 'D:\\\\code\\\\Ai\\\\.venv\\\\lib\\\\nltk_data'\n    - 'C:\\\\Users\\\\alokk\\\\AppData\\\\Roaming\\\\nltk_data'\n    - 'C:\\\\nltk_data'\n    - 'D:\\\\nltk_data'\n    - 'E:\\\\nltk_data'\n**********************************************************************\n", "module": "intent_classifier", "function": "predict", "line": 304}
{"timestamp": "2026-04-04T14:31:36.587672", "level": "INFO", "logger": "assistant.intent_classifier", "message": "Model loaded successfully from D:\\code\\Ai\\models\\intent_classifier.pkl, intents: 30", "module": "intent_classifier", "function": "load_model", "line": 348}
{"timestamp": "2026-04-04T14:31:36.587991", "level": "INFO", "logger": "assistant.intent_classifier", "message": "Intent classifier quantized using float16 method", "module": "intent_classifier", "function": "quantize_model", "line": 382}
{"timestamp": "2026-04-04T14:31:36.594651", "level": "INFO", "logger": "assistant.intent_classifier", "message": "Model loaded successfully from D:\\code\\Ai\\models\\intent_classifier.pkl, intents: 30", "module": "intent_classifier", "function": "load_model", "line": 348}
{"timestamp": "2026-04-04T14:31:36.594932", "level": "INFO", "logger": "assistant.intent_classifier", "message": "Intent classifier quantized using float16 method", "module": "intent_classifier", "function": "quantize_model", "line": 382}
{"timestamp": "2026-04-04T14:31:36.600370", "level": "WARNING", "logger": "assistant.intent_classifier", "message": "ML Event: error_analysis", "module": "logger", "function": "log_ml_event", "line": 122, "event_type": "error_analysis", "error_type": "LookupError", "error_message": "\n**********************************************************************\n  Resource 'punkt_tab' not found.\n  Please use the NLTK Downloader to obtain the resource:\n\n  >>> import nltk\n  >>> nltk.download('punkt_tab')\n\n  For more information see: https://www.nltk.org/data.html\n\n  Attempted to load 'tokenizers/punkt_tab/english/'\n\n  Searched in:\n    - 'C:\\\\Users\\\\alokk/nltk_data'\n    - 'D:\\\\code\\\\Ai\\\\.venv\\\\nltk_data'\n    - 'D:\\\\code\\\\Ai\\\\.venv\\\\share\\\\nltk_data'\n    - 'D:\\\\code\\\\Ai\\\\.venv\\\\lib\\\\nltk_data'\n    - 'C:\\\\Users\\\\alokk\\\\AppData\\\\Roaming\\\\nltk_data'\n    - 'C:\\\\nltk_data'\n    - 'D:\\\\nltk_data'\n    - 'E:\\\\nltk_data'\n**********************************************************************\n", "context": {"operation": "prediction", "input_text": "complete nonexistent task", "processing_time": 0.004220485687255859}}
{"timestamp": "2026-04-04T14:31:36.600610", "level": "ERROR", "logger": "assistant.intent_classifier", "message": "Prediction failed for text: complete nonexistent task...: \n**********************************************************************\n  Resource 'punkt_tab' not found.\n  Please use the NLTK Downloader to obtain the resource:\n\n  >>> import nltk\n  >>> nltk.download('punkt_tab')\n\n  For more information see: https://www.nltk.org/data.html\n\n  Attempted to load 'tokenizers/punkt_tab/english/'\n\n  Searched in:\n    - 'C:\\\\Users\\\\alokk/nltk_data'\n    - 'D:\\\\code\\\\Ai\\\\.venv\\\\nltk_data'\n    - 'D:\\\\code\\\\Ai\\\\.venv\\\\share\\\\nltk_data'\n    - 'D:\\\\code\\\\Ai\\\\.venv\\\\lib\\\\nltk_data'\n    - 'C:\\\\Users\\\\alokk\\\\AppData\\\\Roaming\\\\nltk_data'\n    - 'C:\\\\nltk_data'\n    - 'D:\\\\nltk_data'\n    - 'E:\\\\nltk_data'\n**********************************************************************\n", "module": "intent_classifier", "function": "predict", "line": 304}
{"timestamp": "2026-04-04T14:31:37.624300", "level": "INFO", "logger": "assistant.intent_classifier", "message": "Model loaded successfully from D:\\code\\Ai\\models\\intent_classifier.pkl, intents: 30", "module": "intent_classifier", "function": "load_model", "line": 348}
{"timestamp": "2026-04-04T14:31:37.624624", "level": "INFO", "logger": "assistant.intent_classifier", "message": "Intent classifier quantized using float16 method", "module": "intent_classifier", "function": "quantize_model", "line": 382}
{"timestamp": "2026-04-04T14:31:37.633944", "level": "INFO", "logger": "assistant.intent_classifier", "message": "Model loaded successfully from D:\\code\\Ai\\models\\intent_classifier.pkl, intents: 30", "module": "intent_classifier", "function": "load_model", "line": 348}
{"timestamp": "2026-04-04T14:31:37.634632", "level": "INFO", "logger": "assistant.intent_classifier", "message": "Intent classifier quantized using float16 method", "module": "intent_classifier", "function": "quantize_model", "line": 382}
{"timestamp": "2026-04-04T14:31:37.638635", "level": "WARNING", "logger": "assistant.intent_classifier", "message": "ML Event: error_analysis", "module": "logger", "function": "log_ml_event", "line": 122, "event_type": "error_analysis", "error_type": "LookupError", "error_message": "\n**********************************************************************\n  Resource 'punkt_tab' not found.\n  Please use the NLTK Downloader to obtain the resource:\n\n  >>> import nltk\n  >>> nltk.download('punkt_tab')\n\n  For more information see: https://www.nltk.org/data.html\n\n  Attempted to load 'tokenizers/punkt_tab/english/'\n\n  Searched in:\n    - 'C:\\\\Users\\\\alokk/nltk_data'\n    - 'D:\\\\code\\\\Ai\\\\.venv\\\\nltk_data'\n    - 'D:\\\\code\\\\Ai\\\\.venv\\\\share\\\\nltk_data'\n    - 'D:\\\\code\\\\Ai\\\\.venv\\\\lib\\\\nltk_data'\n    - 'C:\\\\Users\\\\alokk\\\\AppData\\\\Roaming\\\\nltk_data'\n    - 'C:\\\\nltk_data'\n    - 'D:\\\\nltk_data'\n    - 'E:\\\\nltk_data'\n**********************************************************************\n", "context": {"operation": "prediction", "input_text": "create todo list for work", "processing_time": 0.002810239791870117}}
{"timestamp": "2026-04-04T14:31:37.638783", "level": "ERROR", "logger": "assistant.intent_classifier", "message": "Prediction failed for text: create todo list for work...: \n**********************************************************************\n  Resource 'punkt_tab' not found.\n  Please use the NLTK Downloader to obtain the resource:\n\n  >>> import nltk\n  >>> nltk.download('punkt_tab')\n\n  For more information see: https://www.nltk.org/data.html\n\n  Attempted to load 'tokenizers/punkt_tab/english/'\n\n  Searched in:\n    - 'C:\\\\Users\\\\alokk/nltk_data'\n    - 'D:\\\\code\\\\Ai\\\\.venv\\\\nltk_data'\n    - 'D:\\\\code\\\\Ai\\\\.venv\\\\share\\\\nltk_data'\n    - 'D:\\\\code\\\\Ai\\\\.venv\\\\lib\\\\nltk_data'\n    - 'C:\\\\Users\\\\alokk\\\\AppData\\\\Roaming\\\\nltk_data'\n    - 'C:\\\\nltk_data'\n    - 'D:\\\\nltk_data'\n    - 'E:\\\\nltk_data'\n**********************************************************************\n", "module": "intent_classifier", "function": "predict", "line": 304}
{"timestamp": "2026-04-04T14:31:38.663706", "level": "INFO", "logger": "assistant.intent_classifier", "message": "Model loaded successfully from D:\\code\\Ai\\models\\intent_classifier.pkl, intents: 30", "module": "intent_classifier", "function": "load_model", "line": 348}
{"timestamp": "2026-04-04T14:31:38.663991", "level": "INFO", "logger": "assistant.intent_classifier", "message": "Intent classifier quantized using float16 method", "module": "intent_classifier", "function": "quantize_model", "line": 382}
{"timestamp": "2026-04-04T14:31:38.671994", "level": "INFO", "logger": "assistant.intent_classifier", "message": "Model loaded successfully from D:\\code\\Ai\\models\\intent_classifier.pkl, intents: 30", "module": "intent_classifier", "function": "load_model", "line": 348}
{"timestamp": "2026-04-04T14:31:38.672323", "level": "INFO", "logger": "assistant.intent_classifier", "message": "Intent classifier quantized using float16 method", "module": "intent_classifier", "function": "quantize_model", "line": 382}
{"timestamp": "2026-04-04T14:31:38.675039", "level": "WARNING", "logger": "assistant.intent_classifier", "message": "ML Event: error_analysis", "module": "logger", "function": "log_ml_event", "line": 122, "event_type": "error_analysis", "error_type": "LookupError", "error_message": "\n**********************************************************************\n  Resource 'punkt_tab' not found.\n  Please use the NLTK Downloader to obtain the resource:\n\n  >>> import nltk\n  >>> nltk.download('punkt_tab')\n\n  For more information see: https://www.nltk.org/data.html\n\n  Attempted to load 'tokenizers/punkt_tab/english/'\n\n  Searched in:\n    - 'C:\\\\Users\\\\alokk/nltk_data'\n    - 'D:\\\\code\\\\Ai\\\\.venv\\\\nltk_data'\n    - 'D:\\\\code\\\\Ai\\\\.venv\\\\share\\\\nltk_data'\n    - 'D:\\\\code\\\\Ai\\\\.venv\\\\lib\\\\nltk_data'\n    - 'C:\\\\Users\\\\alokk\\\\AppData\\\\Roaming\\\\nltk_data'\n    - 'C:\\\\nltk_data'\n    - 'D:\\\\nltk_data'\n    - 'E:\\\\nltk_data'\n**********************************************************************\n", "context": {"operation": "prediction", "input_text": "create todo list for shopping", "processing_time": 0.0024957656860351562}}
{"timestamp": "2026-04-04T14:31:38.675154", "level": "ERROR", "logger": "assistant.intent_classifier", "message": "Prediction failed for text: create todo list for shopping...: \n**********************************************************************\n  Resource 'punkt_tab' not found.\n  Please use the NLTK Downloader to obtain the resource:\n\n  >>> import nltk\n  >>> nltk.download('punkt_tab')\n\n  For more information see: https://www.nltk.org/data.html\n\n  Attempted to load 'tokenizers/punkt_tab/english/'\n\n  Searched in:\n    - 'C:\\\\Users\\\\alokk/nltk_data'\n    - 'D:\\\\code\\\\Ai\\\\.venv\\\\nltk_data'\n    - 'D:\\\\code\\\\Ai\\\\.venv\\\\share\\\\nltk_data'\n    - 'D:\\\\code\\\\Ai\\\\.venv\\\\lib\\\\nltk_data'\n    - 'C:\\\\Users\\\\alokk\\\\AppData\\\\Roaming\\\\nltk_data'\n    - 'C:\\\\nltk_data'\n    - 'D:\\\\nltk_data'\n    - 'E:\\\\nltk_data'\n**********************************************************************\n", "module": "intent_classifier", "function": "predict", "line": 304}
{"timestamp": "2026-04-04T14:31:39.707213", "level": "INFO", "logger": "assistant.intent_classifier", "message": "Model loaded successfully from D:\\code\\Ai\\models\\intent_classifier.pkl, intents: 30", "module": "intent_classifier", "function": "load_model", "line": 348}
{"timestamp": "2026-04-04T14:31:39.707717", "level": "INFO", "logger": "assistant.intent_classifier", "message": "Intent classifier quantized using float16 method", "module": "intent_classifier", "function": "quantize_model", "line": 382}
{"timestamp": "2026-04-04T14:31:39.717038", "level": "INFO", "logger": "assistant.intent_classifier", "message": "Model loaded successfully from D:\\code\\Ai\\models\\intent_classifier.pkl, intents: 30", "module": "intent_classifier", "function": "load_model", "line": 348}
{"timestamp": "2026-04-04T14:31:39.717684", "level": "INFO", "logger": "assistant.intent_classifier", "message": "Intent classifier quantized using float16 method", "module": "intent_classifier", "function": "quantize_model", "line": 382}
{"timestamp": "2026-04-04T14:31:39.722729", "level": "WARNING", "logger": "assistant.intent_classifier", "message": "ML Event: error_analysis", "module": "logger", "function": "log_ml_event", "line": 122, "event_type": "error_analysis", "error_type": "LookupError", "error_message": "\n**********************************************************************\n  Resource 'punkt_tab' not found.\n  Please use the NLTK Downloader to obtain the resource:\n\n  >>> import nltk\n  >>> nltk.download('punkt_tab')\n\n  For more information see: https://www.nltk.org/data.html\n\n  Attempted to load 'tokenizers/punkt_tab/english/'\n\n  Searched in:\n    - 'C:\\\\Users\\\\alokk/nltk_data'\n    - 'D:\\\\code\\\\Ai\\\\.venv\\\\nltk_data'\n    - 'D:\\\\code\\\\Ai\\\\.venv\\\\share\\\\nltk_data'\n    - 'D:\\\\code\\\\Ai\\\\.venv\\\\lib\\\\nltk_data'\n    - 'C:\\\\Users\\\\alokk\\\\AppData\\\\Roaming\\\\nltk_data'\n    - 'C:\\\\nltk_data'\n    - 'D:\\\\nltk_data'\n    - 'E:\\\\nltk_data'\n**********************************************************************\n", "context": {"operation": "prediction", "input_text": "add task", "processing_time": 0.004634857177734375}}
{"timestamp": "2026-04-04T14:31:39.722893", "level": "ERROR", "logger": "assistant.intent_classifier", "message": "Prediction failed for text: add task...: \n**********************************************************************\n  Resource 'punkt_tab' not found.\n  Please use the NLTK Downloader to obtain the resource:\n\n  >>> import nltk\n  >>> nltk.download('punkt_tab')\n\n  For more information see: https://www.nltk.org/data.html\n\n  Attempted to load 'tokenizers/punkt_tab/english/'\n\n  Searched in:\n    - 'C:\\\\Users\\\\alokk/nltk_data'\n    - 'D:\\\\code\\\\Ai\\\\.venv\\\\nltk_data'\n    - 'D:\\\\code\\\\Ai\\\\.venv\\\\share\\\\nltk_data'\n    - 'D:\\\\code\\\\Ai\\\\.venv\\\\lib\\\\nltk_data'\n    - 'C:\\\\Users\\\\alokk\\\\AppData\\\\Roaming\\\\nltk_data'\n    - 'C:\\\\nltk_data'\n    - 'D:\\\\nltk_data'\n    - 'E:\\\\nltk_data'\n**********************************************************************\n", "module": "intent_classifier", "function": "predict", "line": 304}
{"timestamp": "2026-04-04T14:31:41.736070", "level": "INFO", "logger": "assistant.intent_classifier", "message": "Model loaded successfully from D:\\code\\Ai\\models\\intent_classifier.pkl, intents: 30", "module": "intent_classifier", "function": "load_model", "line": 348}
{"timestamp": "2026-04-04T14:31:41.736516", "level": "INFO", "logger": "assistant.intent_classifier", "message": "Intent classifier quantized using float16 method", "module": "intent_classifier", "function": "quantize_model", "line": 382}
{"timestamp": "2026-04-04T14:31:41.742584", "level": "INFO", "logger": "assistant.intent_classifier", "message": "Model loaded successfully from D:\\code\\Ai\\models\\intent_classifier.pkl, intents: 30", "module": "intent_classifier", "function": "load_model", "line": 348}
{"timestamp": "2026-04-04T14:31:41.742883", "level": "INFO", "logger": "assistant.intent_classifier", "message": "Intent classifier quantized using float16 method", "module": "intent_classifier", "function": "quantize_model", "line": 382}
{"timestamp": "2026-04-04T14:31:41.746300", "level": "WARNING", "logger": "assistant.intent_classifier", "message": "ML Event: error_analysis", "module": "logger", "function": "log_ml_event", "line": 122, "event_type": "error_analysis", "error_type": "LookupError", "error_message": "\n**********************************************************************\n  Resource 'punkt_tab' not found.\n  Please use the NLTK Downloader to obtain the resource:\n\n  >>> import nltk\n  >>> nltk.download('punkt_tab')\n\n  For more information see: https://www.nltk.org/data.html\n\n  Attempted to load 'tokenizers/punkt_tab/english/'\n\n  Searched in:\n    - 'C:\\\\Users\\\\alokk/nltk_data'\n    - 'D:\\\\code\\\\Ai\\\\.venv\\\\nltk_data'\n    - 'D:\\\\code\\\\Ai\\\\.venv\\\\share\\\\nltk_data'\n    - 'D:\\\\code\\\\Ai\\\\.venv\\\\lib\\\\nltk_data'\n    - 'C:\\\\Users\\\\alokk\\\\AppData\\\\Roaming\\\\nltk_data'\n    - 'C:\\\\nltk_data'\n    - 'D:\\\\nltk_data'\n    - 'E:\\\\nltk_data'\n**********************************************************************\n", "context": {"operation": "prediction", "input_text": "mark as done", "processing_time": 0.003215789794921875}}
{"timestamp": "2026-04-04T14:31:41.746591", "level": "ERROR", "logger": "assistant.intent_classifier", "message": "Prediction failed for text: mark as done...: \n**********************************************************************\n  Resource 'punkt_tab' not found.\n  Please use the NLTK Downloader to obtain the resource:\n\n  >>> import nltk\n  >>> nltk.download('punkt_tab')\n\n  For more information see: https://www.nltk.org/data.html\n\n  Attempted to load 'tokenizers/punkt_tab/english/'\n\n  Searched in:\n    - 'C:\\\\Users\\\\alokk/nltk_data'\n    - 'D:\\\\code\\\\Ai\\\\.venv\\\\nltk_data'\n    - 'D:\\\\code\\\\Ai\\\\.venv\\\\share\\\\nltk_data'\n    - 'D:\\\\code\\\\Ai\\\\.venv\\\\lib\\\\nltk_data'\n    - 'C:\\\\Users\\\\alokk\\\\AppData\\\\Roaming\\\\nltk_data'\n    - 'C:\\\\nltk_data'\n    - 'D:\\\\nltk_data'\n    - 'E:\\\\nltk_data'\n**********************************************************************\n", "module": "intent_classifier", "function": "predict", "line": 304}
{"timestamp": "2026-04-04T14:31:43.757831", "level": "INFO", "logger": "assistant.intent_classifier", "message": "Model loaded successfully from D:\\code\\Ai\\models\\intent_classifier.pkl, intents: 30", "module": "intent_classifier", "function": "load_model", "line": 348}
{"timestamp": "2026-04-04T14:31:43.758166", "level": "INFO", "logger": "assistant.intent_classifier", "message": "Intent classifier quantized using float16 method", "module": "intent_classifier", "function": "quantize_model", "line": 382}
{"timestamp": "2026-04-04T14:31:43.764656", "level": "INFO", "logger": "assistant.intent_classifier", "message": "Model loaded successfully from D:\\code\\Ai\\models\\intent_classifier.pkl, intents: 30", "module": "intent_classifier", "function": "load_model", "line": 348}
{"timestamp": "2026-04-04T14:31:43.764974", "level": "INFO", "logger": "assistant.intent_classifier", "message": "Intent classifier quantized using float16 method", "module": "intent_classifier", "function": "quantize_model", "line": 382}
{"timestamp": "2026-04-04T14:31:43.768426", "level": "WARNING", "logger": "assistant.intent_classifier", "message": "ML Event: error_analysis", "module": "logger", "function": "log_ml_event", "line": 122, "event_type": "error_analysis", "error_type": "LookupError", "error_message": "\n**********************************************************************\n  Resource 'punkt_tab' not found.\n  Please use the NLTK Downloader to obtain the resource:\n\n  >>> import nltk\n  >>> nltk.download('punkt_tab')\n\n  For more information see: https://www.nltk.org/data.html\n\n  Attempted to load 'tokenizers/punkt_tab/english/'\n\n  Searched in:\n    - 'C:\\\\Users\\\\alokk/nltk_data'\n    - 'D:\\\\code\\\\Ai\\\\.venv\\\\nltk_data'\n    - 'D:\\\\code\\\\Ai\\\\.venv\\\\share\\\\nltk_data'\n    - 'D:\\\\code\\\\Ai\\\\.venv\\\\lib\\\\nltk_data'\n    - 'C:\\\\Users\\\\alokk\\\\AppData\\\\Roaming\\\\nltk_data'\n    - 'C:\\\\nltk_data'\n    - 'D:\\\\nltk_data'\n    - 'E:\\\\nltk_data'\n**********************************************************************\n", "context": {"operation": "prediction", "input_text": "remove from todo", "processing_time": 0.0032520294189453125}}
{"timestamp": "2026-04-04T14:31:43.768610", "level": "ERROR", "logger": "assistant.intent_classifier", "message": "Prediction failed for text: remove from todo...: \n**********************************************************************\n  Resource 'punkt_tab' not found.\n  Please use the NLTK Downloader to obtain the resource:\n\n  >>> import nltk\n  >>> nltk.download('punkt_tab')\n\n  For more information see: https://www.nltk.org/data.html\n\n  Attempted to load 'tokenizers/punkt_tab/english/'\n\n  Searched in:\n    - 'C:\\\\Users\\\\alokk/nltk_data'\n    - 'D:\\\\code\\\\Ai\\\\.venv\\\\nltk_data'\n    - 'D:\\\\code\\\\Ai\\\\.venv\\\\share\\\\nltk_data'\n    - 'D:\\\\code\\\\Ai\\\\.venv\\\\lib\\\\nltk_data'\n    - 'C:\\\\Users\\\\alokk\\\\AppData\\\\Roaming\\\\nltk_data'\n    - 'C:\\\\nltk_data'\n    - 'D:\\\\nltk_data'\n    - 'E:\\\\nltk_data'\n**********************************************************************\n", "module": "intent_classifier", "function": "predict", "line": 304}
{"timestamp": "2026-04-04T14:31:45.777761", "level": "INFO", "logger": "assistant.intent_classifier", "message": "Model loaded successfully from D:\\code\\Ai\\models\\intent_classifier.pkl, intents: 30", "module": "intent_classifier", "function": "load_model", "line": 348}
{"timestamp": "2026-04-04T14:31:45.778093", "level": "INFO", "logger": "assistant.intent_classifier", "message": "Intent classifier quantized using float16 method", "module": "intent_classifier", "function": "quantize_model", "line": 382}
{"timestamp": "2026-04-04T14:31:45.786489", "level": "INFO", "logger": "assistant.intent_classifier", "message": "Model loaded successfully from D:\\code\\Ai\\models\\intent_classifier.pkl, intents: 30", "module": "intent_classifier", "function": "load_model", "line": 348}
{"timestamp": "2026-04-04T14:31:45.786920", "level": "INFO", "logger": "assistant.intent_classifier", "message": "Intent classifier quantized using float16 method", "module": "intent_classifier", "function": "quantize_model", "line": 382}
{"timestamp": "2026-04-04T14:31:45.805923", "level": "WARNING", "logger": "assistant.intent_classifier", "message": "ML Event: error_analysis", "module": "logger", "function": "log_ml_event", "line": 122, "event_type": "error_analysis", "error_type": "LookupError", "error_message": "\n**********************************************************************\n  Resource 'punkt_tab' not found.\n  Please use the NLTK Downloader to obtain the resource:\n\n  >>> import nltk\n  >>> nltk.download('punkt_tab')\n\n  For more information see: https://www.nltk.org/data.html\n\n  Attempted to load 'tokenizers/punkt_tab/english/'\n\n  Searched in:\n    - 'C:\\\\Users\\\\alokk/nltk_data'\n    - 'D:\\\\code\\\\Ai\\\\.venv\\\\nltk_data'\n    - 'D:\\\\code\\\\Ai\\\\.venv\\\\share\\\\nltk_data'\n    - 'D:\\\\code\\\\Ai\\\\.venv\\\\lib\\\\nltk_data'\n    - 'C:\\\\Users\\\\alokk\\\\AppData\\\\Roaming\\\\nltk_data'\n    - 'C:\\\\nltk_data'\n    - 'D:\\\\nltk_data'\n    - 'E:\\\\nltk_data'\n**********************************************************************\n", "context": {"operation": "prediction", "input_text": "remove test task from todo", "processing_time": 0.002511739730834961}}
{"timestamp": "2026-04-04T14:31:45.806106", "level": "ERROR", "logger": "assistant.intent_classifier", "message": "Prediction failed for text: remove test task from todo...: \n**********************************************************************\n  Resource 'punkt_tab' not found.\n  Please use the NLTK Downloader to obtain the resource:\n\n  >>> import nltk\n  >>> nltk.download('punkt_tab')\n\n  For more information see: https://www.nltk.org/data.html\n\n  Attempted to load 'tokenizers/punkt_tab/english/'\n\n  Searched in:\n    - 'C:\\\\Users\\\\alokk/nltk_data'\n    - 'D:\\\\code\\\\Ai\\\\.venv\\\\nltk_data'\n    - 'D:\\\\code\\\\Ai\\\\.venv\\\\share\\\\nltk_data'\n    - 'D:\\\\code\\\\Ai\\\\.venv\\\\lib\\\\nltk_data'\n    - 'C:\\\\Users\\\\alokk\\\\AppData\\\\Roaming\\\\nltk_data'\n    - 'C:\\\\nltk_data'\n    - 'D:\\\\nltk_data'\n    - 'E:\\\\nltk_data'\n**********************************************************************\n", "module": "intent_classifier", "function": "predict", "line": 304}
{"timestamp": "2026-04-04T14:31:46.838916", "level": "INFO", "logger": "assistant.intent_classifier", "message": "Model loaded successfully from D:\\code\\Ai\\models\\intent_classifier.pkl, intents: 30", "module": "intent_classifier", "function": "load_model", "line": 348}
{"timestamp": "2026-04-04T14:31:46.839300", "level": "INFO", "logger": "assistant.intent_classifier", "message": "Intent classifier quantized using float16 method", "module": "intent_classifier", "function": "quantize_model", "line": 382}
{"timestamp": "2026-04-04T14:31:46.846120", "level": "INFO", "logger": "assistant.intent_classifier", "message": "Model loaded successfully from D:\\code\\Ai\\models\\intent_classifier.pkl, intents: 30", "module": "intent_classifier", "function": "load_model", "line": 348}
{"timestamp": "2026-04-04T14:31:46.847182", "level": "INFO", "logger": "assistant.intent_classifier", "message": "Intent classifier quantized using float16 method", "module": "intent_classifier", "function": "quantize_model", "line": 382}
{"timestamp": "2026-04-04T14:31:46.856170", "level": "WARNING", "logger": "assistant.intent_classifier", "message": "ML Event: error_analysis", "module": "logger", "function": "log_ml_event", "line": 122, "event_type": "error_analysis", "error_type": "LookupError", "error_message": "\n**********************************************************************\n  Resource 'punkt_tab' not found.\n  Please use the NLTK Downloader to obtain the resource:\n\n  >>> import nltk\n  >>> nltk.download('punkt_tab')\n\n  For more information see: https://www.nltk.org/data.html\n\n  Attempted to load 'tokenizers/punkt_tab/english/'\n\n  Searched in:\n    - 'C:\\\\Users\\\\alokk/nltk_data'\n    - 'D:\\\\code\\\\Ai\\\\.venv\\\\nltk_data'\n    - 'D:\\\\code\\\\Ai\\\\.venv\\\\share\\\\nltk_data'\n    - 'D:\\\\code\\\\Ai\\\\.venv\\\\lib\\\\nltk_data'\n    - 'C:\\\\Users\\\\alokk\\\\AppData\\\\Roaming\\\\nltk_data'\n    - 'C:\\\\nltk_data'\n    - 'D:\\\\nltk_data'\n    - 'E:\\\\nltk_data'\n**********************************************************************\n", "context": {"operation": "prediction", "input_text": "remove nonexistent task from todo", "processing_time": 0.006423473358154297}}
{"timestamp": "2026-04-04T14:31:46.856570", "level": "ERROR", "logger": "assistant.intent_classifier", "message": "Prediction failed for text: remove nonexistent task from todo...: \n**********************************************************************\n  Resource 'punkt_tab' not found.\n  Please use the NLTK Downloader to obtain the resource:\n\n  >>> import nltk\n  >>> nltk.download('punkt_tab')\n\n  For more information see: https://www.nltk.org/data.html\n\n  Attempted to load 'tokenizers/punkt_tab/english/'\n\n  Searched in:\n    - 'C:\\\\Users\\\\alokk/nltk_data'\n    - 'D:\\\\code\\\\Ai\\\\.venv\\\\nltk_data'\n    - 'D:\\\\code\\\\Ai\\\\.venv\\\\share\\\\nltk_data'\n    - 'D:\\\\code\\\\Ai\\\\.venv\\\\lib\\\\nltk_data'\n    - 'C:\\\\Users\\\\alokk\\\\AppData\\\\Roaming\\\\nltk_data'\n    - 'C:\\\\nltk_data'\n    - 'D:\\\\nltk_data'\n    - 'E:\\\\nltk_data'\n**********************************************************************\n", "module": "intent_classifier", "function": "predict", "line": 304}
{"timestamp": "2026-04-04T14:31:47.927589", "level": "INFO", "logger": "assistant.intent_classifier", "message": "Model loaded successfully from D:\\code\\Ai\\models\\intent_classifier.pkl, intents: 30", "module": "intent_classifier", "function": "load_model", "line": 348}
{"timestamp": "2026-04-04T14:31:47.927877", "level": "INFO", "logger": "assistant.intent_classifier", "message": "Intent classifier quantized using float16 method", "module": "intent_classifier", "function": "quantize_model", "line": 382}
{"timestamp": "2026-04-04T14:31:47.935231", "level": "INFO", "logger": "assistant.intent_classifier", "message": "Model loaded successfully from D:\\code\\Ai\\models\\intent_classifier.pkl, intents: 30", "module": "intent_classifier", "function": "load_model", "line": 348}
{"timestamp": "2026-04-04T14:31:47.935707", "level": "INFO", "logger": "assistant.intent_classifier", "message": "Intent classifier quantized using float16 method", "module": "intent_classifier", "function": "quantize_model", "line": 382}
{"timestamp": "2026-04-04T14:31:47.939140", "level": "WARNING", "logger": "assistant.intent_classifier", "message": "ML Event: error_analysis", "module": "logger", "function": "log_ml_event", "line": 122, "event_type": "error_analysis", "error_type": "LookupError", "error_message": "\n**********************************************************************\n  Resource 'punkt_tab' not found.\n  Please use the NLTK Downloader to obtain the resource:\n\n  >>> import nltk\n  >>> nltk.download('punkt_tab')\n\n  For more information see: https://www.nltk.org/data.html\n\n  Attempted to load 'tokenizers/punkt_tab/english/'\n\n  Searched in:\n    - 'C:\\\\Users\\\\alokk/nltk_data'\n    - 'D:\\\\code\\\\Ai\\\\.venv\\\\nltk_data'\n    - 'D:\\\\code\\\\Ai\\\\.venv\\\\share\\\\nltk_data'\n    - 'D:\\\\code\\\\Ai\\\\.venv\\\\lib\\\\nltk_data'\n    - 'C:\\\\Users\\\\alokk\\\\AppData\\\\Roaming\\\\nltk_data'\n    - 'C:\\\\nltk_data'\n    - 'D:\\\\nltk_data'\n    - 'E:\\\\nltk_data'\n**********************************************************************\n", "context": {"operation": "prediction", "input_text": "show my todo lists", "processing_time": 0.003270387649536133}}
{"timestamp": "2026-04-04T14:31:47.939470", "level": "ERROR", "logger": "assistant.intent_classifier", "message": "Prediction failed for text: show my todo lists...: \n**********************************************************************\n  Resource 'punkt_tab' not found.\n  Please use the NLTK Downloader to obtain the resource:\n\n  >>> import nltk\n  >>> nltk.download('punkt_tab')\n\n  For more information see: https://www.nltk.org/data.html\n\n  Attempted to load 'tokenizers/punkt_tab/english/'\n\n  Searched in:\n    - 'C:\\\\Users\\\\alokk/nltk_data'\n    - 'D:\\\\code\\\\Ai\\\\.venv\\\\nltk_data'\n    - 'D:\\\\code\\\\Ai\\\\.venv\\\\share\\\\nltk_data'\n    - 'D:\\\\code\\\\Ai\\\\.venv\\\\lib\\\\nltk_data'\n    - 'C:\\\\Users\\\\alokk\\\\AppData\\\\Roaming\\\\nltk_data'\n    - 'C:\\\\nltk_data'\n    - 'D:\\\\nltk_data'\n    - 'E:\\\\nltk_data'\n**********************************************************************\n", "module": "intent_classifier", "function": "predict", "line": 304}
{"timestamp": "2026-04-04T14:31:48.952332", "level": "INFO", "logger": "assistant.intent_classifier", "message": "Model loaded successfully from D:\\code\\Ai\\models\\intent_classifier.pkl, intents: 30", "module": "intent_classifier", "function": "load_model", "line": 348}
{"timestamp": "2026-04-04T14:31:48.952664", "level": "INFO", "logger": "assistant.intent_classifier", "message": "Intent classifier quantized using float16 method", "module": "intent_classifier", "function": "quantize_model", "line": 382}
{"timestamp": "2026-04-04T14:31:48.960884", "level": "INFO", "logger": "assistant.intent_classifier", "message": "Model loaded successfully from D:\\code\\Ai\\models\\intent_classifier.pkl, intents: 30", "module": "intent_classifier", "function": "load_model", "line": 348}
{"timestamp": "2026-04-04T14:31:48.961328", "level": "INFO", "logger": "assistant.intent_classifier", "message": "Intent classifier quantized using float16 method", "module": "intent_classifier", "function": "quantize_model", "line": 382}
{"timestamp": "2026-04-04T14:31:48.984966", "level": "WARNING", "logger": "assistant.intent_classifier", "message": "ML Event: error_analysis", "module": "logger", "function": "log_ml_event", "line": 122, "event_type": "error_analysis", "error_type": "LookupError", "error_message": "\n**********************************************************************\n  Resource 'punkt_tab' not found.\n  Please use the NLTK Downloader to obtain the resource:\n\n  >>> import nltk\n  >>> nltk.download('punkt_tab')\n\n  For more information see: https://www.nltk.org/data.html\n\n  Attempted to load 'tokenizers/punkt_tab/english/'\n\n  Searched in:\n    - 'C:\\\\Users\\\\alokk/nltk_data'\n    - 'D:\\\\code\\\\Ai\\\\.venv\\\\nltk_data'\n    - 'D:\\\\code\\\\Ai\\\\.venv\\\\share\\\\nltk_data'\n    - 'D:\\\\code\\\\Ai\\\\.venv\\\\lib\\\\nltk_data'\n    - 'C:\\\\Users\\\\alokk\\\\AppData\\\\Roaming\\\\nltk_data'\n    - 'C:\\\\nltk_data'\n    - 'D:\\\\nltk_data'\n    - 'E:\\\\nltk_data'\n**********************************************************************\n", "context": {"operation": "prediction", "input_text": "list my todo lists", "processing_time": 0.002753019332885742}}
{"timestamp": "2026-04-04T14:31:48.985120", "level": "ERROR", "logger": "assistant.intent_classifier", "message": "Prediction failed for text: list my todo lists...: \n**********************************************************************\n  Resource 'punkt_tab' not found.\n  Please use the NLTK Downloader to obtain the resource:\n\n  >>> import nltk\n  >>> nltk.download('punkt_tab')\n\n  For more information see: https://www.nltk.org/data.html\n\n  Attempted to load 'tokenizers/punkt_tab/english/'\n\n  Searched in:\n    - 'C:\\\\Users\\\\alokk/nltk_data'\n    - 'D:\\\\code\\\\Ai\\\\.venv\\\\nltk_data'\n    - 'D:\\\\code\\\\Ai\\\\.venv\\\\share\\\\nltk_data'\n    - 'D:\\\\code\\\\Ai\\\\.venv\\\\lib\\\\nltk_data'\n    - 'C:\\\\Users\\\\alokk\\\\AppData\\\\Roaming\\\\nltk_data'\n    - 'C:\\\\nltk_data'\n    - 'D:\\\\nltk_data'\n    - 'E:\\\\nltk_data'\n**********************************************************************\n", "module": "intent_classifier", "function": "predict", "line": 304}
{"timestamp": "2026-04-04T14:31:50.013164", "level": "INFO", "logger": "assistant.intent_classifier", "message": "Model loaded successfully from D:\\code\\Ai\\models\\intent_classifier.pkl, intents: 30", "module": "intent_classifier", "function": "load_model", "line": 348}
{"timestamp": "2026-04-04T14:31:50.013772", "level": "INFO", "logger": "assistant.intent_classifier", "message": "Intent classifier quantized using float16 method", "module": "intent_classifier", "function": "quantize_model", "line": 382}
{"timestamp": "2026-04-04T14:31:50.022065", "level": "INFO", "logger": "assistant.intent_classifier", "message": "Model loaded successfully from D:\\code\\Ai\\models\\intent_classifier.pkl, intents: 30", "module": "intent_classifier", "function": "load_model", "line": 348}
{"timestamp": "2026-04-04T14:31:50.022375", "level": "INFO", "logger": "assistant.intent_classifier", "message": "Intent classifier quantized using float16 method", "module": "intent_classifier", "function": "quantize_model", "line": 382}
{"timestamp": "2026-04-04T14:31:50.025347", "level": "WARNING", "logger": "assistant.intent_classifier", "message": "ML Event: error_analysis", "module": "logger", "function": "log_ml_event", "line": 122, "event_type": "error_analysis", "error_type": "LookupError", "error_message": "\n**********************************************************************\n  Resource 'punkt_tab' not found.\n  Please use the NLTK Downloader to obtain the resource:\n\n  >>> import nltk\n  >>> nltk.download('punkt_tab')\n\n  For more information see: https://www.nltk.org/data.html\n\n  Attempted to load 'tokenizers/punkt_tab/english/'\n\n  Searched in:\n    - 'C:\\\\Users\\\\alokk/nltk_data'\n    - 'D:\\\\code\\\\Ai\\\\.venv\\\\nltk_data'\n    - 'D:\\\\code\\\\Ai\\\\.venv\\\\share\\\\nltk_data'\n    - 'D:\\\\code\\\\Ai\\\\.venv\\\\lib\\\\nltk_data'\n    - 'C:\\\\Users\\\\alokk\\\\AppData\\\\Roaming\\\\nltk_data'\n    - 'C:\\\\nltk_data'\n    - 'D:\\\\nltk_data'\n    - 'E:\\\\nltk_data'\n**********************************************************************\n", "context": {"operation": "prediction", "input_text": "search for test", "processing_time": 0.002329111099243164}}
{"timestamp": "2026-04-04T14:31:50.025480", "level": "ERROR", "logger": "assistant.intent_classifier", "message": "Prediction failed for text: search for test...: \n**********************************************************************\n  Resource 'punkt_tab' not found.\n  Please use the NLTK Downloader to obtain the resource:\n\n  >>> import nltk\n  >>> nltk.download('punkt_tab')\n\n  For more information see: https://www.nltk.org/data.html\n\n  Attempted to load 'tokenizers/punkt_tab/english/'\n\n  Searched in:\n    - 'C:\\\\Users\\\\alokk/nltk_data'\n    - 'D:\\\\code\\\\Ai\\\\.venv\\\\nltk_data'\n    - 'D:\\\\code\\\\Ai\\\\.venv\\\\share\\\\nltk_data'\n    - 'D:\\\\code\\\\Ai\\\\.venv\\\\lib\\\\nltk_data'\n    - 'C:\\\\Users\\\\alokk\\\\AppData\\\\Roaming\\\\nltk_data'\n    - 'C:\\\\nltk_data'\n    - 'D:\\\\nltk_data'\n    - 'E:\\\\nltk_data'\n**********************************************************************\n", "module": "intent_classifier", "function": "predict", "line": 304}
{"timestamp": "2026-04-04T14:31:51.036741", "level": "INFO", "logger": "assistant.intent_classifier", "message": "Model loaded successfully from D:\\code\\Ai\\models\\intent_classifier.pkl, intents: 30", "module": "intent_classifier", "function": "load_model", "line": 348}
{"timestamp": "2026-04-04T14:31:51.037370", "level": "INFO", "logger": "assistant.intent_classifier", "message": "Intent classifier quantized using float16 method", "module": "intent_classifier", "function": "quantize_model", "line": 382}
{"timestamp": "2026-04-04T14:31:51.043561", "level": "INFO", "logger": "assistant.intent_classifier", "message": "Model loaded successfully from D:\\code\\Ai\\models\\intent_classifier.pkl, intents: 30", "module": "intent_classifier", "function": "load_model", "line": 348}
{"timestamp": "2026-04-04T14:31:51.043825", "level": "INFO", "logger": "assistant.intent_classifier", "message": "Intent classifier quantized using float16 method", "module": "intent_classifier", "function": "quantize_model", "line": 382}
{"timestamp": "2026-04-04T14:31:51.049011", "level": "WARNING", "logger": "assistant.intent_classifier", "message": "ML Event: error_analysis", "module": "logger", "function": "log_ml_event", "line": 122, "event_type": "error_analysis", "error_type": "LookupError", "error_message": "\n**********************************************************************\n  Resource 'punkt_tab' not found.\n  Please use the NLTK Downloader to obtain the resource:\n\n  >>> import nltk\n  >>> nltk.download('punkt_tab')\n\n  For more information see: https://www.nltk.org/data.html\n\n  Attempted to load 'tokenizers/punkt_tab/english/'\n\n  Searched in:\n    - 'C:\\\\Users\\\\alokk/nltk_data'\n    - 'D:\\\\code\\\\Ai\\\\.venv\\\\nltk_data'\n    - 'D:\\\\code\\\\Ai\\\\.venv\\\\share\\\\nltk_data'\n    - 'D:\\\\code\\\\Ai\\\\.venv\\\\lib\\\\nltk_data'\n    - 'C:\\\\Users\\\\alokk\\\\AppData\\\\Roaming\\\\nltk_data'\n    - 'C:\\\\nltk_data'\n    - 'D:\\\\nltk_data'\n    - 'E:\\\\nltk_data'\n**********************************************************************\n", "context": {"operation": "prediction", "input_text": "search for unknown topic", "processing_time": 0.004597187042236328}}
{"timestamp": "2026-04-04T14:31:51.049258", "level": "ERROR", "logger": "assistant.intent_classifier", "message": "Prediction failed for text: search for unknown topic...: \n**********************************************************************\n  Resource 'punkt_tab' not found.\n  Please use the NLTK Downloader to obtain the resource:\n\n  >>> import nltk\n  >>> nltk.download('punkt_tab')\n\n  For more information see: https://www.nltk.org/data.html\n\n  Attempted to load 'tokenizers/punkt_tab/english/'\n\n  Searched in:\n    - 'C:\\\\Users\\\\alokk/nltk_data'\n    - 'D:\\\\code\\\\Ai\\\\.venv\\\\nltk_data'\n    - 'D:\\\\code\\\\Ai\\\\.venv\\\\share\\\\nltk_data'\n    - 'D:\\\\code\\\\Ai\\\\.venv\\\\lib\\\\nltk_data'\n    - 'C:\\\\Users\\\\alokk\\\\AppData\\\\Roaming\\\\nltk_data'\n    - 'C:\\\\nltk_data'\n    - 'D:\\\\nltk_data'\n    - 'E:\\\\nltk_data'\n**********************************************************************\n", "module": "intent_classifier", "function": "predict", "line": 304}
{"timestamp": "2026-04-04T14:31:52.057285", "level": "INFO", "logger": "assistant.intent_classifier", "message": "Model loaded successfully from D:\\code\\Ai\\models\\intent_classifier.pkl, intents: 30", "module": "intent_classifier", "function": "load_model", "line": 348}
{"timestamp": "2026-04-04T14:31:52.057712", "level": "INFO", "logger": "assistant.intent_classifier", "message": "Intent classifier quantized using float16 method", "module": "intent_classifier", "function": "quantize_model", "line": 382}
{"timestamp": "2026-04-04T14:31:52.064327", "level": "INFO", "logger": "assistant.intent_classifier", "message": "Model loaded successfully from D:\\code\\Ai\\models\\intent_classifier.pkl, intents: 30", "module": "intent_classifier", "function": "load_model", "line": 348}
{"timestamp": "2026-04-04T14:31:52.064616", "level": "INFO", "logger": "assistant.intent_classifier", "message": "Intent classifier quantized using float16 method", "module": "intent_classifier", "function": "quantize_model", "line": 382}
{"timestamp": "2026-04-04T14:31:52.067433", "level": "WARNING", "logger": "assistant.intent_classifier", "message": "ML Event: error_analysis", "module": "logger", "function": "log_ml_event", "line": 122, "event_type": "error_analysis", "error_type": "LookupError", "error_message": "\n**********************************************************************\n  Resource 'punkt_tab' not found.\n  Please use the NLTK Downloader to obtain the resource:\n\n  >>> import nltk\n  >>> nltk.download('punkt_tab')\n\n  For more information see: https://www.nltk.org/data.html\n\n  Attempted to load 'tokenizers/punkt_tab/english/'\n\n  Searched in:\n    - 'C:\\\\Users\\\\alokk/nltk_data'\n    - 'D:\\\\code\\\\Ai\\\\.venv\\\\nltk_data'\n    - 'D:\\\\code\\\\Ai\\\\.venv\\\\share\\\\nltk_data'\n    - 'D:\\\\code\\\\Ai\\\\.venv\\\\lib\\\\nltk_data'\n    - 'C:\\\\Users\\\\alokk\\\\AppData\\\\Roaming\\\\nltk_data'\n    - 'C:\\\\nltk_data'\n    - 'D:\\\\nltk_data'\n    - 'E:\\\\nltk_data'\n**********************************************************************\n", "context": {"operation": "prediction", "input_text": "search for python", "processing_time": 0.002328634262084961}}
{"timestamp": "2026-04-04T14:31:52.067563", "level": "ERROR", "logger": "assistant.intent_classifier", "message": "Prediction failed for text: search for python...: \n**********************************************************************\n  Resource 'punkt_tab' not found.\n  Please use the NLTK Downloader to obtain the resource:\n\n  >>> import nltk\n  >>> nltk.download('punkt_tab')\n\n  For more information see: https://www.nltk.org/data.html\n\n  Attempted to load 'tokenizers/punkt_tab/english/'\n\n  Searched in:\n    - 'C:\\\\Users\\\\alokk/nltk_data'\n    - 'D:\\\\code\\\\Ai\\\\.venv\\\\nltk_data'\n    - 'D:\\\\code\\\\Ai\\\\.venv\\\\share\\\\nltk_data'\n    - 'D:\\\\code\\\\Ai\\\\.venv\\\\lib\\\\nltk_data'\n    - 'C:\\\\Users\\\\alokk\\\\AppData\\\\Roaming\\\\nltk_data'\n    - 'C:\\\\nltk_data'\n    - 'D:\\\\nltk_data'\n    - 'E:\\\\nltk_data'\n**********************************************************************\n", "module": "intent_classifier", "function": "predict", "line": 304}
{"timestamp": "2026-04-04T14:31:53.077059", "level": "INFO", "logger": "assistant.intent_classifier", "message": "Model loaded successfully from D:\\code\\Ai\\models\\intent_classifier.pkl, intents: 30", "module": "intent_classifier", "function": "load_model", "line": 348}
{"timestamp": "2026-04-04T14:31:53.077403", "level": "INFO", "logger": "assistant.intent_classifier", "message": "Intent classifier quantized using float16 method", "module": "intent_classifier", "function": "quantize_model", "line": 382}
{"timestamp": "2026-04-04T14:31:53.085988", "level": "INFO", "logger": "assistant.intent_classifier", "message": "Model loaded successfully from D:\\code\\Ai\\models\\intent_classifier.pkl, intents: 30", "module": "intent_classifier", "function": "load_model", "line": 348}
{"timestamp": "2026-04-04T14:31:53.086356", "level": "INFO", "logger": "assistant.intent_classifier", "message": "Intent classifier quantized using float16 method", "module": "intent_classifier", "function": "quantize_model", "line": 382}
{"timestamp": "2026-04-04T14:31:53.090216", "level": "WARNING", "logger": "assistant.intent_classifier", "message": "ML Event: error_analysis", "module": "logger", "function": "log_ml_event", "line": 122, "event_type": "error_analysis", "error_type": "LookupError", "error_message": "\n**********************************************************************\n  Resource 'punkt_tab' not found.\n  Please use the NLTK Downloader to obtain the resource:\n\n  >>> import nltk\n  >>> nltk.download('punkt_tab')\n\n  For more information see: https://www.nltk.org/data.html\n\n  Attempted to load 'tokenizers/punkt_tab/english/'\n\n  Searched in:\n    - 'C:\\\\Users\\\\alokk/nltk_data'\n    - 'D:\\\\code\\\\Ai\\\\.venv\\\\nltk_data'\n    - 'D:\\\\code\\\\Ai\\\\.venv\\\\share\\\\nltk_data'\n    - 'D:\\\\code\\\\Ai\\\\.venv\\\\lib\\\\nltk_data'\n    - 'C:\\\\Users\\\\alokk\\\\AppData\\\\Roaming\\\\nltk_data'\n    - 'C:\\\\nltk_data'\n    - 'D:\\\\nltk_data'\n    - 'E:\\\\nltk_data'\n**********************************************************************\n", "context": {"operation": "prediction", "input_text": "what's the news", "processing_time": 0.003293275833129883}}
{"timestamp": "2026-04-04T14:31:53.090344", "level": "ERROR", "logger": "assistant.intent_classifier", "message": "Prediction failed for text: what's the news...: \n**********************************************************************\n  Resource 'punkt_tab' not found.\n  Please use the NLTK Downloader to obtain the resource:\n\n  >>> import nltk\n  >>> nltk.download('punkt_tab')\n\n  For more information see: https://www.nltk.org/data.html\n\n  Attempted to load 'tokenizers/punkt_tab/english/'\n\n  Searched in:\n    - 'C:\\\\Users\\\\alokk/nltk_data'\n    - 'D:\\\\code\\\\Ai\\\\.venv\\\\nltk_data'\n    - 'D:\\\\code\\\\Ai\\\\.venv\\\\share\\\\nltk_data'\n    - 'D:\\\\code\\\\Ai\\\\.venv\\\\lib\\\\nltk_data'\n    - 'C:\\\\Users\\\\alokk\\\\AppData\\\\Roaming\\\\nltk_data'\n    - 'C:\\\\nltk_data'\n    - 'D:\\\\nltk_data'\n    - 'E:\\\\nltk_data'\n**********************************************************************\n", "module": "intent_classifier", "function": "predict", "line": 304}
{"timestamp": "2026-04-04T14:31:54.100157", "level": "INFO", "logger": "assistant.intent_classifier", "message": "Model loaded successfully from D:\\code\\Ai\\models\\intent_classifier.pkl, intents: 30", "module": "intent_classifier", "function": "load_model", "line": 348}
{"timestamp": "2026-04-04T14:31:54.100496", "level": "INFO", "logger": "assistant.intent_classifier", "message": "Intent classifier quantized using float16 method", "module": "intent_classifier", "function": "quantize_model", "line": 382}
{"timestamp": "2026-04-04T14:31:54.106817", "level": "INFO", "logger": "assistant.intent_classifier", "message": "Model loaded successfully from D:\\code\\Ai\\models\\intent_classifier.pkl, intents: 30", "module": "intent_classifier", "function": "load_model", "line": 348}
{"timestamp": "2026-04-04T14:31:54.107270", "level": "INFO", "logger": "assistant.intent_classifier", "message": "Intent classifier quantized using float16 method", "module": "intent_classifier", "function": "quantize_model", "line": 382}
{"timestamp": "2026-04-04T14:31:54.110378", "level": "WARNING", "logger": "assistant.intent_classifier", "message": "ML Event: error_analysis", "module": "logger", "function": "log_ml_event", "line": 122, "event_type": "error_analysis", "error_type": "LookupError", "error_message": "\n**********************************************************************\n  Resource 'punkt_tab' not found.\n  Please use the NLTK Downloader to obtain the resource:\n\n  >>> import nltk\n  >>> nltk.download('punkt_tab')\n\n  For more information see: https://www.nltk.org/data.html\n\n  Attempted to load 'tokenizers/punkt_tab/english/'\n\n  Searched in:\n    - 'C:\\\\Users\\\\alokk/nltk_data'\n    - 'D:\\\\code\\\\Ai\\\\.venv\\\\nltk_data'\n    - 'D:\\\\code\\\\Ai\\\\.venv\\\\share\\\\nltk_data'\n    - 'D:\\\\code\\\\Ai\\\\.venv\\\\lib\\\\nltk_data'\n    - 'C:\\\\Users\\\\alokk\\\\AppData\\\\Roaming\\\\nltk_data'\n    - 'C:\\\\nltk_data'\n    - 'D:\\\\nltk_data'\n    - 'E:\\\\nltk_data'\n**********************************************************************\n", "context": {"operation": "prediction", "input_text": "create todo list for test_1775293314", "processing_time": 0.0028727054595947266}}
{"timestamp": "2026-04-04T14:31:54.110534", "level": "ERROR", "logger": "assistant.intent_classifier", "message": "Prediction failed for text: create todo list for test_1775293314...: \n**********************************************************************\n  Resource 'punkt_tab' not found.\n  Please use the NLTK Downloader to obtain the resource:\n\n  >>> import nltk\n  >>> nltk.download('punkt_tab')\n\n  For more information see: https://www.nltk.org/data.html\n\n  Attempted to load 'tokenizers/punkt_tab/english/'\n\n  Searched in:\n    - 'C:\\\\Users\\\\alokk/nltk_data'\n    - 'D:\\\\code\\\\Ai\\\\.venv\\\\nltk_data'\n    - 'D:\\\\code\\\\Ai\\\\.venv\\\\share\\\\nltk_data'\n    - 'D:\\\\code\\\\Ai\\\\.venv\\\\lib\\\\nltk_data'\n    - 'C:\\\\Users\\\\alokk\\\\AppData\\\\Roaming\\\\nltk_data'\n    - 'C:\\\\nltk_data'\n    - 'D:\\\\nltk_data'\n    - 'E:\\\\nltk_data'\n**********************************************************************\n", "module": "intent_classifier", "function": "predict", "line": 304}
{"timestamp": "2026-04-04T14:31:55.117168", "level": "WARNING", "logger": "assistant.intent_classifier", "message": "ML Event: error_analysis", "module": "logger", "function": "log_ml_event", "line": 122, "event_type": "error_analysis", "error_type": "LookupError", "error_message": "\n**********************************************************************\n  Resource 'punkt_tab' not found.\n  Please use the NLTK Downloader to obtain the resource:\n\n  >>> import nltk\n  >>> nltk.download('punkt_tab')\n\n  For more information see: https://www.nltk.org/data.html\n\n  Attempted to load 'tokenizers/punkt_tab/english/'\n\n  Searched in:\n    - 'C:\\\\Users\\\\alokk/nltk_data'\n    - 'D:\\\\code\\\\Ai\\\\.venv\\\\nltk_data'\n    - 'D:\\\\code\\\\Ai\\\\.venv\\\\share\\\\nltk_data'\n    - 'D:\\\\code\\\\Ai\\\\.venv\\\\lib\\\\nltk_data'\n    - 'C:\\\\Users\\\\alokk\\\\AppData\\\\Roaming\\\\nltk_data'\n    - 'C:\\\\nltk_data'\n    - 'D:\\\\nltk_data'\n    - 'E:\\\\nltk_data'\n**********************************************************************\n", "context": {"operation": "prediction", "input_text": "add task test 1775293314 task", "processing_time": 0.004287242889404297}}
{"timestamp": "2026-04-04T14:31:55.117463", "level": "ERROR", "logger": "assistant.intent_classifier", "message": "Prediction failed for text: add task test 1775293314 task...: \n**********************************************************************\n  Resource 'punkt_tab' not found.\n  Please use the NLTK Downloader to obtain the resource:\n\n  >>> import nltk\n  >>> nltk.download('punkt_tab')\n\n  For more information see: https://www.nltk.org/data.html\n\n  Attempted to load 'tokenizers/punkt_tab/english/'\n\n  Searched in:\n    - 'C:\\\\Users\\\\alokk/nltk_data'\n    - 'D:\\\\code\\\\Ai\\\\.venv\\\\nltk_data'\n    - 'D:\\\\code\\\\Ai\\\\.venv\\\\share\\\\nltk_data'\n    - 'D:\\\\code\\\\Ai\\\\.venv\\\\lib\\\\nltk_data'\n    - 'C:\\\\Users\\\\alokk\\\\AppData\\\\Roaming\\\\nltk_data'\n    - 'C:\\\\nltk_data'\n    - 'D:\\\\nltk_data'\n    - 'E:\\\\nltk_data'\n**********************************************************************\n", "module": "intent_classifier", "function": "predict", "line": 304}
{"timestamp": "2026-04-04T14:31:56.140751", "level": "WARNING", "logger": "assistant.intent_classifier", "message": "ML Event: error_analysis", "module": "logger", "function": "log_ml_event", "line": 122, "event_type": "error_analysis", "error_type": "LookupError", "error_message": "\n**********************************************************************\n  Resource 'punkt_tab' not found.\n  Please use the NLTK Downloader to obtain the resource:\n\n  >>> import nltk\n  >>> nltk.download('punkt_tab')\n\n  For more information see: https://www.nltk.org/data.html\n\n  Attempted to load 'tokenizers/punkt_tab/english/'\n\n  Searched in:\n    - 'C:\\\\Users\\\\alokk/nltk_data'\n    - 'D:\\\\code\\\\Ai\\\\.venv\\\\nltk_data'\n    - 'D:\\\\code\\\\Ai\\\\.venv\\\\share\\\\nltk_data'\n    - 'D:\\\\code\\\\Ai\\\\.venv\\\\lib\\\\nltk_data'\n    - 'C:\\\\Users\\\\alokk\\\\AppData\\\\Roaming\\\\nltk_data'\n    - 'C:\\\\nltk_data'\n    - 'D:\\\\nltk_data'\n    - 'E:\\\\nltk_data'\n**********************************************************************\n", "context": {"operation": "prediction", "input_text": "mark test 1775293314 task as done", "processing_time": 0.0034799575805664062}}
{"timestamp": "2026-04-04T14:31:56.141021", "level": "ERROR", "logger": "assistant.intent_classifier", "message": "Prediction failed for text: mark test 1775293314 task as done...: \n**********************************************************************\n  Resource 'punkt_tab' not found.\n  Please use the NLTK Downloader to obtain the resource:\n\n  >>> import nltk\n  >>> nltk.download('punkt_tab')\n\n  For more information see: https://www.nltk.org/data.html\n\n  Attempted to load 'tokenizers/punkt_tab/english/'\n\n  Searched in:\n    - 'C:\\\\Users\\\\alokk/nltk_data'\n    - 'D:\\\\code\\\\Ai\\\\.venv\\\\nltk_data'\n    - 'D:\\\\code\\\\Ai\\\\.venv\\\\share\\\\nltk_data'\n    - 'D:\\\\code\\\\Ai\\\\.venv\\\\lib\\\\nltk_data'\n    - 'C:\\\\Users\\\\alokk\\\\AppData\\\\Roaming\\\\nltk_data'\n    - 'C:\\\\nltk_data'\n    - 'D:\\\\nltk_data'\n    - 'E:\\\\nltk_data'\n**********************************************************************\n", "module": "intent_classifier", "function": "predict", "line": 304}
{"timestamp": "2026-04-04T14:31:57.172438", "level": "INFO", "logger": "assistant.intent_classifier", "message": "Model loaded successfully from D:\\code\\Ai\\models\\intent_classifier.pkl, intents: 30", "module": "intent_classifier", "function": "load_model", "line": 348}
{"timestamp": "2026-04-04T14:31:57.172924", "level": "INFO", "logger": "assistant.intent_classifier", "message": "Intent classifier quantized using float16 method", "module": "intent_classifier", "function": "quantize_model", "line": 382}
{"timestamp": "2026-04-04T14:31:57.181952", "level": "INFO", "logger": "assistant.intent_classifier", "message": "Model loaded successfully from D:\\code\\Ai\\models\\intent_classifier.pkl, intents: 30", "module": "intent_classifier", "function": "load_model", "line": 348}
{"timestamp": "2026-04-04T14:31:57.182516", "level": "INFO", "logger": "assistant.intent_classifier", "message": "Intent classifier quantized using float16 method", "module": "intent_classifier", "function": "quantize_model", "line": 382}
{"timestamp": "2026-04-04T14:31:57.187953", "level": "WARNING", "logger": "assistant.intent_classifier", "message": "ML Event: error_analysis", "module": "logger", "function": "log_ml_event", "line": 122, "event_type": "error_analysis", "error_type": "LookupError", "error_message": "\n**********************************************************************\n  Resource 'punkt_tab' not found.\n  Please use the NLTK Downloader to obtain the resource:\n\n  >>> import nltk\n  >>> nltk.download('punkt_tab')\n\n  For more information see: https://www.nltk.org/data.html\n\n  Attempted to load 'tokenizers/punkt_tab/english/'\n\n  Searched in:\n    - 'C:\\\\Users\\\\alokk/nltk_data'\n    - 'D:\\\\code\\\\Ai\\\\.venv\\\\nltk_data'\n    - 'D:\\\\code\\\\Ai\\\\.venv\\\\share\\\\nltk_data'\n    - 'D:\\\\code\\\\Ai\\\\.venv\\\\lib\\\\nltk_data'\n    - 'C:\\\\Users\\\\alokk\\\\AppData\\\\Roaming\\\\nltk_data'\n    - 'C:\\\\nltk_data'\n    - 'D:\\\\nltk_data'\n    - 'E:\\\\nltk_data'\n**********************************************************************\n", "context": {"operation": "prediction", "input_text": "go to google.com", "processing_time": 0.004799365997314453}}
{"timestamp": "2026-04-04T14:31:57.188195", "level": "ERROR", "logger": "assistant.intent_classifier", "message": "Prediction failed for text: go to google.com...: \n**********************************************************************\n  Resource 'punkt_tab' not found.\n  Please use the NLTK Downloader to obtain the resource:\n\n  >>> import nltk\n  >>> nltk.download('punkt_tab')\n\n  For more information see: https://www.nltk.org/data.html\n\n  Attempted to load 'tokenizers/punkt_tab/english/'\n\n  Searched in:\n    - 'C:\\\\Users\\\\alokk/nltk_data'\n    - 'D:\\\\code\\\\Ai\\\\.venv\\\\nltk_data'\n    - 'D:\\\\code\\\\Ai\\\\.venv\\\\share\\\\nltk_data'\n    - 'D:\\\\code\\\\Ai\\\\.venv\\\\lib\\\\nltk_data'\n    - 'C:\\\\Users\\\\alokk\\\\AppData\\\\Roaming\\\\nltk_data'\n    - 'C:\\\\nltk_data'\n    - 'D:\\\\nltk_data'\n    - 'E:\\\\nltk_data'\n**********************************************************************\n", "module": "intent_classifier", "function": "predict", "line": 304}
{"timestamp": "2026-04-04T14:31:58.193797", "level": "WARNING", "logger": "assistant.intent_classifier", "message": "ML Event: error_analysis", "module": "logger", "function": "log_ml_event", "line": 122, "event_type": "error_analysis", "error_type": "LookupError", "error_message": "\n**********************************************************************\n  Resource 'punkt_tab' not found.\n  Please use the NLTK Downloader to obtain the resource:\n\n  >>> import nltk\n  >>> nltk.download('punkt_tab')\n\n  For more information see: https://www.nltk.org/data.html\n\n  Attempted to load 'tokenizers/punkt_tab/english/'\n\n  Searched in:\n    - 'C:\\\\Users\\\\alokk/nltk_data'\n    - 'D:\\\\code\\\\Ai\\\\.venv\\\\nltk_data'\n    - 'D:\\\\code\\\\Ai\\\\.venv\\\\share\\\\nltk_data'\n    - 'D:\\\\code\\\\Ai\\\\.venv\\\\lib\\\\nltk_data'\n    - 'C:\\\\Users\\\\alokk\\\\AppData\\\\Roaming\\\\nltk_data'\n    - 'C:\\\\nltk_data'\n    - 'D:\\\\nltk_data'\n    - 'E:\\\\nltk_data'\n**********************************************************************\n", "context": {"operation": "prediction", "input_text": "go to invalid site", "processing_time": 0.004351377487182617}}
{"timestamp": "2026-04-04T14:31:58.194014", "level": "ERROR", "logger": "assistant.intent_classifier", "message": "Prediction failed for text: go to invalid site...: \n**********************************************************************\n  Resource 'punkt_tab' not found.\n  Please use the NLTK Downloader to obtain the resource:\n\n  >>> import nltk\n  >>> nltk.download('punkt_tab')\n\n  For more information see: https://www.nltk.org/data.html\n\n  Attempted to load 'tokenizers/punkt_tab/english/'\n\n  Searched in:\n    - 'C:\\\\Users\\\\alokk/nltk_data'\n    - 'D:\\\\code\\\\Ai\\\\.venv\\\\nltk_data'\n    - 'D:\\\\code\\\\Ai\\\\.venv\\\\share\\\\nltk_data'\n    - 'D:\\\\code\\\\Ai\\\\.venv\\\\lib\\\\nltk_data'\n    - 'C:\\\\Users\\\\alokk\\\\AppData\\\\Roaming\\\\nltk_data'\n    - 'C:\\\\nltk_data'\n    - 'D:\\\\nltk_data'\n    - 'E:\\\\nltk_data'\n**********************************************************************\n", "module": "intent_classifier", "function": "predict", "line": 304}
{"timestamp": "2026-04-04T14:32:09.638744", "level": "INFO", "logger": "assistant.intent_classifier", "message": "Model loaded successfully from D:\\code\\Ai\\models\\intent_classifier.pkl, intents: 30", "module": "intent_classifier", "function": "load_model", "line": 348}
{"timestamp": "2026-04-04T14:32:09.639247", "level": "INFO", "logger": "assistant.intent_classifier", "message": "Intent classifier quantized using float16 method", "module": "intent_classifier", "function": "quantize_model", "line": 382}
{"timestamp": "2026-04-04T14:32:09.645256", "level": "INFO", "logger": "assistant.intent_classifier", "message": "Model loaded successfully from D:\\code\\Ai\\models\\intent_classifier.pkl, intents: 30", "module": "intent_classifier", "function": "load_model", "line": 348}
{"timestamp": "2026-04-04T14:32:09.645880", "level": "INFO", "logger": "assistant.intent_classifier", "message": "Intent classifier quantized using float16 method", "module": "intent_classifier", "function": "quantize_model", "line": 382}
{"timestamp": "2026-04-04T14:32:09.649453", "level": "WARNING", "logger": "assistant.intent_classifier", "message": "ML Event: error_analysis", "module": "logger", "function": "log_ml_event", "line": 122, "event_type": "error_analysis", "error_type": "LookupError", "error_message": "\n**********************************************************************\n  Resource 'punkt_tab' not found.\n  Please use the NLTK Downloader to obtain the resource:\n\n  >>> import nltk\n  >>> nltk.download('punkt_tab')\n\n  For more information see: https://www.nltk.org/data.html\n\n  Attempted to load 'tokenizers/punkt_tab/english/'\n\n  Searched in:\n    - 'C:\\\\Users\\\\alokk/nltk_data'\n    - 'D:\\\\code\\\\Ai\\\\.venv\\\\nltk_data'\n    - 'D:\\\\code\\\\Ai\\\\.venv\\\\share\\\\nltk_data'\n    - 'D:\\\\code\\\\Ai\\\\.venv\\\\lib\\\\nltk_data'\n    - 'C:\\\\Users\\\\alokk\\\\AppData\\\\Roaming\\\\nltk_data'\n    - 'C:\\\\nltk_data'\n    - 'D:\\\\nltk_data'\n    - 'E:\\\\nltk_data'\n**********************************************************************\n", "context": {"operation": "prediction", "input_text": "where am i", "processing_time": 0.0028955936431884766}}
{"timestamp": "2026-04-04T14:32:09.649773", "level": "ERROR", "logger": "assistant.intent_classifier", "message": "Prediction failed for text: where am i...: \n**********************************************************************\n  Resource 'punkt_tab' not found.\n  Please use the NLTK Downloader to obtain the resource:\n\n  >>> import nltk\n  >>> nltk.download('punkt_tab')\n\n  For more information see: https://www.nltk.org/data.html\n\n  Attempted to load 'tokenizers/punkt_tab/english/'\n\n  Searched in:\n    - 'C:\\\\Users\\\\alokk/nltk_data'\n    - 'D:\\\\code\\\\Ai\\\\.venv\\\\nltk_data'\n    - 'D:\\\\code\\\\Ai\\\\.venv\\\\share\\\\nltk_data'\n    - 'D:\\\\code\\\\Ai\\\\.venv\\\\lib\\\\nltk_data'\n    - 'C:\\\\Users\\\\alokk\\\\AppData\\\\Roaming\\\\nltk_data'\n    - 'C:\\\\nltk_data'\n    - 'D:\\\\nltk_data'\n    - 'E:\\\\nltk_data'\n**********************************************************************\n", "module": "intent_classifier", "function": "predict", "line": 304}
{"timestamp": "2026-04-04T14:32:10.971344", "level": "WARNING", "logger": "assistant.intent_classifier", "message": "ML Event: error_analysis", "module": "logger", "function": "log_ml_event", "line": 122, "event_type": "error_analysis", "error_type": "LookupError", "error_message": "\n**********************************************************************\n  Resource 'punkt_tab' not found.\n  Please use the NLTK Downloader to obtain the resource:\n\n  >>> import nltk\n  >>> nltk.download('punkt_tab')\n\n  For more information see: https://www.nltk.org/data.html\n\n  Attempted to load 'tokenizers/punkt_tab/english/'\n\n  Searched in:\n    - 'C:\\\\Users\\\\alokk/nltk_data'\n    - 'D:\\\\code\\\\Ai\\\\.venv\\\\nltk_data'\n    - 'D:\\\\code\\\\Ai\\\\.venv\\\\share\\\\nltk_data'\n    - 'D:\\\\code\\\\Ai\\\\.venv\\\\lib\\\\nltk_data'\n    - 'C:\\\\Users\\\\alokk\\\\AppData\\\\Roaming\\\\nltk_data'\n    - 'C:\\\\nltk_data'\n    - 'D:\\\\nltk_data'\n    - 'E:\\\\nltk_data'\n**********************************************************************\n", "context": {"operation": "prediction", "input_text": "what's my location", "processing_time": 0.0035219192504882812}}
{"timestamp": "2026-04-04T14:32:10.971721", "level": "ERROR", "logger": "assistant.intent_classifier", "message": "Prediction failed for text: what's my location...: \n**********************************************************************\n  Resource 'punkt_tab' not found.\n  Please use the NLTK Downloader to obtain the resource:\n\n  >>> import nltk\n  >>> nltk.download('punkt_tab')\n\n  For more information see: https://www.nltk.org/data.html\n\n  Attempted to load 'tokenizers/punkt_tab/english/'\n\n  Searched in:\n    - 'C:\\\\Users\\\\alokk/nltk_data'\n    - 'D:\\\\code\\\\Ai\\\\.venv\\\\nltk_data'\n    - 'D:\\\\code\\\\Ai\\\\.venv\\\\share\\\\nltk_data'\n    - 'D:\\\\code\\\\Ai\\\\.venv\\\\lib\\\\nltk_data'\n    - 'C:\\\\Users\\\\alokk\\\\AppData\\\\Roaming\\\\nltk_data'\n    - 'C:\\\\nltk_data'\n    - 'D:\\\\nltk_data'\n    - 'E:\\\\nltk_data'\n**********************************************************************\n", "module": "intent_classifier", "function": "predict", "line": 304}
{"timestamp": "2026-04-04T14:32:12.289610", "level": "WARNING", "logger": "assistant.intent_classifier", "message": "ML Event: error_analysis", "module": "logger", "function": "log_ml_event", "line": 122, "event_type": "error_analysis", "error_type": "LookupError", "error_message": "\n**********************************************************************\n  Resource 'punkt_tab' not found.\n  Please use the NLTK Downloader to obtain the resource:\n\n  >>> import nltk\n  >>> nltk.download('punkt_tab')\n\n  For more information see: https://www.nltk.org/data.html\n\n  Attempted to load 'tokenizers/punkt_tab/english/'\n\n  Searched in:\n    - 'C:\\\\Users\\\\alokk/nltk_data'\n    - 'D:\\\\code\\\\Ai\\\\.venv\\\\nltk_data'\n    - 'D:\\\\code\\\\Ai\\\\.venv\\\\share\\\\nltk_data'\n    - 'D:\\\\code\\\\Ai\\\\.venv\\\\lib\\\\nltk_data'\n    - 'C:\\\\Users\\\\alokk\\\\AppData\\\\Roaming\\\\nltk_data'\n    - 'C:\\\\nltk_data'\n    - 'D:\\\\nltk_data'\n    - 'E:\\\\nltk_data'\n**********************************************************************\n", "context": {"operation": "prediction", "input_text": "geocode new york city", "processing_time": 0.0032846927642822266}}
{"timestamp": "2026-04-04T14:32:12.289835", "level": "ERROR", "logger": "assistant.intent_classifier", "message": "Prediction failed for text: geocode new york city...: \n**********************************************************************\n  Resource 'punkt_tab' not found.\n  Please use the NLTK Downloader to obtain the resource:\n\n  >>> import nltk\n  >>> nltk.download('punkt_tab')\n\n  For more information see: https://www.nltk.org/data.html\n\n  Attempted to load 'tokenizers/punkt_tab/english/'\n\n  Searched in:\n    - 'C:\\\\Users\\\\alokk/nltk_data'\n    - 'D:\\\\code\\\\Ai\\\\.venv\\\\nltk_data'\n    - 'D:\\\\code\\\\Ai\\\\.venv\\\\share\\\\nltk_data'\n    - 'D:\\\\code\\\\Ai\\\\.venv\\\\lib\\\\nltk_data'\n    - 'C:\\\\Users\\\\alokk\\\\AppData\\\\Roaming\\\\nltk_data'\n    - 'C:\\\\nltk_data'\n    - 'D:\\\\nltk_data'\n    - 'E:\\\\nltk_data'\n**********************************************************************\n", "module": "intent_classifier", "function": "predict", "line": 304}
{"timestamp": "2026-04-04T14:32:15.325874", "level": "WARNING", "logger": "assistant.intent_classifier", "message": "ML Event: error_analysis", "module": "logger", "function": "log_ml_event", "line": 122, "event_type": "error_analysis", "error_type": "LookupError", "error_message": "\n**********************************************************************\n  Resource 'punkt_tab' not found.\n  Please use the NLTK Downloader to obtain the resource:\n\n  >>> import nltk\n  >>> nltk.download('punkt_tab')\n\n  For more information see: https://www.nltk.org/data.html\n\n  Attempted to load 'tokenizers/punkt_tab/english/'\n\n  Searched in:\n    - 'C:\\\\Users\\\\alokk/nltk_data'\n    - 'D:\\\\code\\\\Ai\\\\.venv\\\\nltk_data'\n    - 'D:\\\\code\\\\Ai\\\\.venv\\\\share\\\\nltk_data'\n    - 'D:\\\\code\\\\Ai\\\\.venv\\\\lib\\\\nltk_data'\n    - 'C:\\\\Users\\\\alokk\\\\AppData\\\\Roaming\\\\nltk_data'\n    - 'C:\\\\nltk_data'\n    - 'D:\\\\nltk_data'\n    - 'E:\\\\nltk_data'\n**********************************************************************\n", "context": {"operation": "prediction", "input_text": "find coordinates for london", "processing_time": 0.002825021743774414}}
{"timestamp": "2026-04-04T14:32:15.326118", "level": "ERROR", "logger": "assistant.intent_classifier", "message": "Prediction failed for text: find coordinates for london...: \n**********************************************************************\n  Resource 'punkt_tab' not found.\n  Please use the NLTK Downloader to obtain the resource:\n\n  >>> import nltk\n  >>> nltk.download('punkt_tab')\n\n  For more information see: https://www.nltk.org/data.html\n\n  Attempted to load 'tokenizers/punkt_tab/english/'\n\n  Searched in:\n    - 'C:\\\\Users\\\\alokk/nltk_data'\n    - 'D:\\\\code\\\\Ai\\\\.venv\\\\nltk_data'\n    - 'D:\\\\code\\\\Ai\\\\.venv\\\\share\\\\nltk_data'\n    - 'D:\\\\code\\\\Ai\\\\.venv\\\\lib\\\\nltk_data'\n    - 'C:\\\\Users\\\\alokk\\\\AppData\\\\Roaming\\\\nltk_data'\n    - 'C:\\\\nltk_data'\n    - 'D:\\\\nltk_data'\n    - 'E:\\\\nltk_data'\n**********************************************************************\n", "module": "intent_classifier", "function": "predict", "line": 304}
{"timestamp": "2026-04-04T14:32:15.331425", "level": "WARNING", "logger": "assistant.intent_classifier", "message": "ML Event: error_analysis", "module": "logger", "function": "log_ml_event", "line": 122, "event_type": "error_analysis", "error_type": "LookupError", "error_message": "\n**********************************************************************\n  Resource 'punkt_tab' not found.\n  Please use the NLTK Downloader to obtain the resource:\n\n  >>> import nltk\n  >>> nltk.download('punkt_tab')\n\n  For more information see: https://www.nltk.org/data.html\n\n  Attempted to load 'tokenizers/punkt_tab/english/'\n\n  Searched in:\n    - 'C:\\\\Users\\\\alokk/nltk_data'\n    - 'D:\\\\code\\\\Ai\\\\.venv\\\\nltk_data'\n    - 'D:\\\\code\\\\Ai\\\\.venv\\\\share\\\\nltk_data'\n    - 'D:\\\\code\\\\Ai\\\\.venv\\\\lib\\\\nltk_data'\n    - 'C:\\\\Users\\\\alokk\\\\AppData\\\\Roaming\\\\nltk_data'\n    - 'C:\\\\nltk_data'\n    - 'D:\\\\nltk_data'\n    - 'E:\\\\nltk_data'\n**********************************************************************\n", "context": {"operation": "prediction", "input_text": "reverse geocode 40.7128, -74.0060", "processing_time": 0.004749774932861328}}
{"timestamp": "2026-04-04T14:32:15.331730", "level": "ERROR", "logger": "assistant.intent_classifier", "message": "Prediction failed for text: reverse geocode 40.7128, -74.0060...: \n**********************************************************************\n  Resource 'punkt_tab' not found.\n  Please use the NLTK Downloader to obtain the resource:\n\n  >>> import nltk\n  >>> nltk.download('punkt_tab')\n\n  For more information see: https://www.nltk.org/data.html\n\n  Attempted to load 'tokenizers/punkt_tab/english/'\n\n  Searched in:\n    - 'C:\\\\Users\\\\alokk/nltk_data'\n    - 'D:\\\\code\\\\Ai\\\\.venv\\\\nltk_data'\n    - 'D:\\\\code\\\\Ai\\\\.venv\\\\share\\\\nltk_data'\n    - 'D:\\\\code\\\\Ai\\\\.venv\\\\lib\\\\nltk_data'\n    - 'C:\\\\Users\\\\alokk\\\\AppData\\\\Roaming\\\\nltk_data'\n    - 'C:\\\\nltk_data'\n    - 'D:\\\\nltk_data'\n    - 'E:\\\\nltk_data'\n**********************************************************************\n", "module": "intent_classifier", "function": "predict", "line": 304}
{"timestamp": "2026-04-04T14:32:18.025756", "level": "WARNING", "logger": "assistant.intent_classifier", "message": "ML Event: error_analysis", "module": "logger", "function": "log_ml_event", "line": 122, "event_type": "error_analysis", "error_type": "LookupError", "error_message": "\n**********************************************************************\n  Resource 'punkt_tab' not found.\n  Please use the NLTK Downloader to obtain the resource:\n\n  >>> import nltk\n  >>> nltk.download('punkt_tab')\n\n  For more information see: https://www.nltk.org/data.html\n\n  Attempted to load 'tokenizers/punkt_tab/english/'\n\n  Searched in:\n    - 'C:\\\\Users\\\\alokk/nltk_data'\n    - 'D:\\\\code\\\\Ai\\\\.venv\\\\nltk_data'\n    - 'D:\\\\code\\\\Ai\\\\.venv\\\\share\\\\nltk_data'\n    - 'D:\\\\code\\\\Ai\\\\.venv\\\\lib\\\\nltk_data'\n    - 'C:\\\\Users\\\\alokk\\\\AppData\\\\Roaming\\\\nltk_data'\n    - 'C:\\\\nltk_data'\n    - 'D:\\\\nltk_data'\n    - 'E:\\\\nltk_data'\n**********************************************************************\n", "context": {"operation": "prediction", "input_text": "find address for coordinates 51.5074, -0.1278", "processing_time": 0.0029718875885009766}}
{"timestamp": "2026-04-04T14:32:18.026338", "level": "ERROR", "logger": "assistant.intent_classifier", "message": "Prediction failed for text: find address for coordinates 51.5074, -0.1278...: \n**********************************************************************\n  Resource 'punkt_tab' not found.\n  Please use the NLTK Downloader to obtain the resource:\n\n  >>> import nltk\n  >>> nltk.download('punkt_tab')\n\n  For more information see: https://www.nltk.org/data.html\n\n  Attempted to load 'tokenizers/punkt_tab/english/'\n\n  Searched in:\n    - 'C:\\\\Users\\\\alokk/nltk_data'\n    - 'D:\\\\code\\\\Ai\\\\.venv\\\\nltk_data'\n    - 'D:\\\\code\\\\Ai\\\\.venv\\\\share\\\\nltk_data'\n    - 'D:\\\\code\\\\Ai\\\\.venv\\\\lib\\\\nltk_data'\n    - 'C:\\\\Users\\\\alokk\\\\AppData\\\\Roaming\\\\nltk_data'\n    - 'C:\\\\nltk_data'\n    - 'D:\\\\nltk_data'\n    - 'E:\\\\nltk_data'\n**********************************************************************\n", "module": "intent_classifier", "function": "predict", "line": 304}
{"timestamp": "2026-04-04T14:32:18.031750", "level": "WARNING", "logger": "assistant.intent_classifier", "message": "ML Event: error_analysis", "module": "logger", "function": "log_ml_event", "line": 122, "event_type": "error_analysis", "error_type": "LookupError", "error_message": "\n**********************************************************************\n  Resource 'punkt_tab' not found.\n  Please use the NLTK Downloader to obtain the resource:\n\n  >>> import nltk\n  >>> nltk.download('punkt_tab')\n\n  For more information see: https://www.nltk.org/data.html\n\n  Attempted to load 'tokenizers/punkt_tab/english/'\n\n  Searched in:\n    - 'C:\\\\Users\\\\alokk/nltk_data'\n    - 'D:\\\\code\\\\Ai\\\\.venv\\\\nltk_data'\n    - 'D:\\\\code\\\\Ai\\\\.venv\\\\share\\\\nltk_data'\n    - 'D:\\\\code\\\\Ai\\\\.venv\\\\lib\\\\nltk_data'\n    - 'C:\\\\Users\\\\alokk\\\\AppData\\\\Roaming\\\\nltk_data'\n    - 'C:\\\\nltk_data'\n    - 'D:\\\\nltk_data'\n    - 'E:\\\\nltk_data'\n**********************************************************************\n", "context": {"operation": "prediction", "input_text": "how far is new york from london", "processing_time": 0.004449367523193359}}
{"timestamp": "2026-04-04T14:32:18.031957", "level": "ERROR", "logger": "assistant.intent_classifier", "message": "Prediction failed for text: how far is new york from london...: \n**********************************************************************\n  Resource 'punkt_tab' not found.\n  Please use the NLTK Downloader to obtain the resource:\n\n  >>> import nltk\n  >>> nltk.download('punkt_tab')\n\n  For more information see: https://www.nltk.org/data.html\n\n  Attempted to load 'tokenizers/punkt_tab/english/'\n\n  Searched in:\n    - 'C:\\\\Users\\\\alokk/nltk_data'\n    - 'D:\\\\code\\\\Ai\\\\.venv\\\\nltk_data'\n    - 'D:\\\\code\\\\Ai\\\\.venv\\\\share\\\\nltk_data'\n    - 'D:\\\\code\\\\Ai\\\\.venv\\\\lib\\\\nltk_data'\n    - 'C:\\\\Users\\\\alokk\\\\AppData\\\\Roaming\\\\nltk_data'\n    - 'C:\\\\nltk_data'\n    - 'D:\\\\nltk_data'\n    - 'E:\\\\nltk_data'\n**********************************************************************\n", "module": "intent_classifier", "function": "predict", "line": 304}
{"timestamp": "2026-04-04T14:32:23.043348", "level": "WARNING", "logger": "assistant.intent_classifier", "message": "ML Event: error_analysis", "module": "logger", "function": "log_ml_event", "line": 122, "event_type": "error_analysis", "error_type": "LookupError", "error_message": "\n**********************************************************************\n  Resource 'punkt_tab' not found.\n  Please use the NLTK Downloader to obtain the resource:\n\n  >>> import nltk\n  >>> nltk.download('punkt_tab')\n\n  For more information see: https://www.nltk.org/data.html\n\n  Attempted to load 'tokenizers/punkt_tab/english/'\n\n  Searched in:\n    - 'C:\\\\Users\\\\alokk/nltk_data'\n    - 'D:\\\\code\\\\Ai\\\\.venv\\\\nltk_data'\n    - 'D:\\\\code\\\\Ai\\\\.venv\\\\share\\\\nltk_data'\n    - 'D:\\\\code\\\\Ai\\\\.venv\\\\lib\\\\nltk_data'\n    - 'C:\\\\Users\\\\alokk\\\\AppData\\\\Roaming\\\\nltk_data'\n    - 'C:\\\\nltk_data'\n    - 'D:\\\\nltk_data'\n    - 'E:\\\\nltk_data'\n**********************************************************************\n", "context": {"operation": "prediction", "input_text": "distance between paris and berlin", "processing_time": 0.0032308101654052734}}
{"timestamp": "2026-04-04T14:32:23.043618", "level": "ERROR", "logger": "assistant.intent_classifier", "message": "Prediction failed for text: distance between paris and berlin...: \n**********************************************************************\n  Resource 'punkt_tab' not found.\n  Please use the NLTK Downloader to obtain the resource:\n\n  >>> import nltk\n  >>> nltk.download('punkt_tab')\n\n  For more information see: https://www.nltk.org/data.html\n\n  Attempted to load 'tokenizers/punkt_tab/english/'\n\n  Searched in:\n    - 'C:\\\\Users\\\\alokk/nltk_data'\n    - 'D:\\\\code\\\\Ai\\\\.venv\\\\nltk_data'\n    - 'D:\\\\code\\\\Ai\\\\.venv\\\\share\\\\nltk_data'\n    - 'D:\\\\code\\\\Ai\\\\.venv\\\\lib\\\\nltk_data'\n    - 'C:\\\\Users\\\\alokk\\\\AppData\\\\Roaming\\\\nltk_data'\n    - 'C:\\\\nltk_data'\n    - 'D:\\\\nltk_data'\n    - 'E:\\\\nltk_data'\n**********************************************************************\n", "module": "intent_classifier", "function": "predict", "line": 304}
{"timestamp": "2026-04-04T14:33:25.782954", "level": "INFO", "logger": "assistant.intent_classifier", "message": "Model loaded successfully from D:\\code\\Ai\\models\\intent_classifier.pkl, intents: 30", "module": "intent_classifier", "function": "load_model", "line": 348}
{"timestamp": "2026-04-04T14:33:25.783478", "level": "INFO", "logger": "assistant.intent_classifier", "message": "Intent classifier quantized using float16 method", "module": "intent_classifier", "function": "quantize_model", "line": 382}
{"timestamp": "2026-04-04T14:33:25.788609", "level": "INFO", "logger": "assistant.intent_classifier", "message": "Model loaded successfully from D:\\code\\Ai\\models\\intent_classifier.pkl, intents: 30", "module": "intent_classifier", "function": "load_model", "line": 348}
{"timestamp": "2026-04-04T14:33:25.788850", "level": "INFO", "logger": "assistant.intent_classifier", "message": "Intent classifier quantized using float16 method", "module": "intent_classifier", "function": "quantize_model", "line": 382}
{"timestamp": "2026-04-04T14:33:25.800872", "level": "WARNING", "logger": "assistant.intent_classifier", "message": "ML Event: error_analysis", "module": "logger", "function": "log_ml_event", "line": 122, "event_type": "error_analysis", "error_type": "LookupError", "error_message": "\n**********************************************************************\n  Resource 'punkt_tab' not found.\n  Please use the NLTK Downloader to obtain the resource:\n\n  >>> import nltk\n  >>> nltk.download('punkt_tab')\n\n  For more information see: https://www.nltk.org/data.html\n\n  Attempted to load 'tokenizers/punkt_tab/english/'\n\n  Searched in:\n    - 'C:\\\\Users\\\\alokk/nltk_data'\n    - 'D:\\\\code\\\\Ai\\\\.venv\\\\nltk_data'\n    - 'D:\\\\code\\\\Ai\\\\.venv\\\\share\\\\nltk_data'\n    - 'D:\\\\code\\\\Ai\\\\.venv\\\\lib\\\\nltk_data'\n    - 'C:\\\\Users\\\\alokk\\\\AppData\\\\Roaming\\\\nltk_data'\n    - 'C:\\\\nltk_data'\n    - 'D:\\\\nltk_data'\n    - 'E:\\\\nltk_data'\n**********************************************************************\n", "context": {"operation": "prediction", "input_text": "open chrome", "processing_time": 0.0036478042602539062}}
{"timestamp": "2026-04-04T14:33:25.801176", "level": "ERROR", "logger": "assistant.intent_classifier", "message": "Prediction failed for text: open chrome...: \n**********************************************************************\n  Resource 'punkt_tab' not found.\n  Please use the NLTK Downloader to obtain the resource:\n\n  >>> import nltk\n  >>> nltk.download('punkt_tab')\n\n  For more information see: https://www.nltk.org/data.html\n\n  Attempted to load 'tokenizers/punkt_tab/english/'\n\n  Searched in:\n    - 'C:\\\\Users\\\\alokk/nltk_data'\n    - 'D:\\\\code\\\\Ai\\\\.venv\\\\nltk_data'\n    - 'D:\\\\code\\\\Ai\\\\.venv\\\\share\\\\nltk_data'\n    - 'D:\\\\code\\\\Ai\\\\.venv\\\\lib\\\\nltk_data'\n    - 'C:\\\\Users\\\\alokk\\\\AppData\\\\Roaming\\\\nltk_data'\n    - 'C:\\\\nltk_data'\n    - 'D:\\\\nltk_data'\n    - 'E:\\\\nltk_data'\n**********************************************************************\n", "module": "intent_classifier", "function": "predict", "line": 304}
{"timestamp": "2026-04-04T14:33:25.831705", "level": "WARNING", "logger": "assistant.intent_classifier", "message": "ML Event: error_analysis", "module": "logger", "function": "log_ml_event", "line": 122, "event_type": "error_analysis", "error_type": "LookupError", "error_message": "\n**********************************************************************\n  Resource 'punkt_tab' not found.\n  Please use the NLTK Downloader to obtain the resource:\n\n  >>> import nltk\n  >>> nltk.download('punkt_tab')\n\n  For more information see: https://www.nltk.org/data.html\n\n  Attempted to load 'tokenizers/punkt_tab/english/'\n\n  Searched in:\n    - 'C:\\\\Users\\\\alokk/nltk_data'\n    - 'D:\\\\code\\\\Ai\\\\.venv\\\\nltk_data'\n    - 'D:\\\\code\\\\Ai\\\\.venv\\\\share\\\\nltk_data'\n    - 'D:\\\\code\\\\Ai\\\\.venv\\\\lib\\\\nltk_data'\n    - 'C:\\\\Users\\\\alokk\\\\AppData\\\\Roaming\\\\nltk_data'\n    - 'C:\\\\nltk_data'\n    - 'D:\\\\nltk_data'\n    - 'E:\\\\nltk_data'\n**********************************************************************\n", "context": {"operation": "prediction", "input_text": "what is python", "processing_time": 0.0036661624908447266}}
{"timestamp": "2026-04-04T14:33:25.831904", "level": "ERROR", "logger": "assistant.intent_classifier", "message": "Prediction failed for text: what is python...: \n**********************************************************************\n  Resource 'punkt_tab' not found.\n  Please use the NLTK Downloader to obtain the resource:\n\n  >>> import nltk\n  >>> nltk.download('punkt_tab')\n\n  For more information see: https://www.nltk.org/data.html\n\n  Attempted to load 'tokenizers/punkt_tab/english/'\n\n  Searched in:\n    - 'C:\\\\Users\\\\alokk/nltk_data'\n    - 'D:\\\\code\\\\Ai\\\\.venv\\\\nltk_data'\n    - 'D:\\\\code\\\\Ai\\\\.venv\\\\share\\\\nltk_data'\n    - 'D:\\\\code\\\\Ai\\\\.venv\\\\lib\\\\nltk_data'\n    - 'C:\\\\Users\\\\alokk\\\\AppData\\\\Roaming\\\\nltk_data'\n    - 'C:\\\\nltk_data'\n    - 'D:\\\\nltk_data'\n    - 'E:\\\\nltk_data'\n**********************************************************************\n", "module": "intent_classifier", "function": "predict", "line": 304}
{"timestamp": "2026-04-04T14:33:25.835225", "level": "WARNING", "logger": "assistant.intent_classifier", "message": "ML Event: error_analysis", "module": "logger", "function": "log_ml_event", "line": 122, "event_type": "error_analysis", "error_type": "LookupError", "error_message": "\n**********************************************************************\n  Resource 'punkt_tab' not found.\n  Please use the NLTK Downloader to obtain the resource:\n\n  >>> import nltk\n  >>> nltk.download('punkt_tab')\n\n  For more information see: https://www.nltk.org/data.html\n\n  Attempted to load 'tokenizers/punkt_tab/english/'\n\n  Searched in:\n    - 'C:\\\\Users\\\\alokk/nltk_data'\n    - 'D:\\\\code\\\\Ai\\\\.venv\\\\nltk_data'\n    - 'D:\\\\code\\\\Ai\\\\.venv\\\\share\\\\nltk_data'\n    - 'D:\\\\code\\\\Ai\\\\.venv\\\\lib\\\\nltk_data'\n    - 'C:\\\\Users\\\\alokk\\\\AppData\\\\Roaming\\\\nltk_data'\n    - 'C:\\\\nltk_data'\n    - 'D:\\\\nltk_data'\n    - 'E:\\\\nltk_data'\n**********************************************************************\n", "context": {"operation": "prediction", "input_text": "tell me a joke", "processing_time": 0.0029785633087158203}}
{"timestamp": "2026-04-04T14:33:25.835933", "level": "ERROR", "logger": "assistant.intent_classifier", "message": "Prediction failed for text: tell me a joke...: \n**********************************************************************\n  Resource 'punkt_tab' not found.\n  Please use the NLTK Downloader to obtain the resource:\n\n  >>> import nltk\n  >>> nltk.download('punkt_tab')\n\n  For more information see: https://www.nltk.org/data.html\n\n  Attempted to load 'tokenizers/punkt_tab/english/'\n\n  Searched in:\n    - 'C:\\\\Users\\\\alokk/nltk_data'\n    - 'D:\\\\code\\\\Ai\\\\.venv\\\\nltk_data'\n    - 'D:\\\\code\\\\Ai\\\\.venv\\\\share\\\\nltk_data'\n    - 'D:\\\\code\\\\Ai\\\\.venv\\\\lib\\\\nltk_data'\n    - 'C:\\\\Users\\\\alokk\\\\AppData\\\\Roaming\\\\nltk_data'\n    - 'C:\\\\nltk_data'\n    - 'D:\\\\nltk_data'\n    - 'E:\\\\nltk_data'\n**********************************************************************\n", "module": "intent_classifier", "function": "predict", "line": 304}
{"timestamp": "2026-04-04T14:33:25.839469", "level": "WARNING", "logger": "assistant.intent_classifier", "message": "ML Event: error_analysis", "module": "logger", "function": "log_ml_event", "line": 122, "event_type": "error_analysis", "error_type": "LookupError", "error_message": "\n**********************************************************************\n  Resource 'punkt_tab' not found.\n  Please use the NLTK Downloader to obtain the resource:\n\n  >>> import nltk\n  >>> nltk.download('punkt_tab')\n\n  For more information see: https://www.nltk.org/data.html\n\n  Attempted to load 'tokenizers/punkt_tab/english/'\n\n  Searched in:\n    - 'C:\\\\Users\\\\alokk/nltk_data'\n    - 'D:\\\\code\\\\Ai\\\\.venv\\\\nltk_data'\n    - 'D:\\\\code\\\\Ai\\\\.venv\\\\share\\\\nltk_data'\n    - 'D:\\\\code\\\\Ai\\\\.venv\\\\lib\\\\nltk_data'\n    - 'C:\\\\Users\\\\alokk\\\\AppData\\\\Roaming\\\\nltk_data'\n    - 'C:\\\\nltk_data'\n    - 'D:\\\\nltk_data'\n    - 'E:\\\\nltk_data'\n**********************************************************************\n", "context": {"operation": "prediction", "input_text": "volume up", "processing_time": 0.002930164337158203}}
{"timestamp": "2026-04-04T14:33:25.839721", "level": "ERROR", "logger": "assistant.intent_classifier", "message": "Prediction failed for text: volume up...: \n**********************************************************************\n  Resource 'punkt_tab' not found.\n  Please use the NLTK Downloader to obtain the resource:\n\n  >>> import nltk\n  >>> nltk.download('punkt_tab')\n\n  For more information see: https://www.nltk.org/data.html\n\n  Attempted to load 'tokenizers/punkt_tab/english/'\n\n  Searched in:\n    - 'C:\\\\Users\\\\alokk/nltk_data'\n    - 'D:\\\\code\\\\Ai\\\\.venv\\\\nltk_data'\n    - 'D:\\\\code\\\\Ai\\\\.venv\\\\share\\\\nltk_data'\n    - 'D:\\\\code\\\\Ai\\\\.venv\\\\lib\\\\nltk_data'\n    - 'C:\\\\Users\\\\alokk\\\\AppData\\\\Roaming\\\\nltk_data'\n    - 'C:\\\\nltk_data'\n    - 'D:\\\\nltk_data'\n    - 'E:\\\\nltk_data'\n**********************************************************************\n", "module": "intent_classifier", "function": "predict", "line": 304}
{"timestamp": "2026-04-04T14:33:25.843167", "level": "WARNING", "logger": "assistant.intent_classifier", "message": "ML Event: error_analysis", "module": "logger", "function": "log_ml_event", "line": 122, "event_type": "error_analysis", "error_type": "LookupError", "error_message": "\n**********************************************************************\n  Resource 'punkt_tab' not found.\n  Please use the NLTK Downloader to obtain the resource:\n\n  >>> import nltk\n  >>> nltk.download('punkt_tab')\n\n  For more information see: https://www.nltk.org/data.html\n\n  Attempted to load 'tokenizers/punkt_tab/english/'\n\n  Searched in:\n    - 'C:\\\\Users\\\\alokk/nltk_data'\n    - 'D:\\\\code\\\\Ai\\\\.venv\\\\nltk_data'\n    - 'D:\\\\code\\\\Ai\\\\.venv\\\\share\\\\nltk_data'\n    - 'D:\\\\code\\\\Ai\\\\.venv\\\\lib\\\\nltk_data'\n    - 'C:\\\\Users\\\\alokk\\\\AppData\\\\Roaming\\\\nltk_data'\n    - 'C:\\\\nltk_data'\n    - 'D:\\\\nltk_data'\n    - 'E:\\\\nltk_data'\n**********************************************************************\n", "context": {"operation": "prediction", "input_text": "take screenshot", "processing_time": 0.0029366016387939453}}
{"timestamp": "2026-04-04T14:33:25.843359", "level": "ERROR", "logger": "assistant.intent_classifier", "message": "Prediction failed for text: take screenshot...: \n**********************************************************************\n  Resource 'punkt_tab' not found.\n  Please use the NLTK Downloader to obtain the resource:\n\n  >>> import nltk\n  >>> nltk.download('punkt_tab')\n\n  For more information see: https://www.nltk.org/data.html\n\n  Attempted to load 'tokenizers/punkt_tab/english/'\n\n  Searched in:\n    - 'C:\\\\Users\\\\alokk/nltk_data'\n    - 'D:\\\\code\\\\Ai\\\\.venv\\\\nltk_data'\n    - 'D:\\\\code\\\\Ai\\\\.venv\\\\share\\\\nltk_data'\n    - 'D:\\\\code\\\\Ai\\\\.venv\\\\lib\\\\nltk_data'\n    - 'C:\\\\Users\\\\alokk\\\\AppData\\\\Roaming\\\\nltk_data'\n    - 'C:\\\\nltk_data'\n    - 'D:\\\\nltk_data'\n    - 'E:\\\\nltk_data'\n**********************************************************************\n", "module": "intent_classifier", "function": "predict", "line": 304}
{"timestamp": "2026-04-04T14:33:25.847338", "level": "WARNING", "logger": "assistant.intent_classifier", "message": "ML Event: error_analysis", "module": "logger", "function": "log_ml_event", "line": 122, "event_type": "error_analysis", "error_type": "LookupError", "error_message": "\n**********************************************************************\n  Resource 'punkt_tab' not found.\n  Please use the NLTK Downloader to obtain the resource:\n\n  >>> import nltk\n  >>> nltk.download('punkt_tab')\n\n  For more information see: https://www.nltk.org/data.html\n\n  Attempted to load 'tokenizers/punkt_tab/english/'\n\n  Searched in:\n    - 'C:\\\\Users\\\\alokk/nltk_data'\n    - 'D:\\\\code\\\\Ai\\\\.venv\\\\nltk_data'\n    - 'D:\\\\code\\\\Ai\\\\.venv\\\\share\\\\nltk_data'\n    - 'D:\\\\code\\\\Ai\\\\.venv\\\\lib\\\\nltk_data'\n    - 'C:\\\\Users\\\\alokk\\\\AppData\\\\Roaming\\\\nltk_data'\n    - 'C:\\\\nltk_data'\n    - 'D:\\\\nltk_data'\n    - 'E:\\\\nltk_data'\n**********************************************************************\n", "context": {"operation": "prediction", "input_text": "search for machine learning", "processing_time": 0.0032815933227539062}}
{"timestamp": "2026-04-04T14:33:25.847487", "level": "ERROR", "logger": "assistant.intent_classifier", "message": "Prediction failed for text: search for machine learning...: \n**********************************************************************\n  Resource 'punkt_tab' not found.\n  Please use the NLTK Downloader to obtain the resource:\n\n  >>> import nltk\n  >>> nltk.download('punkt_tab')\n\n  For more information see: https://www.nltk.org/data.html\n\n  Attempted to load 'tokenizers/punkt_tab/english/'\n\n  Searched in:\n    - 'C:\\\\Users\\\\alokk/nltk_data'\n    - 'D:\\\\code\\\\Ai\\\\.venv\\\\nltk_data'\n    - 'D:\\\\code\\\\Ai\\\\.venv\\\\share\\\\nltk_data'\n    - 'D:\\\\code\\\\Ai\\\\.venv\\\\lib\\\\nltk_data'\n    - 'C:\\\\Users\\\\alokk\\\\AppData\\\\Roaming\\\\nltk_data'\n    - 'C:\\\\nltk_data'\n    - 'D:\\\\nltk_data'\n    - 'E:\\\\nltk_data'\n**********************************************************************\n", "module": "intent_classifier", "function": "predict", "line": 304}
{"timestamp": "2026-04-04T14:33:25.851622", "level": "WARNING", "logger": "assistant.intent_classifier", "message": "ML Event: error_analysis", "module": "logger", "function": "log_ml_event", "line": 122, "event_type": "error_analysis", "error_type": "LookupError", "error_message": "\n**********************************************************************\n  Resource 'punkt_tab' not found.\n  Please use the NLTK Downloader to obtain the resource:\n\n  >>> import nltk\n  >>> nltk.download('punkt_tab')\n\n  For more information see: https://www.nltk.org/data.html\n\n  Attempted to load 'tokenizers/punkt_tab/english/'\n\n  Searched in:\n    - 'C:\\\\Users\\\\alokk/nltk_data'\n    - 'D:\\\\code\\\\Ai\\\\.venv\\\\nltk_data'\n    - 'D:\\\\code\\\\Ai\\\\.venv\\\\share\\\\nltk_data'\n    - 'D:\\\\code\\\\Ai\\\\.venv\\\\lib\\\\nltk_data'\n    - 'C:\\\\Users\\\\alokk\\\\AppData\\\\Roaming\\\\nltk_data'\n    - 'C:\\\\nltk_data'\n    - 'D:\\\\nltk_data'\n    - 'E:\\\\nltk_data'\n**********************************************************************\n", "context": {"operation": "prediction", "input_text": "weather in london", "processing_time": 0.0037822723388671875}}
{"timestamp": "2026-04-04T14:33:25.851790", "level": "ERROR", "logger": "assistant.intent_classifier", "message": "Prediction failed for text: weather in london...: \n**********************************************************************\n  Resource 'punkt_tab' not found.\n  Please use the NLTK Downloader to obtain the resource:\n\n  >>> import nltk\n  >>> nltk.download('punkt_tab')\n\n  For more information see: https://www.nltk.org/data.html\n\n  Attempted to load 'tokenizers/punkt_tab/english/'\n\n  Searched in:\n    - 'C:\\\\Users\\\\alokk/nltk_data'\n    - 'D:\\\\code\\\\Ai\\\\.venv\\\\nltk_data'\n    - 'D:\\\\code\\\\Ai\\\\.venv\\\\share\\\\nltk_data'\n    - 'D:\\\\code\\\\Ai\\\\.venv\\\\lib\\\\nltk_data'\n    - 'C:\\\\Users\\\\alokk\\\\AppData\\\\Roaming\\\\nltk_data'\n    - 'C:\\\\nltk_data'\n    - 'D:\\\\nltk_data'\n    - 'E:\\\\nltk_data'\n**********************************************************************\n", "module": "intent_classifier", "function": "predict", "line": 304}
{"timestamp": "2026-04-04T14:33:25.854869", "level": "WARNING", "logger": "assistant.intent_classifier", "message": "ML Event: error_analysis", "module": "logger", "function": "log_ml_event", "line": 122, "event_type": "error_analysis", "error_type": "LookupError", "error_message": "\n**********************************************************************\n  Resource 'punkt_tab' not found.\n  Please use the NLTK Downloader to obtain the resource:\n\n  >>> import nltk\n  >>> nltk.download('punkt_tab')\n\n  For more information see: https://www.nltk.org/data.html\n\n  Attempted to load 'tokenizers/punkt_tab/english/'\n\n  Searched in:\n    - 'C:\\\\Users\\\\alokk/nltk_data'\n    - 'D:\\\\code\\\\Ai\\\\.venv\\\\nltk_data'\n    - 'D:\\\\code\\\\Ai\\\\.venv\\\\share\\\\nltk_data'\n    - 'D:\\\\code\\\\Ai\\\\.venv\\\\lib\\\\nltk_data'\n    - 'C:\\\\Users\\\\alokk\\\\AppData\\\\Roaming\\\\nltk_data'\n    - 'C:\\\\nltk_data'\n    - 'D:\\\\nltk_data'\n    - 'E:\\\\nltk_data'\n**********************************************************************\n", "context": {"operation": "prediction", "input_text": "create todo list for shopping", "processing_time": 0.0025310516357421875}}
{"timestamp": "2026-04-04T14:33:25.854976", "level": "ERROR", "logger": "assistant.intent_classifier", "message": "Prediction failed for text: create todo list for shopping...: \n**********************************************************************\n  Resource 'punkt_tab' not found.\n  Please use the NLTK Downloader to obtain the resource:\n\n  >>> import nltk\n  >>> nltk.download('punkt_tab')\n\n  For more information see: https://www.nltk.org/data.html\n\n  Attempted to load 'tokenizers/punkt_tab/english/'\n\n  Searched in:\n    - 'C:\\\\Users\\\\alokk/nltk_data'\n    - 'D:\\\\code\\\\Ai\\\\.venv\\\\nltk_data'\n    - 'D:\\\\code\\\\Ai\\\\.venv\\\\share\\\\nltk_data'\n    - 'D:\\\\code\\\\Ai\\\\.venv\\\\lib\\\\nltk_data'\n    - 'C:\\\\Users\\\\alokk\\\\AppData\\\\Roaming\\\\nltk_data'\n    - 'C:\\\\nltk_data'\n    - 'D:\\\\nltk_data'\n    - 'E:\\\\nltk_data'\n**********************************************************************\n", "module": "intent_classifier", "function": "predict", "line": 304}
{"timestamp": "2026-04-04T14:33:35.768576", "level": "INFO", "logger": "assistant.intent_classifier", "message": "Model loaded successfully from D:\\code\\Ai\\models\\intent_classifier.pkl, intents: 30", "module": "intent_classifier", "function": "load_model", "line": 348}
{"timestamp": "2026-04-04T14:33:35.769090", "level": "INFO", "logger": "assistant.intent_classifier", "message": "Intent classifier quantized using float16 method", "module": "intent_classifier", "function": "quantize_model", "line": 382}
{"timestamp": "2026-04-04T14:33:35.774594", "level": "INFO", "logger": "assistant.intent_classifier", "message": "Model loaded successfully from D:\\code\\Ai\\models\\intent_classifier.pkl, intents: 30", "module": "intent_classifier", "function": "load_model", "line": 348}
{"timestamp": "2026-04-04T14:33:35.774923", "level": "INFO", "logger": "assistant.intent_classifier", "message": "Intent classifier quantized using float16 method", "module": "intent_classifier", "function": "quantize_model", "line": 382}
{"timestamp": "2026-04-04T14:33:35.780315", "level": "WARNING", "logger": "assistant.intent_classifier", "message": "ML Event: error_analysis", "module": "logger", "function": "log_ml_event", "line": 122, "event_type": "error_analysis", "error_type": "LookupError", "error_message": "\n**********************************************************************\n  Resource 'punkt_tab' not found.\n  Please use the NLTK Downloader to obtain the resource:\n\n  >>> import nltk\n  >>> nltk.download('punkt_tab')\n\n  For more information see: https://www.nltk.org/data.html\n\n  Attempted to load 'tokenizers/punkt_tab/english/'\n\n  Searched in:\n    - 'C:\\\\Users\\\\alokk/nltk_data'\n    - 'D:\\\\code\\\\Ai\\\\.venv\\\\nltk_data'\n    - 'D:\\\\code\\\\Ai\\\\.venv\\\\share\\\\nltk_data'\n    - 'D:\\\\code\\\\Ai\\\\.venv\\\\lib\\\\nltk_data'\n    - 'C:\\\\Users\\\\alokk\\\\AppData\\\\Roaming\\\\nltk_data'\n    - 'C:\\\\nltk_data'\n    - 'D:\\\\nltk_data'\n    - 'E:\\\\nltk_data'\n**********************************************************************\n", "context": {"operation": "prediction", "input_text": "change voice to male", "processing_time": 0.005219936370849609}}
{"timestamp": "2026-04-04T14:33:35.781083", "level": "ERROR", "logger": "assistant.intent_classifier", "message": "Prediction failed for text: change voice to male...: \n**********************************************************************\n  Resource 'punkt_tab' not found.\n  Please use the NLTK Downloader to obtain the resource:\n\n  >>> import nltk\n  >>> nltk.download('punkt_tab')\n\n  For more information see: https://www.nltk.org/data.html\n\n  Attempted to load 'tokenizers/punkt_tab/english/'\n\n  Searched in:\n    - 'C:\\\\Users\\\\alokk/nltk_data'\n    - 'D:\\\\code\\\\Ai\\\\.venv\\\\nltk_data'\n    - 'D:\\\\code\\\\Ai\\\\.venv\\\\share\\\\nltk_data'\n    - 'D:\\\\code\\\\Ai\\\\.venv\\\\lib\\\\nltk_data'\n    - 'C:\\\\Users\\\\alokk\\\\AppData\\\\Roaming\\\\nltk_data'\n    - 'C:\\\\nltk_data'\n    - 'D:\\\\nltk_data'\n    - 'E:\\\\nltk_data'\n**********************************************************************\n", "module": "intent_classifier", "function": "predict", "line": 304}
{"timestamp": "2026-04-04T14:33:36.813022", "level": "WARNING", "logger": "assistant.intent_classifier", "message": "ML Event: error_analysis", "module": "logger", "function": "log_ml_event", "line": 122, "event_type": "error_analysis", "error_type": "LookupError", "error_message": "\n**********************************************************************\n  Resource 'punkt_tab' not found.\n  Please use the NLTK Downloader to obtain the resource:\n\n  >>> import nltk\n  >>> nltk.download('punkt_tab')\n\n  For more information see: https://www.nltk.org/data.html\n\n  Attempted to load 'tokenizers/punkt_tab/english/'\n\n  Searched in:\n    - 'C:\\\\Users\\\\alokk/nltk_data'\n    - 'D:\\\\code\\\\Ai\\\\.venv\\\\nltk_data'\n    - 'D:\\\\code\\\\Ai\\\\.venv\\\\share\\\\nltk_data'\n    - 'D:\\\\code\\\\Ai\\\\.venv\\\\lib\\\\nltk_data'\n    - 'C:\\\\Users\\\\alokk\\\\AppData\\\\Roaming\\\\nltk_data'\n    - 'C:\\\\nltk_data'\n    - 'D:\\\\nltk_data'\n    - 'E:\\\\nltk_data'\n**********************************************************************\n", "context": {"operation": "prediction", "input_text": "speak faster", "processing_time": 0.005944013595581055}}
{"timestamp": "2026-04-04T14:33:36.813369", "level": "ERROR", "logger": "assistant.intent_classifier", "message": "Prediction failed for text: speak faster...: \n**********************************************************************\n  Resource 'punkt_tab' not found.\n  Please use the NLTK Downloader to obtain the resource:\n\n  >>> import nltk\n  >>> nltk.download('punkt_tab')\n\n  For more information see: https://www.nltk.org/data.html\n\n  Attempted to load 'tokenizers/punkt_tab/english/'\n\n  Searched in:\n    - 'C:\\\\Users\\\\alokk/nltk_data'\n    - 'D:\\\\code\\\\Ai\\\\.venv\\\\nltk_data'\n    - 'D:\\\\code\\\\Ai\\\\.venv\\\\share\\\\nltk_data'\n    - 'D:\\\\code\\\\Ai\\\\.venv\\\\lib\\\\nltk_data'\n    - 'C:\\\\Users\\\\alokk\\\\AppData\\\\Roaming\\\\nltk_data'\n    - 'C:\\\\nltk_data'\n    - 'D:\\\\nltk_data'\n    - 'E:\\\\nltk_data'\n**********************************************************************\n", "module": "intent_classifier", "function": "predict", "line": 304}
{"timestamp": "2026-04-04T14:33:37.820102", "level": "WARNING", "logger": "assistant.intent_classifier", "message": "ML Event: error_analysis", "module": "logger", "function": "log_ml_event", "line": 122, "event_type": "error_analysis", "error_type": "LookupError", "error_message": "\n**********************************************************************\n  Resource 'punkt_tab' not found.\n  Please use the NLTK Downloader to obtain the resource:\n\n  >>> import nltk\n  >>> nltk.download('punkt_tab')\n\n  For more information see: https://www.nltk.org/data.html\n\n  Attempted to load 'tokenizers/punkt_tab/english/'\n\n  Searched in:\n    - 'C:\\\\Users\\\\alokk/nltk_data'\n    - 'D:\\\\code\\\\Ai\\\\.venv\\\\nltk_data'\n    - 'D:\\\\code\\\\Ai\\\\.venv\\\\share\\\\nltk_data'\n    - 'D:\\\\code\\\\Ai\\\\.venv\\\\lib\\\\nltk_data'\n    - 'C:\\\\Users\\\\alokk\\\\AppData\\\\Roaming\\\\nltk_data'\n    - 'C:\\\\nltk_data'\n    - 'D:\\\\nltk_data'\n    - 'E:\\\\nltk_data'\n**********************************************************************\n", "context": {"operation": "prediction", "input_text": "set speech rate to 150", "processing_time": 0.004076480865478516}}
{"timestamp": "2026-04-04T14:33:37.820354", "level": "ERROR", "logger": "assistant.intent_classifier", "message": "Prediction failed for text: set speech rate to 150...: \n**********************************************************************\n  Resource 'punkt_tab' not found.\n  Please use the NLTK Downloader to obtain the resource:\n\n  >>> import nltk\n  >>> nltk.download('punkt_tab')\n\n  For more information see: https://www.nltk.org/data.html\n\n  Attempted to load 'tokenizers/punkt_tab/english/'\n\n  Searched in:\n    - 'C:\\\\Users\\\\alokk/nltk_data'\n    - 'D:\\\\code\\\\Ai\\\\.venv\\\\nltk_data'\n    - 'D:\\\\code\\\\Ai\\\\.venv\\\\share\\\\nltk_data'\n    - 'D:\\\\code\\\\Ai\\\\.venv\\\\lib\\\\nltk_data'\n    - 'C:\\\\Users\\\\alokk\\\\AppData\\\\Roaming\\\\nltk_data'\n    - 'C:\\\\nltk_data'\n    - 'D:\\\\nltk_data'\n    - 'E:\\\\nltk_data'\n**********************************************************************\n", "module": "intent_classifier", "function": "predict", "line": 304}
{"timestamp": "2026-04-04T14:33:38.827393", "level": "WARNING", "logger": "assistant.intent_classifier", "message": "ML Event: error_analysis", "module": "logger", "function": "log_ml_event", "line": 122, "event_type": "error_analysis", "error_type": "LookupError", "error_message": "\n**********************************************************************\n  Resource 'punkt_tab' not found.\n  Please use the NLTK Downloader to obtain the resource:\n\n  >>> import nltk\n  >>> nltk.download('punkt_tab')\n\n  For more information see: https://www.nltk.org/data.html\n\n  Attempted to load 'tokenizers/punkt_tab/english/'\n\n  Searched in:\n    - 'C:\\\\Users\\\\alokk/nltk_data'\n    - 'D:\\\\code\\\\Ai\\\\.venv\\\\nltk_data'\n    - 'D:\\\\code\\\\Ai\\\\.venv\\\\share\\\\nltk_data'\n    - 'D:\\\\code\\\\Ai\\\\.venv\\\\lib\\\\nltk_data'\n    - 'C:\\\\Users\\\\alokk\\\\AppData\\\\Roaming\\\\nltk_data'\n    - 'C:\\\\nltk_data'\n    - 'D:\\\\nltk_data'\n    - 'E:\\\\nltk_data'\n**********************************************************************\n", "context": {"operation": "prediction", "input_text": "increase volume", "processing_time": 0.005615949630737305}}
{"timestamp": "2026-04-04T14:33:38.827663", "level": "ERROR", "logger": "assistant.intent_classifier", "message": "Prediction failed for text: increase volume...: \n**********************************************************************\n  Resource 'punkt_tab' not found.\n  Please use the NLTK Downloader to obtain the resource:\n\n  >>> import nltk\n  >>> nltk.download('punkt_tab')\n\n  For more information see: https://www.nltk.org/data.html\n\n  Attempted to load 'tokenizers/punkt_tab/english/'\n\n  Searched in:\n    - 'C:\\\\Users\\\\alokk/nltk_data'\n    - 'D:\\\\code\\\\Ai\\\\.venv\\\\nltk_data'\n    - 'D:\\\\code\\\\Ai\\\\.venv\\\\share\\\\nltk_data'\n    - 'D:\\\\code\\\\Ai\\\\.venv\\\\lib\\\\nltk_data'\n    - 'C:\\\\Users\\\\alokk\\\\AppData\\\\Roaming\\\\nltk_data'\n    - 'C:\\\\nltk_data'\n    - 'D:\\\\nltk_data'\n    - 'E:\\\\nltk_data'\n**********************************************************************\n", "module": "intent_classifier", "function": "predict", "line": 304}
{"timestamp": "2026-04-04T14:33:38.832402", "level": "WARNING", "logger": "assistant.intent_classifier", "message": "ML Event: error_analysis", "module": "logger", "function": "log_ml_event", "line": 122, "event_type": "error_analysis", "error_type": "LookupError", "error_message": "\n**********************************************************************\n  Resource 'punkt_tab' not found.\n  Please use the NLTK Downloader to obtain the resource:\n\n  >>> import nltk\n  >>> nltk.download('punkt_tab')\n\n  For more information see: https://www.nltk.org/data.html\n\n  Attempted to load 'tokenizers/punkt_tab/english/'\n\n  Searched in:\n    - 'C:\\\\Users\\\\alokk/nltk_data'\n    - 'D:\\\\code\\\\Ai\\\\.venv\\\\nltk_data'\n    - 'D:\\\\code\\\\Ai\\\\.venv\\\\share\\\\nltk_data'\n    - 'D:\\\\code\\\\Ai\\\\.venv\\\\lib\\\\nltk_data'\n    - 'C:\\\\Users\\\\alokk\\\\AppData\\\\Roaming\\\\nltk_data'\n    - 'C:\\\\nltk_data'\n    - 'D:\\\\nltk_data'\n    - 'E:\\\\nltk_data'\n**********************************************************************\n", "context": {"operation": "prediction", "input_text": "save this text to audio artifacts/audio/test_output.mp3", "processing_time": 0.003861665725708008}}
{"timestamp": "2026-04-04T14:33:38.832620", "level": "ERROR", "logger": "assistant.intent_classifier", "message": "Prediction failed for text: save this text to audio artifacts/audio/test_outpu...: \n**********************************************************************\n  Resource 'punkt_tab' not found.\n  Please use the NLTK Downloader to obtain the resource:\n\n  >>> import nltk\n  >>> nltk.download('punkt_tab')\n\n  For more information see: https://www.nltk.org/data.html\n\n  Attempted to load 'tokenizers/punkt_tab/english/'\n\n  Searched in:\n    - 'C:\\\\Users\\\\alokk/nltk_data'\n    - 'D:\\\\code\\\\Ai\\\\.venv\\\\nltk_data'\n    - 'D:\\\\code\\\\Ai\\\\.venv\\\\share\\\\nltk_data'\n    - 'D:\\\\code\\\\Ai\\\\.venv\\\\lib\\\\nltk_data'\n    - 'C:\\\\Users\\\\alokk\\\\AppData\\\\Roaming\\\\nltk_data'\n    - 'C:\\\\nltk_data'\n    - 'D:\\\\nltk_data'\n    - 'E:\\\\nltk_data'\n**********************************************************************\n", "module": "intent_classifier", "function": "predict", "line": 304}
{"timestamp": "2026-04-04T14:33:40.012867", "level": "WARNING", "logger": "assistant.intent_classifier", "message": "ML Event: error_analysis", "module": "logger", "function": "log_ml_event", "line": 122, "event_type": "error_analysis", "error_type": "LookupError", "error_message": "\n**********************************************************************\n  Resource 'punkt_tab' not found.\n  Please use the NLTK Downloader to obtain the resource:\n\n  >>> import nltk\n  >>> nltk.download('punkt_tab')\n\n  For more information see: https://www.nltk.org/data.html\n\n  Attempted to load 'tokenizers/punkt_tab/english/'\n\n  Searched in:\n    - 'C:\\\\Users\\\\alokk/nltk_data'\n    - 'D:\\\\code\\\\Ai\\\\.venv\\\\nltk_data'\n    - 'D:\\\\code\\\\Ai\\\\.venv\\\\share\\\\nltk_data'\n    - 'D:\\\\code\\\\Ai\\\\.venv\\\\lib\\\\nltk_data'\n    - 'C:\\\\Users\\\\alokk\\\\AppData\\\\Roaming\\\\nltk_data'\n    - 'C:\\\\nltk_data'\n    - 'D:\\\\nltk_data'\n    - 'E:\\\\nltk_data'\n**********************************************************************\n", "context": {"operation": "prediction", "input_text": "test voices", "processing_time": 0.00813603401184082}}
{"timestamp": "2026-04-04T14:33:40.013802", "level": "ERROR", "logger": "assistant.intent_classifier", "message": "Prediction failed for text: test voices...: \n**********************************************************************\n  Resource 'punkt_tab' not found.\n  Please use the NLTK Downloader to obtain the resource:\n\n  >>> import nltk\n  >>> nltk.download('punkt_tab')\n\n  For more information see: https://www.nltk.org/data.html\n\n  Attempted to load 'tokenizers/punkt_tab/english/'\n\n  Searched in:\n    - 'C:\\\\Users\\\\alokk/nltk_data'\n    - 'D:\\\\code\\\\Ai\\\\.venv\\\\nltk_data'\n    - 'D:\\\\code\\\\Ai\\\\.venv\\\\share\\\\nltk_data'\n    - 'D:\\\\code\\\\Ai\\\\.venv\\\\lib\\\\nltk_data'\n    - 'C:\\\\Users\\\\alokk\\\\AppData\\\\Roaming\\\\nltk_data'\n    - 'C:\\\\nltk_data'\n    - 'D:\\\\nltk_data'\n    - 'E:\\\\nltk_data'\n**********************************************************************\n", "module": "intent_classifier", "function": "predict", "line": 304}
{"timestamp": "2026-04-04T14:33:44.966731", "level": "WARNING", "logger": "assistant.intent_classifier", "message": "ML Event: error_analysis", "module": "logger", "function": "log_ml_event", "line": 122, "event_type": "error_analysis", "error_type": "LookupError", "error_message": "\n**********************************************************************\n  Resource 'punkt_tab' not found.\n  Please use the NLTK Downloader to obtain the resource:\n\n  >>> import nltk\n  >>> nltk.download('punkt_tab')\n\n  For more information see: https://www.nltk.org/data.html\n\n  Attempted to load 'tokenizers/punkt_tab/english/'\n\n  Searched in:\n    - 'C:\\\\Users\\\\alokk/nltk_data'\n    - 'D:\\\\code\\\\Ai\\\\.venv\\\\nltk_data'\n    - 'D:\\\\code\\\\Ai\\\\.venv\\\\share\\\\nltk_data'\n    - 'D:\\\\code\\\\Ai\\\\.venv\\\\lib\\\\nltk_data'\n    - 'C:\\\\Users\\\\alokk\\\\AppData\\\\Roaming\\\\nltk_data'\n    - 'C:\\\\nltk_data'\n    - 'D:\\\\nltk_data'\n    - 'E:\\\\nltk_data'\n**********************************************************************\n", "context": {"operation": "prediction", "input_text": "show available voices", "processing_time": 0.004250764846801758}}
{"timestamp": "2026-04-04T14:33:44.967009", "level": "ERROR", "logger": "assistant.intent_classifier", "message": "Prediction failed for text: show available voices...: \n**********************************************************************\n  Resource 'punkt_tab' not found.\n  Please use the NLTK Downloader to obtain the resource:\n\n  >>> import nltk\n  >>> nltk.download('punkt_tab')\n\n  For more information see: https://www.nltk.org/data.html\n\n  Attempted to load 'tokenizers/punkt_tab/english/'\n\n  Searched in:\n    - 'C:\\\\Users\\\\alokk/nltk_data'\n    - 'D:\\\\code\\\\Ai\\\\.venv\\\\nltk_data'\n    - 'D:\\\\code\\\\Ai\\\\.venv\\\\share\\\\nltk_data'\n    - 'D:\\\\code\\\\Ai\\\\.venv\\\\lib\\\\nltk_data'\n    - 'C:\\\\Users\\\\alokk\\\\AppData\\\\Roaming\\\\nltk_data'\n    - 'C:\\\\nltk_data'\n    - 'D:\\\\nltk_data'\n    - 'E:\\\\nltk_data'\n**********************************************************************\n", "module": "intent_classifier", "function": "predict", "line": 304}
{"timestamp": "2026-04-04T14:33:55.849188", "level": "INFO", "logger": "assistant.intent_classifier", "message": "Model loaded successfully from D:\\code\\Ai\\models\\intent_classifier.pkl, intents: 30", "module": "intent_classifier", "function": "load_model", "line": 348}
{"timestamp": "2026-04-04T14:33:55.849616", "level": "INFO", "logger": "assistant.intent_classifier", "message": "Intent classifier quantized using float16 method", "module": "intent_classifier", "function": "quantize_model", "line": 382}
{"timestamp": "2026-04-04T14:33:55.849750", "level": "INFO", "logger": "assistant.intent_classifier", "message": "Intent classifier quantized using float16 method", "module": "intent_classifier", "function": "quantize_model", "line": 382}
{"timestamp": "2026-04-04T14:33:55.852337", "level": "WARNING", "logger": "assistant.intent_classifier", "message": "ML Event: error_analysis", "module": "logger", "function": "log_ml_event", "line": 122, "event_type": "error_analysis", "error_type": "LookupError", "error_message": "\n**********************************************************************\n  Resource 'punkt_tab' not found.\n  Please use the NLTK Downloader to obtain the resource:\n\n  >>> import nltk\n  >>> nltk.download('punkt_tab')\n\n  For more information see: https://www.nltk.org/data.html\n\n  Attempted to load 'tokenizers/punkt_tab/english/'\n\n  Searched in:\n    - 'C:\\\\Users\\\\alokk/nltk_data'\n    - 'D:\\\\code\\\\Ai\\\\.venv\\\\nltk_data'\n    - 'D:\\\\code\\\\Ai\\\\.venv\\\\share\\\\nltk_data'\n    - 'D:\\\\code\\\\Ai\\\\.venv\\\\lib\\\\nltk_data'\n    - 'C:\\\\Users\\\\alokk\\\\AppData\\\\Roaming\\\\nltk_data'\n    - 'C:\\\\nltk_data'\n    - 'D:\\\\nltk_data'\n    - 'E:\\\\nltk_data'\n**********************************************************************\n", "context": {"operation": "prediction", "input_text": "open chrome browser", "processing_time": 0.0024785995483398438}}
{"timestamp": "2026-04-04T14:33:55.852453", "level": "ERROR", "logger": "assistant.intent_classifier", "message": "Prediction failed for text: open chrome browser...: \n**********************************************************************\n  Resource 'punkt_tab' not found.\n  Please use the NLTK Downloader to obtain the resource:\n\n  >>> import nltk\n  >>> nltk.download('punkt_tab')\n\n  For more information see: https://www.nltk.org/data.html\n\n  Attempted to load 'tokenizers/punkt_tab/english/'\n\n  Searched in:\n    - 'C:\\\\Users\\\\alokk/nltk_data'\n    - 'D:\\\\code\\\\Ai\\\\.venv\\\\nltk_data'\n    - 'D:\\\\code\\\\Ai\\\\.venv\\\\share\\\\nltk_data'\n    - 'D:\\\\code\\\\Ai\\\\.venv\\\\lib\\\\nltk_data'\n    - 'C:\\\\Users\\\\alokk\\\\AppData\\\\Roaming\\\\nltk_data'\n    - 'C:\\\\nltk_data'\n    - 'D:\\\\nltk_data'\n    - 'E:\\\\nltk_data'\n**********************************************************************\n", "module": "intent_classifier", "function": "predict", "line": 304}
{"timestamp": "2026-04-04T14:33:55.857453", "level": "INFO", "logger": "assistant.intent_classifier", "message": "Model loaded successfully from D:\\code\\Ai\\models\\intent_classifier.pkl, intents: 30", "module": "intent_classifier", "function": "load_model", "line": 348}
{"timestamp": "2026-04-04T14:33:55.857708", "level": "INFO", "logger": "assistant.intent_classifier", "message": "Intent classifier quantized using float16 method", "module": "intent_classifier", "function": "quantize_model", "line": 382}
{"timestamp": "2026-04-04T14:33:55.861465", "level": "WARNING", "logger": "assistant.intent_classifier", "message": "ML Event: error_analysis", "module": "logger", "function": "log_ml_event", "line": 122, "event_type": "error_analysis", "error_type": "LookupError", "error_message": "\n**********************************************************************\n  Resource 'punkt_tab' not found.\n  Please use the NLTK Downloader to obtain the resource:\n\n  >>> import nltk\n  >>> nltk.download('punkt_tab')\n\n  For more information see: https://www.nltk.org/data.html\n\n  Attempted to load 'tokenizers/punkt_tab/english/'\n\n  Searched in:\n    - 'C:\\\\Users\\\\alokk/nltk_data'\n    - 'D:\\\\code\\\\Ai\\\\.venv\\\\nltk_data'\n    - 'D:\\\\code\\\\Ai\\\\.venv\\\\share\\\\nltk_data'\n    - 'D:\\\\code\\\\Ai\\\\.venv\\\\lib\\\\nltk_data'\n    - 'C:\\\\Users\\\\alokk\\\\AppData\\\\Roaming\\\\nltk_data'\n    - 'C:\\\\nltk_data'\n    - 'D:\\\\nltk_data'\n    - 'E:\\\\nltk_data'\n**********************************************************************\n", "context": {"operation": "prediction", "input_text": "open chrome browser", "processing_time": 0.0036771297454833984}}
{"timestamp": "2026-04-04T14:33:55.861644", "level": "ERROR", "logger": "assistant.intent_classifier", "message": "Prediction failed for text: open chrome browser...: \n**********************************************************************\n  Resource 'punkt_tab' not found.\n  Please use the NLTK Downloader to obtain the resource:\n\n  >>> import nltk\n  >>> nltk.download('punkt_tab')\n\n  For more information see: https://www.nltk.org/data.html\n\n  Attempted to load 'tokenizers/punkt_tab/english/'\n\n  Searched in:\n    - 'C:\\\\Users\\\\alokk/nltk_data'\n    - 'D:\\\\code\\\\Ai\\\\.venv\\\\nltk_data'\n    - 'D:\\\\code\\\\Ai\\\\.venv\\\\share\\\\nltk_data'\n    - 'D:\\\\code\\\\Ai\\\\.venv\\\\lib\\\\nltk_data'\n    - 'C:\\\\Users\\\\alokk\\\\AppData\\\\Roaming\\\\nltk_data'\n    - 'C:\\\\nltk_data'\n    - 'D:\\\\nltk_data'\n    - 'E:\\\\nltk_data'\n**********************************************************************\n", "module": "intent_classifier", "function": "predict", "line": 304}
{"timestamp": "2026-04-04T14:33:55.866767", "level": "INFO", "logger": "assistant.intent_classifier", "message": "Model loaded successfully from D:\\code\\Ai\\models\\intent_classifier.pkl, intents: 30", "module": "intent_classifier", "function": "load_model", "line": 348}
{"timestamp": "2026-04-04T14:33:55.867034", "level": "INFO", "logger": "assistant.intent_classifier", "message": "Intent classifier quantized using float16 method", "module": "intent_classifier", "function": "quantize_model", "line": 382}
{"timestamp": "2026-04-04T14:33:55.869792", "level": "WARNING", "logger": "assistant.intent_classifier", "message": "ML Event: error_analysis", "module": "logger", "function": "log_ml_event", "line": 122, "event_type": "error_analysis", "error_type": "LookupError", "error_message": "\n**********************************************************************\n  Resource 'punkt_tab' not found.\n  Please use the NLTK Downloader to obtain the resource:\n\n  >>> import nltk\n  >>> nltk.download('punkt_tab')\n\n  For more information see: https://www.nltk.org/data.html\n\n  Attempted to load 'tokenizers/punkt_tab/english/'\n\n  Searched in:\n    - 'C:\\\\Users\\\\alokk/nltk_data'\n    - 'D:\\\\code\\\\Ai\\\\.venv\\\\nltk_data'\n    - 'D:\\\\code\\\\Ai\\\\.venv\\\\share\\\\nltk_data'\n    - 'D:\\\\code\\\\Ai\\\\.venv\\\\lib\\\\nltk_data'\n    - 'C:\\\\Users\\\\alokk\\\\AppData\\\\Roaming\\\\nltk_data'\n    - 'C:\\\\nltk_data'\n    - 'D:\\\\nltk_data'\n    - 'E:\\\\nltk_data'\n**********************************************************************\n", "context": {"operation": "prediction", "input_text": "open chrome browser", "processing_time": 0.002420186996459961}}
{"timestamp": "2026-04-04T14:33:55.869917", "level": "ERROR", "logger": "assistant.intent_classifier", "message": "Prediction failed for text: open chrome browser...: \n**********************************************************************\n  Resource 'punkt_tab' not found.\n  Please use the NLTK Downloader to obtain the resource:\n\n  >>> import nltk\n  >>> nltk.download('punkt_tab')\n\n  For more information see: https://www.nltk.org/data.html\n\n  Attempted to load 'tokenizers/punkt_tab/english/'\n\n  Searched in:\n    - 'C:\\\\Users\\\\alokk/nltk_data'\n    - 'D:\\\\code\\\\Ai\\\\.venv\\\\nltk_data'\n    - 'D:\\\\code\\\\Ai\\\\.venv\\\\share\\\\nltk_data'\n    - 'D:\\\\code\\\\Ai\\\\.venv\\\\lib\\\\nltk_data'\n    - 'C:\\\\Users\\\\alokk\\\\AppData\\\\Roaming\\\\nltk_data'\n    - 'C:\\\\nltk_data'\n    - 'D:\\\\nltk_data'\n    - 'E:\\\\nltk_data'\n**********************************************************************\n", "module": "intent_classifier", "function": "predict", "line": 304}
{"timestamp": "2026-04-04T14:34:06.965549", "level": "INFO", "logger": "assistant.intent_classifier", "message": "Model loaded successfully from D:\\code\\Ai\\models\\intent_classifier.pkl, intents: 30", "module": "intent_classifier", "function": "load_model", "line": 348}
{"timestamp": "2026-04-04T14:34:06.966255", "level": "INFO", "logger": "assistant.intent_classifier", "message": "Intent classifier quantized using float16 method", "module": "intent_classifier", "function": "quantize_model", "line": 382}
{"timestamp": "2026-04-04T14:34:06.973424", "level": "INFO", "logger": "assistant.intent_classifier", "message": "Model loaded successfully from D:\\code\\Ai\\models\\intent_classifier.pkl, intents: 30", "module": "intent_classifier", "function": "load_model", "line": 348}
{"timestamp": "2026-04-04T14:34:06.973942", "level": "INFO", "logger": "assistant.intent_classifier", "message": "Intent classifier quantized using float16 method", "module": "intent_classifier", "function": "quantize_model", "line": 382}
{"timestamp": "2026-04-04T14:34:07.095235", "level": "WARNING", "logger": "assistant.intent_classifier", "message": "ML Event: error_analysis", "module": "logger", "function": "log_ml_event", "line": 122, "event_type": "error_analysis", "error_type": "LookupError", "error_message": "\n**********************************************************************\n  Resource 'punkt_tab' not found.\n  Please use the NLTK Downloader to obtain the resource:\n\n  >>> import nltk\n  >>> nltk.download('punkt_tab')\n\n  For more information see: https://www.nltk.org/data.html\n\n  Attempted to load 'tokenizers/punkt_tab/english/'\n\n  Searched in:\n    - 'C:\\\\Users\\\\alokk/nltk_data'\n    - 'D:\\\\code\\\\Ai\\\\.venv\\\\nltk_data'\n    - 'D:\\\\code\\\\Ai\\\\.venv\\\\share\\\\nltk_data'\n    - 'D:\\\\code\\\\Ai\\\\.venv\\\\lib\\\\nltk_data'\n    - 'C:\\\\Users\\\\alokk\\\\AppData\\\\Roaming\\\\nltk_data'\n    - 'C:\\\\nltk_data'\n    - 'D:\\\\nltk_data'\n    - 'E:\\\\nltk_data'\n**********************************************************************\n", "context": {"operation": "prediction", "input_text": "open chrome", "processing_time": 0.0045316219329833984}}
{"timestamp": "2026-04-04T14:34:07.095395", "level": "ERROR", "logger": "assistant.intent_classifier", "message": "Prediction failed for text: open chrome...: \n**********************************************************************\n  Resource 'punkt_tab' not found.\n  Please use the NLTK Downloader to obtain the resource:\n\n  >>> import nltk\n  >>> nltk.download('punkt_tab')\n\n  For more information see: https://www.nltk.org/data.html\n\n  Attempted to load 'tokenizers/punkt_tab/english/'\n\n  Searched in:\n    - 'C:\\\\Users\\\\alokk/nltk_data'\n    - 'D:\\\\code\\\\Ai\\\\.venv\\\\nltk_data'\n    - 'D:\\\\code\\\\Ai\\\\.venv\\\\share\\\\nltk_data'\n    - 'D:\\\\code\\\\Ai\\\\.venv\\\\lib\\\\nltk_data'\n    - 'C:\\\\Users\\\\alokk\\\\AppData\\\\Roaming\\\\nltk_data'\n    - 'C:\\\\nltk_data'\n    - 'D:\\\\nltk_data'\n    - 'E:\\\\nltk_data'\n**********************************************************************\n", "module": "intent_classifier", "function": "predict", "line": 304}
{"timestamp": "2026-04-04T14:34:07.119825", "level": "WARNING", "logger": "assistant.intent_classifier", "message": "ML Event: error_analysis", "module": "logger", "function": "log_ml_event", "line": 122, "event_type": "error_analysis", "error_type": "LookupError", "error_message": "\n**********************************************************************\n  Resource 'punkt_tab' not found.\n  Please use the NLTK Downloader to obtain the resource:\n\n  >>> import nltk\n  >>> nltk.download('punkt_tab')\n\n  For more information see: https://www.nltk.org/data.html\n\n  Attempted to load 'tokenizers/punkt_tab/english/'\n\n  Searched in:\n    - 'C:\\\\Users\\\\alokk/nltk_data'\n    - 'D:\\\\code\\\\Ai\\\\.venv\\\\nltk_data'\n    - 'D:\\\\code\\\\Ai\\\\.venv\\\\share\\\\nltk_data'\n    - 'D:\\\\code\\\\Ai\\\\.venv\\\\lib\\\\nltk_data'\n    - 'C:\\\\Users\\\\alokk\\\\AppData\\\\Roaming\\\\nltk_data'\n    - 'C:\\\\nltk_data'\n    - 'D:\\\\nltk_data'\n    - 'E:\\\\nltk_data'\n**********************************************************************\n", "context": {"operation": "prediction", "input_text": "volume up", "processing_time": 0.0033664703369140625}}
{"timestamp": "2026-04-04T14:34:07.120017", "level": "ERROR", "logger": "assistant.intent_classifier", "message": "Prediction failed for text: volume up...: \n**********************************************************************\n  Resource 'punkt_tab' not found.\n  Please use the NLTK Downloader to obtain the resource:\n\n  >>> import nltk\n  >>> nltk.download('punkt_tab')\n\n  For more information see: https://www.nltk.org/data.html\n\n  Attempted to load 'tokenizers/punkt_tab/english/'\n\n  Searched in:\n    - 'C:\\\\Users\\\\alokk/nltk_data'\n    - 'D:\\\\code\\\\Ai\\\\.venv\\\\nltk_data'\n    - 'D:\\\\code\\\\Ai\\\\.venv\\\\share\\\\nltk_data'\n    - 'D:\\\\code\\\\Ai\\\\.venv\\\\lib\\\\nltk_data'\n    - 'C:\\\\Users\\\\alokk\\\\AppData\\\\Roaming\\\\nltk_data'\n    - 'C:\\\\nltk_data'\n    - 'D:\\\\nltk_data'\n    - 'E:\\\\nltk_data'\n**********************************************************************\n", "module": "intent_classifier", "function": "predict", "line": 304}
{"timestamp": "2026-04-04T14:34:07.123240", "level": "WARNING", "logger": "assistant.intent_classifier", "message": "ML Event: error_analysis", "module": "logger", "function": "log_ml_event", "line": 122, "event_type": "error_analysis", "error_type": "LookupError", "error_message": "\n**********************************************************************\n  Resource 'punkt_tab' not found.\n  Please use the NLTK Downloader to obtain the resource:\n\n  >>> import nltk\n  >>> nltk.download('punkt_tab')\n\n  For more information see: https://www.nltk.org/data.html\n\n  Attempted to load 'tokenizers/punkt_tab/english/'\n\n  Searched in:\n    - 'C:\\\\Users\\\\alokk/nltk_data'\n    - 'D:\\\\code\\\\Ai\\\\.venv\\\\nltk_data'\n    - 'D:\\\\code\\\\Ai\\\\.venv\\\\share\\\\nltk_data'\n    - 'D:\\\\code\\\\Ai\\\\.venv\\\\lib\\\\nltk_data'\n    - 'C:\\\\Users\\\\alokk\\\\AppData\\\\Roaming\\\\nltk_data'\n    - 'C:\\\\nltk_data'\n    - 'D:\\\\nltk_data'\n    - 'E:\\\\nltk_data'\n**********************************************************************\n", "context": {"operation": "prediction", "input_text": "take screenshot", "processing_time": 0.002839326858520508}}
{"timestamp": "2026-04-04T14:34:07.123423", "level": "ERROR", "logger": "assistant.intent_classifier", "message": "Prediction failed for text: take screenshot...: \n**********************************************************************\n  Resource 'punkt_tab' not found.\n  Please use the NLTK Downloader to obtain the resource:\n\n  >>> import nltk\n  >>> nltk.download('punkt_tab')\n\n  For more information see: https://www.nltk.org/data.html\n\n  Attempted to load 'tokenizers/punkt_tab/english/'\n\n  Searched in:\n    - 'C:\\\\Users\\\\alokk/nltk_data'\n    - 'D:\\\\code\\\\Ai\\\\.venv\\\\nltk_data'\n    - 'D:\\\\code\\\\Ai\\\\.venv\\\\share\\\\nltk_data'\n    - 'D:\\\\code\\\\Ai\\\\.venv\\\\lib\\\\nltk_data'\n    - 'C:\\\\Users\\\\alokk\\\\AppData\\\\Roaming\\\\nltk_data'\n    - 'C:\\\\nltk_data'\n    - 'D:\\\\nltk_data'\n    - 'E:\\\\nltk_data'\n**********************************************************************\n", "module": "intent_classifier", "function": "predict", "line": 304}
{"timestamp": "2026-04-04T14:34:07.129066", "level": "WARNING", "logger": "assistant.intent_classifier", "message": "ML Event: error_analysis", "module": "logger", "function": "log_ml_event", "line": 122, "event_type": "error_analysis", "error_type": "LookupError", "error_message": "\n**********************************************************************\n  Resource 'punkt_tab' not found.\n  Please use the NLTK Downloader to obtain the resource:\n\n  >>> import nltk\n  >>> nltk.download('punkt_tab')\n\n  For more information see: https://www.nltk.org/data.html\n\n  Attempted to load 'tokenizers/punkt_tab/english/'\n\n  Searched in:\n    - 'C:\\\\Users\\\\alokk/nltk_data'\n    - 'D:\\\\code\\\\Ai\\\\.venv\\\\nltk_data'\n    - 'D:\\\\code\\\\Ai\\\\.venv\\\\share\\\\nltk_data'\n    - 'D:\\\\code\\\\Ai\\\\.venv\\\\lib\\\\nltk_data'\n    - 'C:\\\\Users\\\\alokk\\\\AppData\\\\Roaming\\\\nltk_data'\n    - 'C:\\\\nltk_data'\n    - 'D:\\\\nltk_data'\n    - 'E:\\\\nltk_data'\n**********************************************************************\n", "context": {"operation": "prediction", "input_text": "search for python", "processing_time": 0.00484013557434082}}
{"timestamp": "2026-04-04T14:34:07.129364", "level": "ERROR", "logger": "assistant.intent_classifier", "message": "Prediction failed for text: search for python...: \n**********************************************************************\n  Resource 'punkt_tab' not found.\n  Please use the NLTK Downloader to obtain the resource:\n\n  >>> import nltk\n  >>> nltk.download('punkt_tab')\n\n  For more information see: https://www.nltk.org/data.html\n\n  Attempted to load 'tokenizers/punkt_tab/english/'\n\n  Searched in:\n    - 'C:\\\\Users\\\\alokk/nltk_data'\n    - 'D:\\\\code\\\\Ai\\\\.venv\\\\nltk_data'\n    - 'D:\\\\code\\\\Ai\\\\.venv\\\\share\\\\nltk_data'\n    - 'D:\\\\code\\\\Ai\\\\.venv\\\\lib\\\\nltk_data'\n    - 'C:\\\\Users\\\\alokk\\\\AppData\\\\Roaming\\\\nltk_data'\n    - 'C:\\\\nltk_data'\n    - 'D:\\\\nltk_data'\n    - 'E:\\\\nltk_data'\n**********************************************************************\n", "module": "intent_classifier", "function": "predict", "line": 304}
{"timestamp": "2026-04-04T14:34:07.132531", "level": "WARNING", "logger": "assistant.intent_classifier", "message": "ML Event: error_analysis", "module": "logger", "function": "log_ml_event", "line": 122, "event_type": "error_analysis", "error_type": "LookupError", "error_message": "\n**********************************************************************\n  Resource 'punkt_tab' not found.\n  Please use the NLTK Downloader to obtain the resource:\n\n  >>> import nltk\n  >>> nltk.download('punkt_tab')\n\n  For more information see: https://www.nltk.org/data.html\n\n  Attempted to load 'tokenizers/punkt_tab/english/'\n\n  Searched in:\n    - 'C:\\\\Users\\\\alokk/nltk_data'\n    - 'D:\\\\code\\\\Ai\\\\.venv\\\\nltk_data'\n    - 'D:\\\\code\\\\Ai\\\\.venv\\\\share\\\\nltk_data'\n    - 'D:\\\\code\\\\Ai\\\\.venv\\\\lib\\\\nltk_data'\n    - 'C:\\\\Users\\\\alokk\\\\AppData\\\\Roaming\\\\nltk_data'\n    - 'C:\\\\nltk_data'\n    - 'D:\\\\nltk_data'\n    - 'E:\\\\nltk_data'\n**********************************************************************\n", "context": {"operation": "prediction", "input_text": "what is python", "processing_time": 0.0027396678924560547}}
{"timestamp": "2026-04-04T14:34:07.132883", "level": "ERROR", "logger": "assistant.intent_classifier", "message": "Prediction failed for text: what is python...: \n**********************************************************************\n  Resource 'punkt_tab' not found.\n  Please use the NLTK Downloader to obtain the resource:\n\n  >>> import nltk\n  >>> nltk.download('punkt_tab')\n\n  For more information see: https://www.nltk.org/data.html\n\n  Attempted to load 'tokenizers/punkt_tab/english/'\n\n  Searched in:\n    - 'C:\\\\Users\\\\alokk/nltk_data'\n    - 'D:\\\\code\\\\Ai\\\\.venv\\\\nltk_data'\n    - 'D:\\\\code\\\\Ai\\\\.venv\\\\share\\\\nltk_data'\n    - 'D:\\\\code\\\\Ai\\\\.venv\\\\lib\\\\nltk_data'\n    - 'C:\\\\Users\\\\alokk\\\\AppData\\\\Roaming\\\\nltk_data'\n    - 'C:\\\\nltk_data'\n    - 'D:\\\\nltk_data'\n    - 'E:\\\\nltk_data'\n**********************************************************************\n", "module": "intent_classifier", "function": "predict", "line": 304}
{"timestamp": "2026-04-04T14:34:07.135704", "level": "WARNING", "logger": "assistant.intent_classifier", "message": "ML Event: error_analysis", "module": "logger", "function": "log_ml_event", "line": 122, "event_type": "error_analysis", "error_type": "LookupError", "error_message": "\n**********************************************************************\n  Resource 'punkt_tab' not found.\n  Please use the NLTK Downloader to obtain the resource:\n\n  >>> import nltk\n  >>> nltk.download('punkt_tab')\n\n  For more information see: https://www.nltk.org/data.html\n\n  Attempted to load 'tokenizers/punkt_tab/english/'\n\n  Searched in:\n    - 'C:\\\\Users\\\\alokk/nltk_data'\n    - 'D:\\\\code\\\\Ai\\\\.venv\\\\nltk_data'\n    - 'D:\\\\code\\\\Ai\\\\.venv\\\\share\\\\nltk_data'\n    - 'D:\\\\code\\\\Ai\\\\.venv\\\\lib\\\\nltk_data'\n    - 'C:\\\\Users\\\\alokk\\\\AppData\\\\Roaming\\\\nltk_data'\n    - 'C:\\\\nltk_data'\n    - 'D:\\\\nltk_data'\n    - 'E:\\\\nltk_data'\n**********************************************************************\n", "context": {"operation": "prediction", "input_text": "tell me a joke", "processing_time": 0.0024871826171875}}
{"timestamp": "2026-04-04T14:34:07.135867", "level": "ERROR", "logger": "assistant.intent_classifier", "message": "Prediction failed for text: tell me a joke...: \n**********************************************************************\n  Resource 'punkt_tab' not found.\n  Please use the NLTK Downloader to obtain the resource:\n\n  >>> import nltk\n  >>> nltk.download('punkt_tab')\n\n  For more information see: https://www.nltk.org/data.html\n\n  Attempted to load 'tokenizers/punkt_tab/english/'\n\n  Searched in:\n    - 'C:\\\\Users\\\\alokk/nltk_data'\n    - 'D:\\\\code\\\\Ai\\\\.venv\\\\nltk_data'\n    - 'D:\\\\code\\\\Ai\\\\.venv\\\\share\\\\nltk_data'\n    - 'D:\\\\code\\\\Ai\\\\.venv\\\\lib\\\\nltk_data'\n    - 'C:\\\\Users\\\\alokk\\\\AppData\\\\Roaming\\\\nltk_data'\n    - 'C:\\\\nltk_data'\n    - 'D:\\\\nltk_data'\n    - 'E:\\\\nltk_data'\n**********************************************************************\n", "module": "intent_classifier", "function": "predict", "line": 304}
{"timestamp": "2026-04-04T14:38:09.689929", "level": "INFO", "logger": "assistant.intent_classifier", "message": "Model loaded successfully from D:\\code\\Ai\\models\\intent_classifier.pkl, intents: 30", "module": "intent_classifier", "function": "load_model", "line": 348}
{"timestamp": "2026-04-04T14:38:09.690393", "level": "INFO", "logger": "assistant.intent_classifier", "message": "Intent classifier quantized using float16 method", "module": "intent_classifier", "function": "quantize_model", "line": 382}
{"timestamp": "2026-04-04T14:38:09.697098", "level": "INFO", "logger": "assistant.intent_classifier", "message": "Model loaded successfully from D:\\code\\Ai\\models\\intent_classifier.pkl, intents: 30", "module": "intent_classifier", "function": "load_model", "line": 348}
{"timestamp": "2026-04-04T14:38:09.698265", "level": "INFO", "logger": "assistant.intent_classifier", "message": "Intent classifier quantized using float16 method", "module": "intent_classifier", "function": "quantize_model", "line": 382}
{"timestamp": "2026-04-04T14:38:52.758353", "level": "INFO", "logger": "assistant.intent_classifier", "message": "Model loaded successfully from D:\\code\\Ai\\models\\intent_classifier.pkl, intents: 30", "module": "intent_classifier", "function": "load_model", "line": 348}
{"timestamp": "2026-04-04T14:38:52.759141", "level": "INFO", "logger": "assistant.intent_classifier", "message": "Intent classifier quantized using float16 method", "module": "intent_classifier", "function": "quantize_model", "line": 382}
{"timestamp": "2026-04-04T14:38:52.767750", "level": "INFO", "logger": "assistant.intent_classifier", "message": "Model loaded successfully from D:\\code\\Ai\\models\\intent_classifier.pkl, intents: 30", "module": "intent_classifier", "function": "load_model", "line": 348}
{"timestamp": "2026-04-04T14:38:52.768523", "level": "INFO", "logger": "assistant.intent_classifier", "message": "Intent classifier quantized using float16 method", "module": "intent_classifier", "function": "quantize_model", "line": 382}
{"timestamp": "2026-04-04T14:38:56.447053", "level": "INFO", "logger": "assistant.intent_classifier", "message": "ML Event: prediction", "module": "logger", "function": "log_ml_event", "line": 122, "event_type": "prediction", "input_text": "open chrome", "prediction": "open_application", "confidence": 0.1045745721651594, "processing_time_ms": 3678.150415420532}
{"timestamp": "2026-04-04T14:38:56.447605", "level": "DEBUG", "logger": "assistant.intent_classifier", "message": "Predicted intent: open_application with confidence 0.1046 in 3.678s", "module": "intent_classifier", "function": "predict", "line": 293}
{"timestamp": "2026-04-04T14:38:56.479652", "level": "INFO", "logger": "assistant.intent_classifier", "message": "ML Event: prediction", "module": "logger", "function": "log_ml_event", "line": 122, "event_type": "prediction", "input_text": "volume up", "prediction": "volume_control", "confidence": 0.3392272739648688, "processing_time_ms": 2.1762847900390625}
{"timestamp": "2026-04-04T14:38:56.479953", "level": "DEBUG", "logger": "assistant.intent_classifier", "message": "Predicted intent: volume_control with confidence 0.3392 in 0.002s", "module": "intent_classifier", "function": "predict", "line": 293}
{"timestamp": "2026-04-04T14:38:56.481866", "level": "INFO", "logger": "assistant.intent_classifier", "message": "ML Event: prediction", "module": "logger", "function": "log_ml_event", "line": 122, "event_type": "prediction", "input_text": "take screenshot", "prediction": "screenshot", "confidence": 0.4104373921256764, "processing_time_ms": 1.470804214477539}
{"timestamp": "2026-04-04T14:38:56.481982", "level": "DEBUG", "logger": "assistant.intent_classifier", "message": "Predicted intent: screenshot with confidence 0.4104 in 0.001s", "module": "intent_classifier", "function": "predict", "line": 293}
{"timestamp": "2026-04-04T14:38:56.483934", "level": "INFO", "logger": "assistant.intent_classifier", "message": "ML Event: prediction", "module": "logger", "function": "log_ml_event", "line": 122, "event_type": "prediction", "input_text": "search for python", "prediction": "search", "confidence": 0.15628334865944835, "processing_time_ms": 1.6293525695800781}
{"timestamp": "2026-04-04T14:38:56.484132", "level": "DEBUG", "logger": "assistant.intent_classifier", "message": "Predicted intent: search with confidence 0.1563 in 0.002s", "module": "intent_classifier", "function": "predict", "line": 293}
{"timestamp": "2026-04-04T14:39:11.680920", "level": "INFO", "logger": "assistant.intent_classifier", "message": "Model loaded successfully from D:\\code\\Ai\\models\\intent_classifier.pkl, intents: 30", "module": "intent_classifier", "function": "load_model", "line": 348}
{"timestamp": "2026-04-04T14:39:11.681363", "level": "INFO", "logger": "assistant.intent_classifier", "message": "Intent classifier quantized using float16 method", "module": "intent_classifier", "function": "quantize_model", "line": 382}
{"timestamp": "2026-04-04T14:39:11.688232", "level": "INFO", "logger": "assistant.intent_classifier", "message": "Model loaded successfully from D:\\code\\Ai\\models\\intent_classifier.pkl, intents: 30", "module": "intent_classifier", "function": "load_model", "line": 348}
{"timestamp": "2026-04-04T14:39:11.688555", "level": "INFO", "logger": "assistant.intent_classifier", "message": "Intent classifier quantized using float16 method", "module": "intent_classifier", "function": "quantize_model", "line": 382}
{"timestamp": "2026-04-04T14:39:23.617563", "level": "INFO", "logger": "assistant.intent_classifier", "message": "Model loaded successfully from D:\\code\\Ai\\models\\intent_classifier.pkl, intents: 30", "module": "intent_classifier", "function": "load_model", "line": 348}
{"timestamp": "2026-04-04T14:39:23.618064", "level": "INFO", "logger": "assistant.intent_classifier", "message": "Intent classifier quantized using float16 method", "module": "intent_classifier", "function": "quantize_model", "line": 382}
{"timestamp": "2026-04-04T14:39:23.626770", "level": "INFO", "logger": "assistant.intent_classifier", "message": "Model loaded successfully from D:\\code\\Ai\\models\\intent_classifier.pkl, intents: 30", "module": "intent_classifier", "function": "load_model", "line": 348}
{"timestamp": "2026-04-04T14:39:23.627254", "level": "INFO", "logger": "assistant.intent_classifier", "message": "Intent classifier quantized using float16 method", "module": "intent_classifier", "function": "quantize_model", "line": 382}
{"timestamp": "2026-04-04T14:39:26.550332", "level": "INFO", "logger": "assistant.intent_classifier", "message": "ML Event: prediction", "module": "logger", "function": "log_ml_event", "line": 122, "event_type": "prediction", "input_text": "go to https://www.test.com", "prediction": "web_browsing", "confidence": 0.07369498698475623, "processing_time_ms": 2922.077417373657}
{"timestamp": "2026-04-04T14:39:26.550781", "level": "DEBUG", "logger": "assistant.intent_classifier", "message": "Predicted intent: web_browsing with confidence 0.0737 in 2.922s", "module": "intent_classifier", "function": "predict", "line": 293}
{"timestamp": "2026-04-04T14:39:27.579490", "level": "INFO", "logger": "assistant.intent_classifier", "message": "Model loaded successfully from D:\\code\\Ai\\models\\intent_classifier.pkl, intents: 30", "module": "intent_classifier", "function": "load_model", "line": 348}
{"timestamp": "2026-04-04T14:39:27.579839", "level": "INFO", "logger": "assistant.intent_classifier", "message": "Intent classifier quantized using float16 method", "module": "intent_classifier", "function": "quantize_model", "line": 382}
{"timestamp": "2026-04-04T14:39:27.586238", "level": "INFO", "logger": "assistant.intent_classifier", "message": "Model loaded successfully from D:\\code\\Ai\\models\\intent_classifier.pkl, intents: 30", "module": "intent_classifier", "function": "load_model", "line": 348}
{"timestamp": "2026-04-04T14:39:27.586978", "level": "INFO", "logger": "assistant.intent_classifier", "message": "Intent classifier quantized using float16 method", "module": "intent_classifier", "function": "quantize_model", "line": 382}
{"timestamp": "2026-04-04T14:39:27.589386", "level": "INFO", "logger": "assistant.intent_classifier", "message": "ML Event: prediction", "module": "logger", "function": "log_ml_event", "line": 122, "event_type": "prediction", "input_text": "go to", "prediction": "open_application", "confidence": 0.04222792017740702, "processing_time_ms": 2.209186553955078}
{"timestamp": "2026-04-04T14:39:27.589516", "level": "DEBUG", "logger": "assistant.intent_classifier", "message": "Predicted intent: open_application with confidence 0.0422 in 0.002s", "module": "intent_classifier", "function": "predict", "line": 293}
{"timestamp": "2026-04-04T14:39:29.605636", "level": "INFO", "logger": "assistant.intent_classifier", "message": "Model loaded successfully from D:\\code\\Ai\\models\\intent_classifier.pkl, intents: 30", "module": "intent_classifier", "function": "load_model", "line": 348}
{"timestamp": "2026-04-04T14:39:29.605994", "level": "INFO", "logger": "assistant.intent_classifier", "message": "Intent classifier quantized using float16 method", "module": "intent_classifier", "function": "quantize_model", "line": 382}
{"timestamp": "2026-04-04T14:39:29.611623", "level": "INFO", "logger": "assistant.intent_classifier", "message": "Model loaded successfully from D:\\code\\Ai\\models\\intent_classifier.pkl, intents: 30", "module": "intent_classifier", "function": "load_model", "line": 348}
{"timestamp": "2026-04-04T14:39:29.611945", "level": "INFO", "logger": "assistant.intent_classifier", "message": "Intent classifier quantized using float16 method", "module": "intent_classifier", "function": "quantize_model", "line": 382}
{"timestamp": "2026-04-04T14:39:29.614579", "level": "INFO", "logger": "assistant.intent_classifier", "message": "ML Event: prediction", "module": "logger", "function": "log_ml_event", "line": 122, "event_type": "prediction", "input_text": "go to invalid-url", "prediction": "open_application", "confidence": 0.04222792017740702, "processing_time_ms": 2.1276473999023438}
{"timestamp": "2026-04-04T14:39:29.614710", "level": "DEBUG", "logger": "assistant.intent_classifier", "message": "Predicted intent: open_application with confidence 0.0422 in 0.002s", "module": "intent_classifier", "function": "predict", "line": 293}
{"timestamp": "2026-04-04T14:39:30.626550", "level": "INFO", "logger": "assistant.intent_classifier", "message": "Model loaded successfully from D:\\code\\Ai\\models\\intent_classifier.pkl, intents: 30", "module": "intent_classifier", "function": "load_model", "line": 348}
{"timestamp": "2026-04-04T14:39:30.626908", "level": "INFO", "logger": "assistant.intent_classifier", "message": "Intent classifier quantized using float16 method", "module": "intent_classifier", "function": "quantize_model", "line": 382}
{"timestamp": "2026-04-04T14:39:30.634864", "level": "INFO", "logger": "assistant.intent_classifier", "message": "Model loaded successfully from D:\\code\\Ai\\models\\intent_classifier.pkl, intents: 30", "module": "intent_classifier", "function": "load_model", "line": 348}
{"timestamp": "2026-04-04T14:39:30.635781", "level": "INFO", "logger": "assistant.intent_classifier", "message": "Intent classifier quantized using float16 method", "module": "intent_classifier", "function": "quantize_model", "line": 382}
{"timestamp": "2026-04-04T14:39:30.639401", "level": "INFO", "logger": "assistant.intent_classifier", "message": "ML Event: prediction", "module": "logger", "function": "log_ml_event", "line": 122, "event_type": "prediction", "input_text": "go to www.example.com", "prediction": "web_browsing", "confidence": 0.09991878910936004, "processing_time_ms": 2.7337074279785156}
{"timestamp": "2026-04-04T14:39:30.639671", "level": "DEBUG", "logger": "assistant.intent_classifier", "message": "Predicted intent: web_browsing with confidence 0.0999 in 0.003s", "module": "intent_classifier", "function": "predict", "line": 293}
{"timestamp": "2026-04-04T14:39:31.647764", "level": "INFO", "logger": "assistant.intent_classifier", "message": "Model loaded successfully from D:\\code\\Ai\\models\\intent_classifier.pkl, intents: 30", "module": "intent_classifier", "function": "load_model", "line": 348}
{"timestamp": "2026-04-04T14:39:31.648107", "level": "INFO", "logger": "assistant.intent_classifier", "message": "Intent classifier quantized using float16 method", "module": "intent_classifier", "function": "quantize_model", "line": 382}
{"timestamp": "2026-04-04T14:39:31.655306", "level": "INFO", "logger": "assistant.intent_classifier", "message": "Model loaded successfully from D:\\code\\Ai\\models\\intent_classifier.pkl, intents: 30", "module": "intent_classifier", "function": "load_model", "line": 348}
{"timestamp": "2026-04-04T14:39:31.655633", "level": "INFO", "logger": "assistant.intent_classifier", "message": "Intent classifier quantized using float16 method", "module": "intent_classifier", "function": "quantize_model", "line": 382}
{"timestamp": "2026-04-04T14:39:31.658207", "level": "INFO", "logger": "assistant.intent_classifier", "message": "ML Event: prediction", "module": "logger", "function": "log_ml_event", "line": 122, "event_type": "prediction", "input_text": "go to https://www.google.com", "prediction": "web_browsing", "confidence": 0.11738503804025512, "processing_time_ms": 2.125978469848633}
{"timestamp": "2026-04-04T14:39:31.658349", "level": "DEBUG", "logger": "assistant.intent_classifier", "message": "Predicted intent: web_browsing with confidence 0.1174 in 0.002s", "module": "intent_classifier", "function": "predict", "line": 293}
{"timestamp": "2026-04-04T14:39:32.672801", "level": "INFO", "logger": "assistant.intent_classifier", "message": "Model loaded successfully from D:\\code\\Ai\\models\\intent_classifier.pkl, intents: 30", "module": "intent_classifier", "function": "load_model", "line": 348}
{"timestamp": "2026-04-04T14:39:32.673493", "level": "INFO", "logger": "assistant.intent_classifier", "message": "Intent classifier quantized using float16 method", "module": "intent_classifier", "function": "quantize_model", "line": 382}
{"timestamp": "2026-04-04T14:39:32.681125", "level": "INFO", "logger": "assistant.intent_classifier", "message": "Model loaded successfully from D:\\code\\Ai\\models\\intent_classifier.pkl, intents: 30", "module": "intent_classifier", "function": "load_model", "line": 348}
{"timestamp": "2026-04-04T14:39:32.681388", "level": "INFO", "logger": "assistant.intent_classifier", "message": "Intent classifier quantized using float16 method", "module": "intent_classifier", "function": "quantize_model", "line": 382}
{"timestamp": "2026-04-04T14:39:32.684732", "level": "INFO", "logger": "assistant.intent_classifier", "message": "ML Event: prediction", "module": "logger", "function": "log_ml_event", "line": 122, "event_type": "prediction", "input_text": "tell me the news", "prediction": "news_reporting", "confidence": 0.33479453392714387, "processing_time_ms": 2.8247833251953125}
{"timestamp": "2026-04-04T14:39:32.684923", "level": "DEBUG", "logger": "assistant.intent_classifier", "message": "Predicted intent: news_reporting with confidence 0.3348 in 0.003s", "module": "intent_classifier", "function": "predict", "line": 293}
{"timestamp": "2026-04-04T14:39:33.695293", "level": "INFO", "logger": "assistant.intent_classifier", "message": "Model loaded successfully from D:\\code\\Ai\\models\\intent_classifier.pkl, intents: 30", "module": "intent_classifier", "function": "load_model", "line": 348}
{"timestamp": "2026-04-04T14:39:33.696026", "level": "INFO", "logger": "assistant.intent_classifier", "message": "Intent classifier quantized using float16 method", "module": "intent_classifier", "function": "quantize_model", "line": 382}
{"timestamp": "2026-04-04T14:39:33.702803", "level": "INFO", "logger": "assistant.intent_classifier", "message": "Model loaded successfully from D:\\code\\Ai\\models\\intent_classifier.pkl, intents: 30", "module": "intent_classifier", "function": "load_model", "line": 348}
{"timestamp": "2026-04-04T14:39:33.703128", "level": "INFO", "logger": "assistant.intent_classifier", "message": "Intent classifier quantized using float16 method", "module": "intent_classifier", "function": "quantize_model", "line": 382}
{"timestamp": "2026-04-04T14:39:33.705188", "level": "INFO", "logger": "assistant.intent_classifier", "message": "ML Event: prediction", "module": "logger", "function": "log_ml_event", "line": 122, "event_type": "prediction", "input_text": "news update", "prediction": "news_reporting", "confidence": 0.8042342005628184, "processing_time_ms": 1.7018318176269531}
{"timestamp": "2026-04-04T14:39:33.705307", "level": "DEBUG", "logger": "assistant.intent_classifier", "message": "Predicted intent: news_reporting with confidence 0.8042 in 0.002s", "module": "intent_classifier", "function": "predict", "line": 293}
{"timestamp": "2026-04-04T14:39:34.721558", "level": "INFO", "logger": "assistant.intent_classifier", "message": "Model loaded successfully from D:\\code\\Ai\\models\\intent_classifier.pkl, intents: 30", "module": "intent_classifier", "function": "load_model", "line": 348}
{"timestamp": "2026-04-04T14:39:34.721920", "level": "INFO", "logger": "assistant.intent_classifier", "message": "Intent classifier quantized using float16 method", "module": "intent_classifier", "function": "quantize_model", "line": 382}
{"timestamp": "2026-04-04T14:39:34.726961", "level": "INFO", "logger": "assistant.intent_classifier", "message": "Model loaded successfully from D:\\code\\Ai\\models\\intent_classifier.pkl, intents: 30", "module": "intent_classifier", "function": "load_model", "line": 348}
{"timestamp": "2026-04-04T14:39:34.727246", "level": "INFO", "logger": "assistant.intent_classifier", "message": "Intent classifier quantized using float16 method", "module": "intent_classifier", "function": "quantize_model", "line": 382}
{"timestamp": "2026-04-04T14:39:34.730046", "level": "INFO", "logger": "assistant.intent_classifier", "message": "ML Event: prediction", "module": "logger", "function": "log_ml_event", "line": 122, "event_type": "prediction", "input_text": "get news", "prediction": "news_reporting", "confidence": 0.8042342005628184, "processing_time_ms": 2.1092891693115234}
{"timestamp": "2026-04-04T14:39:34.730158", "level": "DEBUG", "logger": "assistant.intent_classifier", "message": "Predicted intent: news_reporting with confidence 0.8042 in 0.002s", "module": "intent_classifier", "function": "predict", "line": 293}
{"timestamp": "2026-04-04T14:39:36.406778", "level": "INFO", "logger": "assistant.intent_classifier", "message": "Model loaded successfully from D:\\code\\Ai\\models\\intent_classifier.pkl, intents: 30", "module": "intent_classifier", "function": "load_model", "line": 348}
{"timestamp": "2026-04-04T14:39:36.407119", "level": "INFO", "logger": "assistant.intent_classifier", "message": "Intent classifier quantized using float16 method", "module": "intent_classifier", "function": "quantize_model", "line": 382}
{"timestamp": "2026-04-04T14:39:36.415390", "level": "INFO", "logger": "assistant.intent_classifier", "message": "Model loaded successfully from D:\\code\\Ai\\models\\intent_classifier.pkl, intents: 30", "module": "intent_classifier", "function": "load_model", "line": 348}
{"timestamp": "2026-04-04T14:39:36.416474", "level": "INFO", "logger": "assistant.intent_classifier", "message": "Intent classifier quantized using float16 method", "module": "intent_classifier", "function": "quantize_model", "line": 382}
{"timestamp": "2026-04-04T14:39:36.424826", "level": "INFO", "logger": "assistant.intent_classifier", "message": "ML Event: prediction", "module": "logger", "function": "log_ml_event", "line": 122, "event_type": "prediction", "input_text": "latest news", "prediction": "news_reporting", "confidence": 0.427033755865427, "processing_time_ms": 7.222175598144531}
{"timestamp": "2026-04-04T14:39:36.425016", "level": "DEBUG", "logger": "assistant.intent_classifier", "message": "Predicted intent: news_reporting with confidence 0.4270 in 0.007s", "module": "intent_classifier", "function": "predict", "line": 293}
{"timestamp": "2026-04-04T14:39:37.436188", "level": "INFO", "logger": "assistant.intent_classifier", "message": "Model loaded successfully from D:\\code\\Ai\\models\\intent_classifier.pkl, intents: 30", "module": "intent_classifier", "function": "load_model", "line": 348}
{"timestamp": "2026-04-04T14:39:37.436459", "level": "INFO", "logger": "assistant.intent_classifier", "message": "Intent classifier quantized using float16 method", "module": "intent_classifier", "function": "quantize_model", "line": 382}
{"timestamp": "2026-04-04T14:39:37.442175", "level": "INFO", "logger": "assistant.intent_classifier", "message": "Model loaded successfully from D:\\code\\Ai\\models\\intent_classifier.pkl, intents: 30", "module": "intent_classifier", "function": "load_model", "line": 348}
{"timestamp": "2026-04-04T14:39:37.442445", "level": "INFO", "logger": "assistant.intent_classifier", "message": "Intent classifier quantized using float16 method", "module": "intent_classifier", "function": "quantize_model", "line": 382}
{"timestamp": "2026-04-04T14:39:37.444077", "level": "INFO", "logger": "assistant.intent_classifier", "message": "ML Event: prediction", "module": "logger", "function": "log_ml_event", "line": 122, "event_type": "prediction", "input_text": "what's the news", "prediction": "news_reporting", "confidence": 0.8042342005628184, "processing_time_ms": 1.4755725860595703}
{"timestamp": "2026-04-04T14:39:37.444178", "level": "DEBUG", "logger": "assistant.intent_classifier", "message": "Predicted intent: news_reporting with confidence 0.8042 in 0.001s", "module": "intent_classifier", "function": "predict", "line": 293}
{"timestamp": "2026-04-04T14:39:38.460736", "level": "INFO", "logger": "assistant.intent_classifier", "message": "Model loaded successfully from D:\\code\\Ai\\models\\intent_classifier.pkl, intents: 30", "module": "intent_classifier", "function": "load_model", "line": 348}
{"timestamp": "2026-04-04T14:39:38.461026", "level": "INFO", "logger": "assistant.intent_classifier", "message": "Intent classifier quantized using float16 method", "module": "intent_classifier", "function": "quantize_model", "line": 382}
{"timestamp": "2026-04-04T14:39:38.467792", "level": "INFO", "logger": "assistant.intent_classifier", "message": "Model loaded successfully from D:\\code\\Ai\\models\\intent_classifier.pkl, intents: 30", "module": "intent_classifier", "function": "load_model", "line": 348}
{"timestamp": "2026-04-04T14:39:38.468473", "level": "INFO", "logger": "assistant.intent_classifier", "message": "Intent classifier quantized using float16 method", "module": "intent_classifier", "function": "quantize_model", "line": 382}
{"timestamp": "2026-04-04T14:39:38.469292", "level": "DEBUG", "logger": "assistant.intent_classifier", "message": "Cache hit for intent prediction: news_reporting in 0.000s", "module": "intent_classifier", "function": "predict", "line": 268}
{"timestamp": "2026-04-04T14:39:39.479142", "level": "INFO", "logger": "assistant.intent_classifier", "message": "Model loaded successfully from D:\\code\\Ai\\models\\intent_classifier.pkl, intents: 30", "module": "intent_classifier", "function": "load_model", "line": 348}
{"timestamp": "2026-04-04T14:39:39.479463", "level": "INFO", "logger": "assistant.intent_classifier", "message": "Intent classifier quantized using float16 method", "module": "intent_classifier", "function": "quantize_model", "line": 382}
{"timestamp": "2026-04-04T14:39:39.485976", "level": "INFO", "logger": "assistant.intent_classifier", "message": "Model loaded successfully from D:\\code\\Ai\\models\\intent_classifier.pkl, intents: 30", "module": "intent_classifier", "function": "load_model", "line": 348}
{"timestamp": "2026-04-04T14:39:39.486295", "level": "INFO", "logger": "assistant.intent_classifier", "message": "Intent classifier quantized using float16 method", "module": "intent_classifier", "function": "quantize_model", "line": 382}
{"timestamp": "2026-04-04T14:39:39.489725", "level": "INFO", "logger": "assistant.intent_classifier", "message": "ML Event: prediction", "module": "logger", "function": "log_ml_event", "line": 122, "event_type": "prediction", "input_text": "add task buy milk to todo", "prediction": "todo_management", "confidence": 0.32132453448792475, "processing_time_ms": 2.222299575805664}
{"timestamp": "2026-04-04T14:39:39.489877", "level": "DEBUG", "logger": "assistant.intent_classifier", "message": "Predicted intent: todo_management with confidence 0.3213 in 0.002s", "module": "intent_classifier", "function": "predict", "line": 293}
{"timestamp": "2026-04-04T14:39:40.530571", "level": "INFO", "logger": "assistant.intent_classifier", "message": "Model loaded successfully from D:\\code\\Ai\\models\\intent_classifier.pkl, intents: 30", "module": "intent_classifier", "function": "load_model", "line": 348}
{"timestamp": "2026-04-04T14:39:40.530881", "level": "INFO", "logger": "assistant.intent_classifier", "message": "Intent classifier quantized using float16 method", "module": "intent_classifier", "function": "quantize_model", "line": 382}
{"timestamp": "2026-04-04T14:39:40.539458", "level": "INFO", "logger": "assistant.intent_classifier", "message": "Model loaded successfully from D:\\code\\Ai\\models\\intent_classifier.pkl, intents: 30", "module": "intent_classifier", "function": "load_model", "line": 348}
{"timestamp": "2026-04-04T14:39:40.539845", "level": "INFO", "logger": "assistant.intent_classifier", "message": "Intent classifier quantized using float16 method", "module": "intent_classifier", "function": "quantize_model", "line": 382}
{"timestamp": "2026-04-04T14:39:40.543188", "level": "INFO", "logger": "assistant.intent_classifier", "message": "ML Event: prediction", "module": "logger", "function": "log_ml_event", "line": 122, "event_type": "prediction", "input_text": "add task test task", "prediction": "todo_management", "confidence": 0.23536544463603687, "processing_time_ms": 2.942323684692383}
{"timestamp": "2026-04-04T14:39:40.543401", "level": "DEBUG", "logger": "assistant.intent_classifier", "message": "Predicted intent: todo_management with confidence 0.2354 in 0.003s", "module": "intent_classifier", "function": "predict", "line": 293}
{"timestamp": "2026-04-04T14:39:41.574165", "level": "INFO", "logger": "assistant.intent_classifier", "message": "Model loaded successfully from D:\\code\\Ai\\models\\intent_classifier.pkl, intents: 30", "module": "intent_classifier", "function": "load_model", "line": 348}
{"timestamp": "2026-04-04T14:39:41.574617", "level": "INFO", "logger": "assistant.intent_classifier", "message": "Intent classifier quantized using float16 method", "module": "intent_classifier", "function": "quantize_model", "line": 382}
{"timestamp": "2026-04-04T14:39:41.580929", "level": "INFO", "logger": "assistant.intent_classifier", "message": "Model loaded successfully from D:\\code\\Ai\\models\\intent_classifier.pkl, intents: 30", "module": "intent_classifier", "function": "load_model", "line": 348}
{"timestamp": "2026-04-04T14:39:41.581336", "level": "INFO", "logger": "assistant.intent_classifier", "message": "Intent classifier quantized using float16 method", "module": "intent_classifier", "function": "quantize_model", "line": 382}
{"timestamp": "2026-04-04T14:39:41.597937", "level": "INFO", "logger": "assistant.intent_classifier", "message": "ML Event: prediction", "module": "logger", "function": "log_ml_event", "line": 122, "event_type": "prediction", "input_text": "mark test task as done", "prediction": "todo_management", "confidence": 0.17484463746409343, "processing_time_ms": 2.8977394104003906}
{"timestamp": "2026-04-04T14:39:41.598351", "level": "DEBUG", "logger": "assistant.intent_classifier", "message": "Predicted intent: todo_management with confidence 0.1748 in 0.003s", "module": "intent_classifier", "function": "predict", "line": 293}
{"timestamp": "2026-04-04T14:39:42.640966", "level": "INFO", "logger": "assistant.intent_classifier", "message": "Model loaded successfully from D:\\code\\Ai\\models\\intent_classifier.pkl, intents: 30", "module": "intent_classifier", "function": "load_model", "line": 348}
{"timestamp": "2026-04-04T14:39:42.641334", "level": "INFO", "logger": "assistant.intent_classifier", "message": "Intent classifier quantized using float16 method", "module": "intent_classifier", "function": "quantize_model", "line": 382}
{"timestamp": "2026-04-04T14:39:42.646014", "level": "INFO", "logger": "assistant.intent_classifier", "message": "Model loaded successfully from D:\\code\\Ai\\models\\intent_classifier.pkl, intents: 30", "module": "intent_classifier", "function": "load_model", "line": 348}
{"timestamp": "2026-04-04T14:39:42.646276", "level": "INFO", "logger": "assistant.intent_classifier", "message": "Intent classifier quantized using float16 method", "module": "intent_classifier", "function": "quantize_model", "line": 382}
{"timestamp": "2026-04-04T14:39:42.650344", "level": "INFO", "logger": "assistant.intent_classifier", "message": "ML Event: prediction", "module": "logger", "function": "log_ml_event", "line": 122, "event_type": "prediction", "input_text": "complete nonexistent task", "prediction": "todo_management", "confidence": 0.21551040085905834, "processing_time_ms": 3.176450729370117}
{"timestamp": "2026-04-04T14:39:42.650686", "level": "DEBUG", "logger": "assistant.intent_classifier", "message": "Predicted intent: todo_management with confidence 0.2155 in 0.003s", "module": "intent_classifier", "function": "predict", "line": 293}
{"timestamp": "2026-04-04T14:39:43.675278", "level": "INFO", "logger": "assistant.intent_classifier", "message": "Model loaded successfully from D:\\code\\Ai\\models\\intent_classifier.pkl, intents: 30", "module": "intent_classifier", "function": "load_model", "line": 348}
{"timestamp": "2026-04-04T14:39:43.675616", "level": "INFO", "logger": "assistant.intent_classifier", "message": "Intent classifier quantized using float16 method", "module": "intent_classifier", "function": "quantize_model", "line": 382}
{"timestamp": "2026-04-04T14:39:43.680356", "level": "INFO", "logger": "assistant.intent_classifier", "message": "Model loaded successfully from D:\\code\\Ai\\models\\intent_classifier.pkl, intents: 30", "module": "intent_classifier", "function": "load_model", "line": 348}
{"timestamp": "2026-04-04T14:39:43.680687", "level": "INFO", "logger": "assistant.intent_classifier", "message": "Intent classifier quantized using float16 method", "module": "intent_classifier", "function": "quantize_model", "line": 382}
{"timestamp": "2026-04-04T14:39:43.685413", "level": "INFO", "logger": "assistant.intent_classifier", "message": "ML Event: prediction", "module": "logger", "function": "log_ml_event", "line": 122, "event_type": "prediction", "input_text": "create todo list for work", "prediction": "todo_generation", "confidence": 0.3698732020033578, "processing_time_ms": 3.932952880859375}
{"timestamp": "2026-04-04T14:39:43.685719", "level": "DEBUG", "logger": "assistant.intent_classifier", "message": "Predicted intent: todo_generation with confidence 0.3699 in 0.004s", "module": "intent_classifier", "function": "predict", "line": 293}
{"timestamp": "2026-04-04T14:39:44.721468", "level": "INFO", "logger": "assistant.intent_classifier", "message": "Model loaded successfully from D:\\code\\Ai\\models\\intent_classifier.pkl, intents: 30", "module": "intent_classifier", "function": "load_model", "line": 348}
{"timestamp": "2026-04-04T14:39:44.721796", "level": "INFO", "logger": "assistant.intent_classifier", "message": "Intent classifier quantized using float16 method", "module": "intent_classifier", "function": "quantize_model", "line": 382}
{"timestamp": "2026-04-04T14:39:44.727758", "level": "INFO", "logger": "assistant.intent_classifier", "message": "Model loaded successfully from D:\\code\\Ai\\models\\intent_classifier.pkl, intents: 30", "module": "intent_classifier", "function": "load_model", "line": 348}
{"timestamp": "2026-04-04T14:39:44.728104", "level": "INFO", "logger": "assistant.intent_classifier", "message": "Intent classifier quantized using float16 method", "module": "intent_classifier", "function": "quantize_model", "line": 382}
{"timestamp": "2026-04-04T14:39:44.732213", "level": "INFO", "logger": "assistant.intent_classifier", "message": "ML Event: prediction", "module": "logger", "function": "log_ml_event", "line": 122, "event_type": "prediction", "input_text": "create todo list for shopping", "prediction": "todo_generation", "confidence": 0.3345325649973227, "processing_time_ms": 3.9069652557373047}
{"timestamp": "2026-04-04T14:39:44.732345", "level": "DEBUG", "logger": "assistant.intent_classifier", "message": "Predicted intent: todo_generation with confidence 0.3345 in 0.004s", "module": "intent_classifier", "function": "predict", "line": 293}
{"timestamp": "2026-04-04T14:39:45.757090", "level": "INFO", "logger": "assistant.intent_classifier", "message": "Model loaded successfully from D:\\code\\Ai\\models\\intent_classifier.pkl, intents: 30", "module": "intent_classifier", "function": "load_model", "line": 348}
{"timestamp": "2026-04-04T14:39:45.757420", "level": "INFO", "logger": "assistant.intent_classifier", "message": "Intent classifier quantized using float16 method", "module": "intent_classifier", "function": "quantize_model", "line": 382}
{"timestamp": "2026-04-04T14:39:45.761889", "level": "INFO", "logger": "assistant.intent_classifier", "message": "Model loaded successfully from D:\\code\\Ai\\models\\intent_classifier.pkl, intents: 30", "module": "intent_classifier", "function": "load_model", "line": 348}
{"timestamp": "2026-04-04T14:39:45.762117", "level": "INFO", "logger": "assistant.intent_classifier", "message": "Intent classifier quantized using float16 method", "module": "intent_classifier", "function": "quantize_model", "line": 382}
{"timestamp": "2026-04-04T14:39:45.764246", "level": "INFO", "logger": "assistant.intent_classifier", "message": "ML Event: prediction", "module": "logger", "function": "log_ml_event", "line": 122, "event_type": "prediction", "input_text": "add task", "prediction": "todo_management", "confidence": 0.2025016550216649, "processing_time_ms": 2.0012855529785156}
{"timestamp": "2026-04-04T14:39:45.764339", "level": "DEBUG", "logger": "assistant.intent_classifier", "message": "Predicted intent: todo_management with confidence 0.2025 in 0.002s", "module": "intent_classifier", "function": "predict", "line": 293}
{"timestamp": "2026-04-04T14:39:47.778237", "level": "INFO", "logger": "assistant.intent_classifier", "message": "Model loaded successfully from D:\\code\\Ai\\models\\intent_classifier.pkl, intents: 30", "module": "intent_classifier", "function": "load_model", "line": 348}
{"timestamp": "2026-04-04T14:39:47.778711", "level": "INFO", "logger": "assistant.intent_classifier", "message": "Intent classifier quantized using float16 method", "module": "intent_classifier", "function": "quantize_model", "line": 382}
{"timestamp": "2026-04-04T14:39:47.787532", "level": "INFO", "logger": "assistant.intent_classifier", "message": "Model loaded successfully from D:\\code\\Ai\\models\\intent_classifier.pkl, intents: 30", "module": "intent_classifier", "function": "load_model", "line": 348}
{"timestamp": "2026-04-04T14:39:47.788149", "level": "INFO", "logger": "assistant.intent_classifier", "message": "Intent classifier quantized using float16 method", "module": "intent_classifier", "function": "quantize_model", "line": 382}
{"timestamp": "2026-04-04T14:39:47.791548", "level": "INFO", "logger": "assistant.intent_classifier", "message": "ML Event: prediction", "module": "logger", "function": "log_ml_event", "line": 122, "event_type": "prediction", "input_text": "mark as done", "prediction": "open_application", "confidence": 0.04222792017740702, "processing_time_ms": 3.117084503173828}
{"timestamp": "2026-04-04T14:39:47.791717", "level": "DEBUG", "logger": "assistant.intent_classifier", "message": "Predicted intent: open_application with confidence 0.0422 in 0.003s", "module": "intent_classifier", "function": "predict", "line": 293}
{"timestamp": "2026-04-04T14:39:49.801196", "level": "INFO", "logger": "assistant.intent_classifier", "message": "Model loaded successfully from D:\\code\\Ai\\models\\intent_classifier.pkl, intents: 30", "module": "intent_classifier", "function": "load_model", "line": 348}
{"timestamp": "2026-04-04T14:39:49.801700", "level": "INFO", "logger": "assistant.intent_classifier", "message": "Intent classifier quantized using float16 method", "module": "intent_classifier", "function": "quantize_model", "line": 382}
{"timestamp": "2026-04-04T14:39:49.807759", "level": "INFO", "logger": "assistant.intent_classifier", "message": "Model loaded successfully from D:\\code\\Ai\\models\\intent_classifier.pkl, intents: 30", "module": "intent_classifier", "function": "load_model", "line": 348}
{"timestamp": "2026-04-04T14:39:49.808091", "level": "INFO", "logger": "assistant.intent_classifier", "message": "Intent classifier quantized using float16 method", "module": "intent_classifier", "function": "quantize_model", "line": 382}
{"timestamp": "2026-04-04T14:39:49.810427", "level": "INFO", "logger": "assistant.intent_classifier", "message": "ML Event: prediction", "module": "logger", "function": "log_ml_event", "line": 122, "event_type": "prediction", "input_text": "remove from todo", "prediction": "todo_generation", "confidence": 0.09698558267576458, "processing_time_ms": 2.1152496337890625}
{"timestamp": "2026-04-04T14:39:49.810545", "level": "DEBUG", "logger": "assistant.intent_classifier", "message": "Predicted intent: todo_generation with confidence 0.0970 in 0.002s", "module": "intent_classifier", "function": "predict", "line": 293}
{"timestamp": "2026-04-04T14:39:51.821631", "level": "INFO", "logger": "assistant.intent_classifier", "message": "Model loaded successfully from D:\\code\\Ai\\models\\intent_classifier.pkl, intents: 30", "module": "intent_classifier", "function": "load_model", "line": 348}
{"timestamp": "2026-04-04T14:39:51.822134", "level": "INFO", "logger": "assistant.intent_classifier", "message": "Intent classifier quantized using float16 method", "module": "intent_classifier", "function": "quantize_model", "line": 382}
{"timestamp": "2026-04-04T14:39:51.830168", "level": "INFO", "logger": "assistant.intent_classifier", "message": "Model loaded successfully from D:\\code\\Ai\\models\\intent_classifier.pkl, intents: 30", "module": "intent_classifier", "function": "load_model", "line": 348}
{"timestamp": "2026-04-04T14:39:51.830712", "level": "INFO", "logger": "assistant.intent_classifier", "message": "Intent classifier quantized using float16 method", "module": "intent_classifier", "function": "quantize_model", "line": 382}
{"timestamp": "2026-04-04T14:39:51.848097", "level": "INFO", "logger": "assistant.intent_classifier", "message": "ML Event: prediction", "module": "logger", "function": "log_ml_event", "line": 122, "event_type": "prediction", "input_text": "remove test task from todo", "prediction": "todo_management", "confidence": 0.19425392122849353, "processing_time_ms": 3.204345703125}
{"timestamp": "2026-04-04T14:39:51.848279", "level": "DEBUG", "logger": "assistant.intent_classifier", "message": "Predicted intent: todo_management with confidence 0.1943 in 0.003s", "module": "intent_classifier", "function": "predict", "line": 293}
{"timestamp": "2026-04-04T14:39:52.874474", "level": "INFO", "logger": "assistant.intent_classifier", "message": "Model loaded successfully from D:\\code\\Ai\\models\\intent_classifier.pkl, intents: 30", "module": "intent_classifier", "function": "load_model", "line": 348}
{"timestamp": "2026-04-04T14:39:52.874807", "level": "INFO", "logger": "assistant.intent_classifier", "message": "Intent classifier quantized using float16 method", "module": "intent_classifier", "function": "quantize_model", "line": 382}
{"timestamp": "2026-04-04T14:39:52.878991", "level": "INFO", "logger": "assistant.intent_classifier", "message": "Model loaded successfully from D:\\code\\Ai\\models\\intent_classifier.pkl, intents: 30", "module": "intent_classifier", "function": "load_model", "line": 348}
{"timestamp": "2026-04-04T14:39:52.879292", "level": "INFO", "logger": "assistant.intent_classifier", "message": "Intent classifier quantized using float16 method", "module": "intent_classifier", "function": "quantize_model", "line": 382}
{"timestamp": "2026-04-04T14:39:52.883408", "level": "INFO", "logger": "assistant.intent_classifier", "message": "ML Event: prediction", "module": "logger", "function": "log_ml_event", "line": 122, "event_type": "prediction", "input_text": "remove nonexistent task from todo", "prediction": "todo_management", "confidence": 0.2653657577394826, "processing_time_ms": 3.330707550048828}
{"timestamp": "2026-04-04T14:39:52.883854", "level": "DEBUG", "logger": "assistant.intent_classifier", "message": "Predicted intent: todo_management with confidence 0.2654 in 0.003s", "module": "intent_classifier", "function": "predict", "line": 293}
{"timestamp": "2026-04-04T14:39:53.909731", "level": "INFO", "logger": "assistant.intent_classifier", "message": "Model loaded successfully from D:\\code\\Ai\\models\\intent_classifier.pkl, intents: 30", "module": "intent_classifier", "function": "load_model", "line": 348}
{"timestamp": "2026-04-04T14:39:53.910055", "level": "INFO", "logger": "assistant.intent_classifier", "message": "Intent classifier quantized using float16 method", "module": "intent_classifier", "function": "quantize_model", "line": 382}
{"timestamp": "2026-04-04T14:39:53.914418", "level": "INFO", "logger": "assistant.intent_classifier", "message": "Model loaded successfully from D:\\code\\Ai\\models\\intent_classifier.pkl, intents: 30", "module": "intent_classifier", "function": "load_model", "line": 348}
{"timestamp": "2026-04-04T14:39:53.914705", "level": "INFO", "logger": "assistant.intent_classifier", "message": "Intent classifier quantized using float16 method", "module": "intent_classifier", "function": "quantize_model", "line": 382}
{"timestamp": "2026-04-04T14:39:53.917981", "level": "INFO", "logger": "assistant.intent_classifier", "message": "ML Event: prediction", "module": "logger", "function": "log_ml_event", "line": 122, "event_type": "prediction", "input_text": "show my todo lists", "prediction": "todo_generation", "confidence": 0.5867770687491537, "processing_time_ms": 3.0989646911621094}
{"timestamp": "2026-04-04T14:39:53.918207", "level": "DEBUG", "logger": "assistant.intent_classifier", "message": "Predicted intent: todo_generation with confidence 0.5868 in 0.003s", "module": "intent_classifier", "function": "predict", "line": 293}
{"timestamp": "2026-04-04T14:39:54.927047", "level": "INFO", "logger": "assistant.intent_classifier", "message": "Model loaded successfully from D:\\code\\Ai\\models\\intent_classifier.pkl, intents: 30", "module": "intent_classifier", "function": "load_model", "line": 348}
{"timestamp": "2026-04-04T14:39:54.927361", "level": "INFO", "logger": "assistant.intent_classifier", "message": "Intent classifier quantized using float16 method", "module": "intent_classifier", "function": "quantize_model", "line": 382}
{"timestamp": "2026-04-04T14:39:54.932225", "level": "INFO", "logger": "assistant.intent_classifier", "message": "Model loaded successfully from D:\\code\\Ai\\models\\intent_classifier.pkl, intents: 30", "module": "intent_classifier", "function": "load_model", "line": 348}
{"timestamp": "2026-04-04T14:39:54.932964", "level": "INFO", "logger": "assistant.intent_classifier", "message": "Intent classifier quantized using float16 method", "module": "intent_classifier", "function": "quantize_model", "line": 382}
{"timestamp": "2026-04-04T14:39:54.954791", "level": "INFO", "logger": "assistant.intent_classifier", "message": "ML Event: prediction", "module": "logger", "function": "log_ml_event", "line": 122, "event_type": "prediction", "input_text": "list my todo lists", "prediction": "todo_generation", "confidence": 0.5500068034245202, "processing_time_ms": 2.1255016326904297}
{"timestamp": "2026-04-04T14:39:54.954921", "level": "DEBUG", "logger": "assistant.intent_classifier", "message": "Predicted intent: todo_generation with confidence 0.5500 in 0.002s", "module": "intent_classifier", "function": "predict", "line": 293}
{"timestamp": "2026-04-04T14:39:55.978758", "level": "INFO", "logger": "assistant.intent_classifier", "message": "Model loaded successfully from D:\\code\\Ai\\models\\intent_classifier.pkl, intents: 30", "module": "intent_classifier", "function": "load_model", "line": 348}
{"timestamp": "2026-04-04T14:39:55.979096", "level": "INFO", "logger": "assistant.intent_classifier", "message": "Intent classifier quantized using float16 method", "module": "intent_classifier", "function": "quantize_model", "line": 382}
{"timestamp": "2026-04-04T14:39:55.986096", "level": "INFO", "logger": "assistant.intent_classifier", "message": "Model loaded successfully from D:\\code\\Ai\\models\\intent_classifier.pkl, intents: 30", "module": "intent_classifier", "function": "load_model", "line": 348}
{"timestamp": "2026-04-04T14:39:55.986472", "level": "INFO", "logger": "assistant.intent_classifier", "message": "Intent classifier quantized using float16 method", "module": "intent_classifier", "function": "quantize_model", "line": 382}
{"timestamp": "2026-04-04T14:39:55.988819", "level": "INFO", "logger": "assistant.intent_classifier", "message": "ML Event: prediction", "module": "logger", "function": "log_ml_event", "line": 122, "event_type": "prediction", "input_text": "search for test", "prediction": "search", "confidence": 0.09206284029126399, "processing_time_ms": 1.664876937866211}
{"timestamp": "2026-04-04T14:39:55.988951", "level": "DEBUG", "logger": "assistant.intent_classifier", "message": "Predicted intent: search with confidence 0.0921 in 0.002s", "module": "intent_classifier", "function": "predict", "line": 293}
{"timestamp": "2026-04-04T14:39:57.000201", "level": "INFO", "logger": "assistant.intent_classifier", "message": "Model loaded successfully from D:\\code\\Ai\\models\\intent_classifier.pkl, intents: 30", "module": "intent_classifier", "function": "load_model", "line": 348}
{"timestamp": "2026-04-04T14:39:57.000826", "level": "INFO", "logger": "assistant.intent_classifier", "message": "Intent classifier quantized using float16 method", "module": "intent_classifier", "function": "quantize_model", "line": 382}
{"timestamp": "2026-04-04T14:39:57.012064", "level": "INFO", "logger": "assistant.intent_classifier", "message": "Model loaded successfully from D:\\code\\Ai\\models\\intent_classifier.pkl, intents: 30", "module": "intent_classifier", "function": "load_model", "line": 348}
{"timestamp": "2026-04-04T14:39:57.012574", "level": "INFO", "logger": "assistant.intent_classifier", "message": "Intent classifier quantized using float16 method", "module": "intent_classifier", "function": "quantize_model", "line": 382}
{"timestamp": "2026-04-04T14:39:57.016475", "level": "INFO", "logger": "assistant.intent_classifier", "message": "ML Event: prediction", "module": "logger", "function": "log_ml_event", "line": 122, "event_type": "prediction", "input_text": "search for unknown topic", "prediction": "search", "confidence": 0.16693848316925036, "processing_time_ms": 3.048419952392578}
{"timestamp": "2026-04-04T14:39:57.016684", "level": "DEBUG", "logger": "assistant.intent_classifier", "message": "Predicted intent: search with confidence 0.1669 in 0.003s", "module": "intent_classifier", "function": "predict", "line": 293}
{"timestamp": "2026-04-04T14:39:58.024507", "level": "INFO", "logger": "assistant.intent_classifier", "message": "Model loaded successfully from D:\\code\\Ai\\models\\intent_classifier.pkl, intents: 30", "module": "intent_classifier", "function": "load_model", "line": 348}
{"timestamp": "2026-04-04T14:39:58.024964", "level": "INFO", "logger": "assistant.intent_classifier", "message": "Intent classifier quantized using float16 method", "module": "intent_classifier", "function": "quantize_model", "line": 382}
{"timestamp": "2026-04-04T14:39:58.031443", "level": "INFO", "logger": "assistant.intent_classifier", "message": "Model loaded successfully from D:\\code\\Ai\\models\\intent_classifier.pkl, intents: 30", "module": "intent_classifier", "function": "load_model", "line": 348}
{"timestamp": "2026-04-04T14:39:58.032031", "level": "INFO", "logger": "assistant.intent_classifier", "message": "Intent classifier quantized using float16 method", "module": "intent_classifier", "function": "quantize_model", "line": 382}
{"timestamp": "2026-04-04T14:39:58.035539", "level": "INFO", "logger": "assistant.intent_classifier", "message": "ML Event: prediction", "module": "logger", "function": "log_ml_event", "line": 122, "event_type": "prediction", "input_text": "search for python", "prediction": "search", "confidence": 0.15628334865944835, "processing_time_ms": 2.513408660888672}
{"timestamp": "2026-04-04T14:39:58.035877", "level": "DEBUG", "logger": "assistant.intent_classifier", "message": "Predicted intent: search with confidence 0.1563 in 0.003s", "module": "intent_classifier", "function": "predict", "line": 293}
{"timestamp": "2026-04-04T14:39:59.043779", "level": "INFO", "logger": "assistant.intent_classifier", "message": "Model loaded successfully from D:\\code\\Ai\\models\\intent_classifier.pkl, intents: 30", "module": "intent_classifier", "function": "load_model", "line": 348}
{"timestamp": "2026-04-04T14:39:59.044127", "level": "INFO", "logger": "assistant.intent_classifier", "message": "Intent classifier quantized using float16 method", "module": "intent_classifier", "function": "quantize_model", "line": 382}
{"timestamp": "2026-04-04T14:39:59.050401", "level": "INFO", "logger": "assistant.intent_classifier", "message": "Model loaded successfully from D:\\code\\Ai\\models\\intent_classifier.pkl, intents: 30", "module": "intent_classifier", "function": "load_model", "line": 348}
{"timestamp": "2026-04-04T14:39:59.050865", "level": "INFO", "logger": "assistant.intent_classifier", "message": "Intent classifier quantized using float16 method", "module": "intent_classifier", "function": "quantize_model", "line": 382}
{"timestamp": "2026-04-04T14:39:59.051746", "level": "DEBUG", "logger": "assistant.intent_classifier", "message": "Cache hit for intent prediction: news_reporting in 0.000s", "module": "intent_classifier", "function": "predict", "line": 268}
{"timestamp": "2026-04-04T14:40:00.060380", "level": "INFO", "logger": "assistant.intent_classifier", "message": "Model loaded successfully from D:\\code\\Ai\\models\\intent_classifier.pkl, intents: 30", "module": "intent_classifier", "function": "load_model", "line": 348}
{"timestamp": "2026-04-04T14:40:00.060837", "level": "INFO", "logger": "assistant.intent_classifier", "message": "Intent classifier quantized using float16 method", "module": "intent_classifier", "function": "quantize_model", "line": 382}
{"timestamp": "2026-04-04T14:40:00.065902", "level": "INFO", "logger": "assistant.intent_classifier", "message": "Model loaded successfully from D:\\code\\Ai\\models\\intent_classifier.pkl, intents: 30", "module": "intent_classifier", "function": "load_model", "line": 348}
{"timestamp": "2026-04-04T14:40:00.066335", "level": "INFO", "logger": "assistant.intent_classifier", "message": "Intent classifier quantized using float16 method", "module": "intent_classifier", "function": "quantize_model", "line": 382}
{"timestamp": "2026-04-04T14:40:00.070238", "level": "INFO", "logger": "assistant.intent_classifier", "message": "ML Event: prediction", "module": "logger", "function": "log_ml_event", "line": 122, "event_type": "prediction", "input_text": "create todo list for test_1775293800", "prediction": "todo_generation", "confidence": 0.44957068926103194, "processing_time_ms": 3.619670867919922}
{"timestamp": "2026-04-04T14:40:00.070489", "level": "DEBUG", "logger": "assistant.intent_classifier", "message": "Predicted intent: todo_generation with confidence 0.4496 in 0.004s", "module": "intent_classifier", "function": "predict", "line": 293}
{"timestamp": "2026-04-04T14:40:01.076663", "level": "INFO", "logger": "assistant.intent_classifier", "message": "ML Event: prediction", "module": "logger", "function": "log_ml_event", "line": 122, "event_type": "prediction", "input_text": "add task test 1775293800 task", "prediction": "todo_management", "confidence": 0.23536544463603687, "processing_time_ms": 2.6934146881103516}
{"timestamp": "2026-04-04T14:40:01.076992", "level": "DEBUG", "logger": "assistant.intent_classifier", "message": "Predicted intent: todo_management with confidence 0.2354 in 0.003s", "module": "intent_classifier", "function": "predict", "line": 293}
{"timestamp": "2026-04-04T14:40:02.096668", "level": "INFO", "logger": "assistant.intent_classifier", "message": "ML Event: prediction", "module": "logger", "function": "log_ml_event", "line": 122, "event_type": "prediction", "input_text": "mark test 1775293800 task as done", "prediction": "todo_management", "confidence": 0.17484463746409343, "processing_time_ms": 1.7316341400146484}
{"timestamp": "2026-04-04T14:40:02.096819", "level": "DEBUG", "logger": "assistant.intent_classifier", "message": "Predicted intent: todo_management with confidence 0.1748 in 0.002s", "module": "intent_classifier", "function": "predict", "line": 293}
{"timestamp": "2026-04-04T14:40:03.128397", "level": "INFO", "logger": "assistant.intent_classifier", "message": "Model loaded successfully from D:\\code\\Ai\\models\\intent_classifier.pkl, intents: 30", "module": "intent_classifier", "function": "load_model", "line": 348}
{"timestamp": "2026-04-04T14:40:03.128893", "level": "INFO", "logger": "assistant.intent_classifier", "message": "Intent classifier quantized using float16 method", "module": "intent_classifier", "function": "quantize_model", "line": 382}
{"timestamp": "2026-04-04T14:40:03.137924", "level": "INFO", "logger": "assistant.intent_classifier", "message": "Model loaded successfully from D:\\code\\Ai\\models\\intent_classifier.pkl, intents: 30", "module": "intent_classifier", "function": "load_model", "line": 348}
{"timestamp": "2026-04-04T14:40:03.138426", "level": "INFO", "logger": "assistant.intent_classifier", "message": "Intent classifier quantized using float16 method", "module": "intent_classifier", "function": "quantize_model", "line": 382}
{"timestamp": "2026-04-04T14:40:03.141806", "level": "INFO", "logger": "assistant.intent_classifier", "message": "ML Event: prediction", "module": "logger", "function": "log_ml_event", "line": 122, "event_type": "prediction", "input_text": "go to google.com", "prediction": "web_browsing", "confidence": 0.11738503804025512, "processing_time_ms": 2.767801284790039}
{"timestamp": "2026-04-04T14:40:03.142074", "level": "DEBUG", "logger": "assistant.intent_classifier", "message": "Predicted intent: web_browsing with confidence 0.1174 in 0.003s", "module": "intent_classifier", "function": "predict", "line": 293}
{"timestamp": "2026-04-04T14:40:04.149101", "level": "INFO", "logger": "assistant.intent_classifier", "message": "ML Event: prediction", "module": "logger", "function": "log_ml_event", "line": 122, "event_type": "prediction", "input_text": "go to invalid site", "prediction": "open_application", "confidence": 0.04222792017740702, "processing_time_ms": 5.182743072509766}
{"timestamp": "2026-04-04T14:40:04.149470", "level": "DEBUG", "logger": "assistant.intent_classifier", "message": "Predicted intent: open_application with confidence 0.0422 in 0.005s", "module": "intent_classifier", "function": "predict", "line": 293}
{"timestamp": "2026-04-04T14:40:17.256076", "level": "INFO", "logger": "assistant.intent_classifier", "message": "Model loaded successfully from D:\\code\\Ai\\models\\intent_classifier.pkl, intents: 30", "module": "intent_classifier", "function": "load_model", "line": 348}
{"timestamp": "2026-04-04T14:40:17.256510", "level": "INFO", "logger": "assistant.intent_classifier", "message": "Intent classifier quantized using float16 method", "module": "intent_classifier", "function": "quantize_model", "line": 382}
{"timestamp": "2026-04-04T14:40:17.261785", "level": "INFO", "logger": "assistant.intent_classifier", "message": "Model loaded successfully from D:\\code\\Ai\\models\\intent_classifier.pkl, intents: 30", "module": "intent_classifier", "function": "load_model", "line": 348}
{"timestamp": "2026-04-04T14:40:17.262135", "level": "INFO", "logger": "assistant.intent_classifier", "message": "Intent classifier quantized using float16 method", "module": "intent_classifier", "function": "quantize_model", "line": 382}
{"timestamp": "2026-04-04T14:40:17.304970", "level": "INFO", "logger": "assistant.intent_classifier", "message": "ML Event: prediction", "module": "logger", "function": "log_ml_event", "line": 122, "event_type": "prediction", "input_text": "where am i", "prediction": "open_application", "confidence": 0.04222792017740702, "processing_time_ms": 42.65093803405762}
{"timestamp": "2026-04-04T14:40:17.305188", "level": "DEBUG", "logger": "assistant.intent_classifier", "message": "Predicted intent: open_application with confidence 0.0422 in 0.043s", "module": "intent_classifier", "function": "predict", "line": 293}
{"timestamp": "2026-04-04T14:40:21.440529", "level": "INFO", "logger": "assistant.intent_classifier", "message": "ML Event: prediction", "module": "logger", "function": "log_ml_event", "line": 122, "event_type": "prediction", "input_text": "what's my location", "prediction": "location_services", "confidence": 0.4604469603469804, "processing_time_ms": 2820.441246032715}
{"timestamp": "2026-04-04T14:40:21.440677", "level": "DEBUG", "logger": "assistant.intent_classifier", "message": "Predicted intent: location_services with confidence 0.4604 in 2.820s", "module": "intent_classifier", "function": "predict", "line": 293}
{"timestamp": "2026-04-04T14:40:22.785291", "level": "INFO", "logger": "assistant.intent_classifier", "message": "ML Event: prediction", "module": "logger", "function": "log_ml_event", "line": 122, "event_type": "prediction", "input_text": "geocode new york city", "prediction": "location_services", "confidence": 0.198382809690785, "processing_time_ms": 2.182483673095703}
{"timestamp": "2026-04-04T14:40:22.785538", "level": "DEBUG", "logger": "assistant.intent_classifier", "message": "Predicted intent: location_services with confidence 0.1984 in 0.002s", "module": "intent_classifier", "function": "predict", "line": 293}
{"timestamp": "2026-04-04T14:40:25.443953", "level": "INFO", "logger": "assistant.intent_classifier", "message": "ML Event: prediction", "module": "logger", "function": "log_ml_event", "line": 122, "event_type": "prediction", "input_text": "find coordinates for london", "prediction": "location_services", "confidence": 0.14989454374023564, "processing_time_ms": 2.808809280395508}
{"timestamp": "2026-04-04T14:40:25.444218", "level": "DEBUG", "logger": "assistant.intent_classifier", "message": "Predicted intent: location_services with confidence 0.1499 in 0.003s", "module": "intent_classifier", "function": "predict", "line": 293}
{"timestamp": "2026-04-04T14:40:25.445725", "level": "INFO", "logger": "assistant.intent_classifier", "message": "ML Event: prediction", "module": "logger", "function": "log_ml_event", "line": 122, "event_type": "prediction", "input_text": "reverse geocode 40.7128, -74.0060", "prediction": "location_services", "confidence": 0.10782233175108587, "processing_time_ms": 1.018524169921875}
{"timestamp": "2026-04-04T14:40:25.445811", "level": "DEBUG", "logger": "assistant.intent_classifier", "message": "Predicted intent: location_services with confidence 0.1078 in 0.001s", "module": "intent_classifier", "function": "predict", "line": 293}
{"timestamp": "2026-04-04T14:40:28.823625", "level": "INFO", "logger": "assistant.intent_classifier", "message": "ML Event: prediction", "module": "logger", "function": "log_ml_event", "line": 122, "event_type": "prediction", "input_text": "find address for coordinates 51.5074, -0.1278", "prediction": "location_services", "confidence": 0.13183452138808086, "processing_time_ms": 2.296924591064453}
{"timestamp": "2026-04-04T14:40:28.824653", "level": "DEBUG", "logger": "assistant.intent_classifier", "message": "Predicted intent: location_services with confidence 0.1318 in 0.002s", "module": "intent_classifier", "function": "predict", "line": 293}
{"timestamp": "2026-04-04T14:40:28.826749", "level": "INFO", "logger": "assistant.intent_classifier", "message": "ML Event: prediction", "module": "logger", "function": "log_ml_event", "line": 122, "event_type": "prediction", "input_text": "how far is new york from london", "prediction": "location_services", "confidence": 0.168529534383107, "processing_time_ms": 1.2664794921875}
{"timestamp": "2026-04-04T14:40:28.826854", "level": "DEBUG", "logger": "assistant.intent_classifier", "message": "Predicted intent: location_services with confidence 0.1685 in 0.001s", "module": "intent_classifier", "function": "predict", "line": 293}
{"timestamp": "2026-04-04T14:40:33.227335", "level": "INFO", "logger": "assistant.intent_classifier", "message": "ML Event: prediction", "module": "logger", "function": "log_ml_event", "line": 122, "event_type": "prediction", "input_text": "distance between paris and berlin", "prediction": "weather", "confidence": 0.0837085398341642, "processing_time_ms": 3.226041793823242}
{"timestamp": "2026-04-04T14:40:33.227839", "level": "DEBUG", "logger": "assistant.intent_classifier", "message": "Predicted intent: weather with confidence 0.0837 in 0.003s", "module": "intent_classifier", "function": "predict", "line": 293}
{"timestamp": "2026-04-04T14:41:35.643079", "level": "INFO", "logger": "assistant.intent_classifier", "message": "Model loaded successfully from D:\\code\\Ai\\models\\intent_classifier.pkl, intents: 30", "module": "intent_classifier", "function": "load_model", "line": 348}
{"timestamp": "2026-04-04T14:41:35.643487", "level": "INFO", "logger": "assistant.intent_classifier", "message": "Intent classifier quantized using float16 method", "module": "intent_classifier", "function": "quantize_model", "line": 382}
{"timestamp": "2026-04-04T14:41:35.650982", "level": "INFO", "logger": "assistant.intent_classifier", "message": "Model loaded successfully from D:\\code\\Ai\\models\\intent_classifier.pkl, intents: 30", "module": "intent_classifier", "function": "load_model", "line": 348}
{"timestamp": "2026-04-04T14:41:35.651399", "level": "INFO", "logger": "assistant.intent_classifier", "message": "Intent classifier quantized using float16 method", "module": "intent_classifier", "function": "quantize_model", "line": 382}
{"timestamp": "2026-04-04T14:41:38.875017", "level": "INFO", "logger": "assistant.intent_classifier", "message": "ML Event: prediction", "module": "logger", "function": "log_ml_event", "line": 122, "event_type": "prediction", "input_text": "open chrome", "prediction": "open_application", "confidence": 0.1045745721651594, "processing_time_ms": 3223.022699356079}
{"timestamp": "2026-04-04T14:41:38.875173", "level": "DEBUG", "logger": "assistant.intent_classifier", "message": "Predicted intent: open_application with confidence 0.1046 in 3.223s", "module": "intent_classifier", "function": "predict", "line": 293}
{"timestamp": "2026-04-04T14:41:38.898858", "level": "INFO", "logger": "assistant.intent_classifier", "message": "ML Event: prediction", "module": "logger", "function": "log_ml_event", "line": 122, "event_type": "prediction", "input_text": "launch firefox", "prediction": "open_application", "confidence": 0.12633876907365618, "processing_time_ms": 2.864360809326172}
{"timestamp": "2026-04-04T14:41:38.899218", "level": "DEBUG", "logger": "assistant.intent_classifier", "message": "Predicted intent: open_application with confidence 0.1263 in 0.003s", "module": "intent_classifier", "function": "predict", "line": 293}
{"timestamp": "2026-04-04T14:41:38.901064", "level": "INFO", "logger": "assistant.intent_classifier", "message": "ML Event: prediction", "module": "logger", "function": "log_ml_event", "line": 122, "event_type": "prediction", "input_text": "start word", "prediction": "open_application", "confidence": 0.08027715939162612, "processing_time_ms": 1.1866092681884766}
{"timestamp": "2026-04-04T14:41:38.901176", "level": "DEBUG", "logger": "assistant.intent_classifier", "message": "Predicted intent: open_application with confidence 0.0803 in 0.001s", "module": "intent_classifier", "function": "predict", "line": 293}
{"timestamp": "2026-04-04T14:41:38.902651", "level": "INFO", "logger": "assistant.intent_classifier", "message": "ML Event: prediction", "module": "logger", "function": "log_ml_event", "line": 122, "event_type": "prediction", "input_text": "run excel", "prediction": "open_application", "confidence": 0.12949408854568173, "processing_time_ms": 1.0559558868408203}
{"timestamp": "2026-04-04T14:41:38.902792", "level": "DEBUG", "logger": "assistant.intent_classifier", "message": "Predicted intent: open_application with confidence 0.1295 in 0.001s", "module": "intent_classifier", "function": "predict", "line": 293}
{"timestamp": "2026-04-04T14:41:38.904048", "level": "INFO", "logger": "assistant.intent_classifier", "message": "ML Event: prediction", "module": "logger", "function": "log_ml_event", "line": 122, "event_type": "prediction", "input_text": "volume up", "prediction": "volume_control", "confidence": 0.3392272739648688, "processing_time_ms": 0.9136199951171875}
{"timestamp": "2026-04-04T14:41:38.904132", "level": "DEBUG", "logger": "assistant.intent_classifier", "message": "Predicted intent: volume_control with confidence 0.3392 in 0.001s", "module": "intent_classifier", "function": "predict", "line": 293}
{"timestamp": "2026-04-04T14:41:38.905292", "level": "INFO", "logger": "assistant.intent_classifier", "message": "ML Event: prediction", "module": "logger", "function": "log_ml_event", "line": 122, "event_type": "prediction", "input_text": "increase volume", "prediction": "volume_control", "confidence": 0.22245957837688565, "processing_time_ms": 0.8826255798339844}
{"timestamp": "2026-04-04T14:41:38.905375", "level": "DEBUG", "logger": "assistant.intent_classifier", "message": "Predicted intent: volume_control with confidence 0.2225 in 0.001s", "module": "intent_classifier", "function": "predict", "line": 293}
{"timestamp": "2026-04-04T14:41:38.906865", "level": "INFO", "logger": "assistant.intent_classifier", "message": "ML Event: prediction", "module": "logger", "function": "log_ml_event", "line": 122, "event_type": "prediction", "input_text": "turn volume down", "prediction": "volume_control", "confidence": 0.45170727823289575, "processing_time_ms": 1.1970996856689453}
{"timestamp": "2026-04-04T14:41:38.906976", "level": "DEBUG", "logger": "assistant.intent_classifier", "message": "Predicted intent: volume_control with confidence 0.4517 in 0.001s", "module": "intent_classifier", "function": "predict", "line": 293}
{"timestamp": "2026-04-04T14:41:38.908318", "level": "INFO", "logger": "assistant.intent_classifier", "message": "ML Event: prediction", "module": "logger", "function": "log_ml_event", "line": 122, "event_type": "prediction", "input_text": "decrease volume", "prediction": "volume_control", "confidence": 0.21761849583232312, "processing_time_ms": 0.9310245513916016}
{"timestamp": "2026-04-04T14:41:38.908398", "level": "DEBUG", "logger": "assistant.intent_classifier", "message": "Predicted intent: volume_control with confidence 0.2176 in 0.001s", "module": "intent_classifier", "function": "predict", "line": 293}
{"timestamp": "2026-04-04T14:41:38.909609", "level": "INFO", "logger": "assistant.intent_classifier", "message": "ML Event: prediction", "module": "logger", "function": "log_ml_event", "line": 122, "event_type": "prediction", "input_text": "mute", "prediction": "open_application", "confidence": 0.04222792017740702, "processing_time_ms": 0.8935928344726562}
{"timestamp": "2026-04-04T14:41:38.909817", "level": "DEBUG", "logger": "assistant.intent_classifier", "message": "Predicted intent: open_application with confidence 0.0422 in 0.001s", "module": "intent_classifier", "function": "predict", "line": 293}
{"timestamp": "2026-04-04T14:41:38.912481", "level": "INFO", "logger": "assistant.intent_classifier", "message": "ML Event: prediction", "module": "logger", "function": "log_ml_event", "line": 122, "event_type": "prediction", "input_text": "copy", "prediction": "text_operation", "confidence": 0.06539155829526802, "processing_time_ms": 2.2606849670410156}
{"timestamp": "2026-04-04T14:41:38.912789", "level": "DEBUG", "logger": "assistant.intent_classifier", "message": "Predicted intent: text_operation with confidence 0.0654 in 0.002s", "module": "intent_classifier", "function": "predict", "line": 293}
{"timestamp": "2026-04-04T14:41:38.915978", "level": "INFO", "logger": "assistant.intent_classifier", "message": "ML Event: prediction", "module": "logger", "function": "log_ml_event", "line": 122, "event_type": "prediction", "input_text": "paste", "prediction": "text_operation", "confidence": 0.14268284558766106, "processing_time_ms": 2.077341079711914}
{"timestamp": "2026-04-04T14:41:38.916212", "level": "DEBUG", "logger": "assistant.intent_classifier", "message": "Predicted intent: text_operation with confidence 0.1427 in 0.002s", "module": "intent_classifier", "function": "predict", "line": 293}
{"timestamp": "2026-04-04T14:41:38.918260", "level": "INFO", "logger": "assistant.intent_classifier", "message": "ML Event: prediction", "module": "logger", "function": "log_ml_event", "line": 122, "event_type": "prediction", "input_text": "select all", "prediction": "text_operation", "confidence": 0.18714713438273373, "processing_time_ms": 1.6291141510009766}
{"timestamp": "2026-04-04T14:41:38.918401", "level": "DEBUG", "logger": "assistant.intent_classifier", "message": "Predicted intent: text_operation with confidence 0.1871 in 0.002s", "module": "intent_classifier", "function": "predict", "line": 293}
{"timestamp": "2026-04-04T14:41:38.921618", "level": "INFO", "logger": "assistant.intent_classifier", "message": "ML Event: prediction", "module": "logger", "function": "log_ml_event", "line": 122, "event_type": "prediction", "input_text": "save", "prediction": "text_operation", "confidence": 0.2969372760453653, "processing_time_ms": 2.7184486389160156}
{"timestamp": "2026-04-04T14:41:38.921789", "level": "DEBUG", "logger": "assistant.intent_classifier", "message": "Predicted intent: text_operation with confidence 0.2969 in 0.003s", "module": "intent_classifier", "function": "predict", "line": 293}
{"timestamp": "2026-04-04T14:41:38.923390", "level": "INFO", "logger": "assistant.intent_classifier", "message": "ML Event: prediction", "module": "logger", "function": "log_ml_event", "line": 122, "event_type": "prediction", "input_text": "take screenshot", "prediction": "screenshot", "confidence": 0.4104373921256764, "processing_time_ms": 1.2183189392089844}
{"timestamp": "2026-04-04T14:41:38.923474", "level": "DEBUG", "logger": "assistant.intent_classifier", "message": "Predicted intent: screenshot with confidence 0.4104 in 0.001s", "module": "intent_classifier", "function": "predict", "line": 293}
{"timestamp": "2026-04-04T14:41:38.924702", "level": "INFO", "logger": "assistant.intent_classifier", "message": "ML Event: prediction", "module": "logger", "function": "log_ml_event", "line": 122, "event_type": "prediction", "input_text": "capture screen", "prediction": "screenshot", "confidence": 0.44114753485054975, "processing_time_ms": 0.9233951568603516}
{"timestamp": "2026-04-04T14:41:38.924778", "level": "DEBUG", "logger": "assistant.intent_classifier", "message": "Predicted intent: screenshot with confidence 0.4411 in 0.001s", "module": "intent_classifier", "function": "predict", "line": 293}
{"timestamp": "2026-04-04T14:41:38.925912", "level": "INFO", "logger": "assistant.intent_classifier", "message": "ML Event: prediction", "module": "logger", "function": "log_ml_event", "line": 122, "event_type": "prediction", "input_text": "search for python", "prediction": "search", "confidence": 0.15628334865944835, "processing_time_ms": 0.8497238159179688}
{"timestamp": "2026-04-04T14:41:38.925994", "level": "DEBUG", "logger": "assistant.intent_classifier", "message": "Predicted intent: search with confidence 0.1563 in 0.001s", "module": "intent_classifier", "function": "predict", "line": 293}
{"timestamp": "2026-04-04T14:41:38.928186", "level": "INFO", "logger": "assistant.intent_classifier", "message": "ML Event: prediction", "module": "logger", "function": "log_ml_event", "line": 122, "event_type": "prediction", "input_text": "google machine learning", "prediction": "search", "confidence": 0.13302008424305967, "processing_time_ms": 1.6748905181884766}
{"timestamp": "2026-04-04T14:41:38.928351", "level": "DEBUG", "logger": "assistant.intent_classifier", "message": "Predicted intent: search with confidence 0.1330 in 0.002s", "module": "intent_classifier", "function": "predict", "line": 293}
{"timestamp": "2026-04-04T14:41:38.932052", "level": "INFO", "logger": "assistant.intent_classifier", "message": "ML Event: prediction", "module": "logger", "function": "log_ml_event", "line": 122, "event_type": "prediction", "input_text": "find information about ai", "prediction": "windows_system_info", "confidence": 0.09721885216954906, "processing_time_ms": 3.011465072631836}
{"timestamp": "2026-04-04T14:41:38.932287", "level": "DEBUG", "logger": "assistant.intent_classifier", "message": "Predicted intent: windows_system_info with confidence 0.0972 in 0.003s", "module": "intent_classifier", "function": "predict", "line": 293}
{"timestamp": "2026-04-04T14:41:38.933849", "level": "INFO", "logger": "assistant.intent_classifier", "message": "ML Event: prediction", "module": "logger", "function": "log_ml_event", "line": 122, "event_type": "prediction", "input_text": "what is python", "prediction": "search", "confidence": 0.10397300373989843, "processing_time_ms": 1.0864734649658203}
{"timestamp": "2026-04-04T14:41:38.933934", "level": "DEBUG", "logger": "assistant.intent_classifier", "message": "Predicted intent: search with confidence 0.1040 in 0.001s", "module": "intent_classifier", "function": "predict", "line": 293}
{"timestamp": "2026-04-04T14:41:38.935104", "level": "INFO", "logger": "assistant.intent_classifier", "message": "ML Event: prediction", "module": "logger", "function": "log_ml_event", "line": 122, "event_type": "prediction", "input_text": "tell me about machine learning", "prediction": "dictionary", "confidence": 0.10307985774628413, "processing_time_ms": 0.8604526519775391}
{"timestamp": "2026-04-04T14:41:38.935178", "level": "DEBUG", "logger": "assistant.intent_classifier", "message": "Predicted intent: dictionary with confidence 0.1031 in 0.001s", "module": "intent_classifier", "function": "predict", "line": 293}
{"timestamp": "2026-04-04T14:41:38.936602", "level": "INFO", "logger": "assistant.intent_classifier", "message": "ML Event: prediction", "module": "logger", "function": "log_ml_event", "line": 122, "event_type": "prediction", "input_text": "who is albert einstein", "prediction": "wikipedia", "confidence": 0.0974314426198339, "processing_time_ms": 1.046895980834961}
{"timestamp": "2026-04-04T14:41:38.936690", "level": "DEBUG", "logger": "assistant.intent_classifier", "message": "Predicted intent: wikipedia with confidence 0.0974 in 0.001s", "module": "intent_classifier", "function": "predict", "line": 293}
{"timestamp": "2026-04-04T14:41:38.938565", "level": "INFO", "logger": "assistant.intent_classifier", "message": "ML Event: prediction", "module": "logger", "function": "log_ml_event", "line": 122, "event_type": "prediction", "input_text": "go to google.com", "prediction": "web_browsing", "confidence": 0.11738503804025512, "processing_time_ms": 1.0118484497070312}
{"timestamp": "2026-04-04T14:41:38.938689", "level": "DEBUG", "logger": "assistant.intent_classifier", "message": "Predicted intent: web_browsing with confidence 0.1174 in 0.001s", "module": "intent_classifier", "function": "predict", "line": 293}
{"timestamp": "2026-04-04T14:41:38.939887", "level": "INFO", "logger": "assistant.intent_classifier", "message": "ML Event: prediction", "module": "logger", "function": "log_ml_event", "line": 122, "event_type": "prediction", "input_text": "open youtube", "prediction": "youtube", "confidence": 0.2412754348854282, "processing_time_ms": 0.8840560913085938}
{"timestamp": "2026-04-04T14:41:38.939961", "level": "DEBUG", "logger": "assistant.intent_classifier", "message": "Predicted intent: youtube with confidence 0.2413 in 0.001s", "module": "intent_classifier", "function": "predict", "line": 293}
{"timestamp": "2026-04-04T14:41:38.941140", "level": "INFO", "logger": "assistant.intent_classifier", "message": "ML Event: prediction", "module": "logger", "function": "log_ml_event", "line": 122, "event_type": "prediction", "input_text": "visit github.com", "prediction": "web_browsing", "confidence": 0.18841905962411926, "processing_time_ms": 0.8783340454101562}
{"timestamp": "2026-04-04T14:41:38.941215", "level": "DEBUG", "logger": "assistant.intent_classifier", "message": "Predicted intent: web_browsing with confidence 0.1884 in 0.001s", "module": "intent_classifier", "function": "predict", "line": 293}
{"timestamp": "2026-04-04T14:41:38.943133", "level": "INFO", "logger": "assistant.intent_classifier", "message": "ML Event: prediction", "module": "logger", "function": "log_ml_event", "line": 122, "event_type": "prediction", "input_text": "tell me the news", "prediction": "news_reporting", "confidence": 0.33479453392714387, "processing_time_ms": 1.5933513641357422}
{"timestamp": "2026-04-04T14:41:38.943245", "level": "DEBUG", "logger": "assistant.intent_classifier", "message": "Predicted intent: news_reporting with confidence 0.3348 in 0.002s", "module": "intent_classifier", "function": "predict", "line": 293}
{"timestamp": "2026-04-04T14:41:38.944580", "level": "INFO", "logger": "assistant.intent_classifier", "message": "ML Event: prediction", "module": "logger", "function": "log_ml_event", "line": 122, "event_type": "prediction", "input_text": "get latest news", "prediction": "news_reporting", "confidence": 0.427033755865427, "processing_time_ms": 1.001119613647461}
{"timestamp": "2026-04-04T14:41:38.944667", "level": "DEBUG", "logger": "assistant.intent_classifier", "message": "Predicted intent: news_reporting with confidence 0.4270 in 0.001s", "module": "intent_classifier", "function": "predict", "line": 293}
{"timestamp": "2026-04-04T14:41:38.947287", "level": "INFO", "logger": "assistant.intent_classifier", "message": "ML Event: prediction", "module": "logger", "function": "log_ml_event", "line": 122, "event_type": "prediction", "input_text": "search youtube for python tutorials", "prediction": "youtube", "confidence": 0.23054134399714804, "processing_time_ms": 2.221345901489258}
{"timestamp": "2026-04-04T14:41:38.947652", "level": "DEBUG", "logger": "assistant.intent_classifier", "message": "Predicted intent: youtube with confidence 0.2305 in 0.002s", "module": "intent_classifier", "function": "predict", "line": 293}
{"timestamp": "2026-04-04T14:41:38.950254", "level": "INFO", "logger": "assistant.intent_classifier", "message": "ML Event: prediction", "module": "logger", "function": "log_ml_event", "line": 122, "event_type": "prediction", "input_text": "download audio from youtube", "prediction": "youtube", "confidence": 0.3173482527161699, "processing_time_ms": 1.7199516296386719}
{"timestamp": "2026-04-04T14:41:38.950376", "level": "DEBUG", "logger": "assistant.intent_classifier", "message": "Predicted intent: youtube with confidence 0.3173 in 0.002s", "module": "intent_classifier", "function": "predict", "line": 293}
{"timestamp": "2026-04-04T14:41:38.951907", "level": "INFO", "logger": "assistant.intent_classifier", "message": "ML Event: prediction", "module": "logger", "function": "log_ml_event", "line": 122, "event_type": "prediction", "input_text": "tell me a joke", "prediction": "jokes", "confidence": 0.420308151412817, "processing_time_ms": 1.069784164428711}
{"timestamp": "2026-04-04T14:41:38.952014", "level": "DEBUG", "logger": "assistant.intent_classifier", "message": "Predicted intent: jokes with confidence 0.4203 in 0.001s", "module": "intent_classifier", "function": "predict", "line": 293}
{"timestamp": "2026-04-04T14:41:38.953485", "level": "INFO", "logger": "assistant.intent_classifier", "message": "ML Event: prediction", "module": "logger", "function": "log_ml_event", "line": 122, "event_type": "prediction", "input_text": "tell a programming joke", "prediction": "jokes", "confidence": 0.45750714648391716, "processing_time_ms": 1.1229515075683594}
{"timestamp": "2026-04-04T14:41:38.953598", "level": "DEBUG", "logger": "assistant.intent_classifier", "message": "Predicted intent: jokes with confidence 0.4575 in 0.001s", "module": "intent_classifier", "function": "predict", "line": 293}
{"timestamp": "2026-04-04T14:41:38.955031", "level": "INFO", "logger": "assistant.intent_classifier", "message": "ML Event: prediction", "module": "logger", "function": "log_ml_event", "line": 122, "event_type": "prediction", "input_text": "where am i", "prediction": "open_application", "confidence": 0.04222792017740702, "processing_time_ms": 1.0266304016113281}
{"timestamp": "2026-04-04T14:41:38.955138", "level": "DEBUG", "logger": "assistant.intent_classifier", "message": "Predicted intent: open_application with confidence 0.0422 in 0.001s", "module": "intent_classifier", "function": "predict", "line": 293}
{"timestamp": "2026-04-04T14:41:38.956549", "level": "INFO", "logger": "assistant.intent_classifier", "message": "ML Event: prediction", "module": "logger", "function": "log_ml_event", "line": 122, "event_type": "prediction", "input_text": "find coordinates for new york", "prediction": "location_services", "confidence": 0.22237881848804392, "processing_time_ms": 1.0747909545898438}
{"timestamp": "2026-04-04T14:41:38.956645", "level": "DEBUG", "logger": "assistant.intent_classifier", "message": "Predicted intent: location_services with confidence 0.2224 in 0.001s", "module": "intent_classifier", "function": "predict", "line": 293}
{"timestamp": "2026-04-04T14:41:38.958635", "level": "INFO", "logger": "assistant.intent_classifier", "message": "ML Event: prediction", "module": "logger", "function": "log_ml_event", "line": 122, "event_type": "prediction", "input_text": "what's my cpu usage", "prediction": "system_monitoring", "confidence": 0.15669760109027078, "processing_time_ms": 1.4767646789550781}
{"timestamp": "2026-04-04T14:41:38.958783", "level": "DEBUG", "logger": "assistant.intent_classifier", "message": "Predicted intent: system_monitoring with confidence 0.1567 in 0.001s", "module": "intent_classifier", "function": "predict", "line": 293}
{"timestamp": "2026-04-04T14:41:38.960556", "level": "INFO", "logger": "assistant.intent_classifier", "message": "ML Event: prediction", "module": "logger", "function": "log_ml_event", "line": 122, "event_type": "prediction", "input_text": "how much memory is free", "prediction": "system_monitoring", "confidence": 0.15212537378319974, "processing_time_ms": 1.275777816772461}
{"timestamp": "2026-04-04T14:41:38.960686", "level": "DEBUG", "logger": "assistant.intent_classifier", "message": "Predicted intent: system_monitoring with confidence 0.1521 in 0.001s", "module": "intent_classifier", "function": "predict", "line": 293}
{"timestamp": "2026-04-04T14:41:38.962623", "level": "INFO", "logger": "assistant.intent_classifier", "message": "ML Event: prediction", "module": "logger", "function": "log_ml_event", "line": 122, "event_type": "prediction", "input_text": "compare prices for iphone", "prediction": "price_comparison", "confidence": 0.33972138330746304, "processing_time_ms": 1.4255046844482422}
{"timestamp": "2026-04-04T14:41:38.962785", "level": "DEBUG", "logger": "assistant.intent_classifier", "message": "Predicted intent: price_comparison with confidence 0.3397 in 0.001s", "module": "intent_classifier", "function": "predict", "line": 293}
{"timestamp": "2026-04-04T14:41:38.966186", "level": "INFO", "logger": "assistant.intent_classifier", "message": "ML Event: prediction", "module": "logger", "function": "log_ml_event", "line": 122, "event_type": "prediction", "input_text": "find recipe for pasta", "prediction": "recipe_lookup", "confidence": 0.35174618390332113, "processing_time_ms": 2.6149749755859375}
{"timestamp": "2026-04-04T14:41:38.966354", "level": "DEBUG", "logger": "assistant.intent_classifier", "message": "Predicted intent: recipe_lookup with confidence 0.3517 in 0.003s", "module": "intent_classifier", "function": "predict", "line": 293}
{"timestamp": "2026-04-04T14:41:38.967975", "level": "INFO", "logger": "assistant.intent_classifier", "message": "ML Event: prediction", "module": "logger", "function": "log_ml_event", "line": 122, "event_type": "prediction", "input_text": "define algorithm", "prediction": "dictionary", "confidence": 0.2581297192489455, "processing_time_ms": 1.0068416595458984}
{"timestamp": "2026-04-04T14:41:38.968055", "level": "DEBUG", "logger": "assistant.intent_classifier", "message": "Predicted intent: dictionary with confidence 0.2581 in 0.001s", "module": "intent_classifier", "function": "predict", "line": 293}
{"timestamp": "2026-04-04T14:41:38.969250", "level": "INFO", "logger": "assistant.intent_classifier", "message": "ML Event: prediction", "module": "logger", "function": "log_ml_event", "line": 122, "event_type": "prediction", "input_text": "what does photosynthesis mean", "prediction": "dictionary", "confidence": 0.16372287959497997, "processing_time_ms": 0.9121894836425781}
{"timestamp": "2026-04-04T14:41:38.969329", "level": "DEBUG", "logger": "assistant.intent_classifier", "message": "Predicted intent: dictionary with confidence 0.1637 in 0.001s", "module": "intent_classifier", "function": "predict", "line": 293}
{"timestamp": "2026-04-04T14:41:38.970543", "level": "INFO", "logger": "assistant.intent_classifier", "message": "ML Event: prediction", "module": "logger", "function": "log_ml_event", "line": 122, "event_type": "prediction", "input_text": "stock price of apple", "prediction": "stock_price", "confidence": 0.49307748933526935, "processing_time_ms": 0.8647441864013672}
{"timestamp": "2026-04-04T14:41:38.970616", "level": "DEBUG", "logger": "assistant.intent_classifier", "message": "Predicted intent: stock_price with confidence 0.4931 in 0.001s", "module": "intent_classifier", "function": "predict", "line": 293}
{"timestamp": "2026-04-04T14:41:38.971892", "level": "INFO", "logger": "assistant.intent_classifier", "message": "ML Event: prediction", "module": "logger", "function": "log_ml_event", "line": 122, "event_type": "prediction", "input_text": "weather in london", "prediction": "weather", "confidence": 0.27943363483114786, "processing_time_ms": 0.9474754333496094}
{"timestamp": "2026-04-04T14:41:38.971988", "level": "DEBUG", "logger": "assistant.intent_classifier", "message": "Predicted intent: weather with confidence 0.2794 in 0.001s", "module": "intent_classifier", "function": "predict", "line": 293}
{"timestamp": "2026-04-04T14:41:38.973310", "level": "INFO", "logger": "assistant.intent_classifier", "message": "ML Event: prediction", "module": "logger", "function": "log_ml_event", "line": 122, "event_type": "prediction", "input_text": "how's the weather in new york", "prediction": "weather", "confidence": 0.2426545254751906, "processing_time_ms": 1.007080078125}
{"timestamp": "2026-04-04T14:41:38.973400", "level": "DEBUG", "logger": "assistant.intent_classifier", "message": "Predicted intent: weather with confidence 0.2427 in 0.001s", "module": "intent_classifier", "function": "predict", "line": 293}
{"timestamp": "2026-04-04T14:41:38.974731", "level": "INFO", "logger": "assistant.intent_classifier", "message": "ML Event: prediction", "module": "logger", "function": "log_ml_event", "line": 122, "event_type": "prediction", "input_text": "system info", "prediction": "windows_system_info", "confidence": 0.39753622233341496, "processing_time_ms": 0.9312629699707031}
{"timestamp": "2026-04-04T14:41:38.974819", "level": "DEBUG", "logger": "assistant.intent_classifier", "message": "Predicted intent: windows_system_info with confidence 0.3975 in 0.001s", "module": "intent_classifier", "function": "predict", "line": 293}
{"timestamp": "2026-04-04T14:41:38.976070", "level": "INFO", "logger": "assistant.intent_classifier", "message": "ML Event: prediction", "module": "logger", "function": "log_ml_event", "line": 122, "event_type": "prediction", "input_text": "create file test.txt", "prediction": "file_operation", "confidence": 0.24064521798424884, "processing_time_ms": 0.9591579437255859}
{"timestamp": "2026-04-04T14:41:38.976146", "level": "DEBUG", "logger": "assistant.intent_classifier", "message": "Predicted intent: file_operation with confidence 0.2406 in 0.001s", "module": "intent_classifier", "function": "predict", "line": 293}
{"timestamp": "2026-04-04T14:41:38.977249", "level": "INFO", "logger": "assistant.intent_classifier", "message": "ML Event: prediction", "module": "logger", "function": "log_ml_event", "line": 122, "event_type": "prediction", "input_text": "start service spooler", "prediction": "windows_services", "confidence": 0.36817771157090684, "processing_time_ms": 0.8604526519775391}
{"timestamp": "2026-04-04T14:41:38.977324", "level": "DEBUG", "logger": "assistant.intent_classifier", "message": "Predicted intent: windows_services with confidence 0.3682 in 0.001s", "module": "intent_classifier", "function": "predict", "line": 293}
{"timestamp": "2026-04-04T14:41:38.978517", "level": "INFO", "logger": "assistant.intent_classifier", "message": "ML Event: prediction", "module": "logger", "function": "log_ml_event", "line": 122, "event_type": "prediction", "input_text": "change voice to male", "prediction": "tts_control", "confidence": 0.20594418744551307, "processing_time_ms": 0.8852481842041016}
{"timestamp": "2026-04-04T14:41:38.978591", "level": "DEBUG", "logger": "assistant.intent_classifier", "message": "Predicted intent: tts_control with confidence 0.2059 in 0.001s", "module": "intent_classifier", "function": "predict", "line": 293}
{"timestamp": "2026-04-04T14:41:38.981248", "level": "INFO", "logger": "assistant.intent_classifier", "message": "ML Event: prediction", "module": "logger", "function": "log_ml_event", "line": 122, "event_type": "prediction", "input_text": "create todo list for shopping", "prediction": "todo_generation", "confidence": 0.3345325649973227, "processing_time_ms": 2.0987987518310547}
{"timestamp": "2026-04-04T14:41:38.981513", "level": "DEBUG", "logger": "assistant.intent_classifier", "message": "Predicted intent: todo_generation with confidence 0.3345 in 0.002s", "module": "intent_classifier", "function": "predict", "line": 293}
{"timestamp": "2026-04-04T14:41:38.983970", "level": "INFO", "logger": "assistant.intent_classifier", "message": "ML Event: prediction", "module": "logger", "function": "log_ml_event", "line": 122, "event_type": "prediction", "input_text": "add buy milk to todo", "prediction": "todo_management", "confidence": 0.18729623772348808, "processing_time_ms": 1.7604827880859375}
{"timestamp": "2026-04-04T14:41:38.984117", "level": "DEBUG", "logger": "assistant.intent_classifier", "message": "Predicted intent: todo_management with confidence 0.1873 in 0.002s", "module": "intent_classifier", "function": "predict", "line": 293}
{"timestamp": "2026-04-04T14:41:38.985797", "level": "INFO", "logger": "assistant.intent_classifier", "message": "ML Event: prediction", "module": "logger", "function": "log_ml_event", "line": 122, "event_type": "prediction", "input_text": "show my todo lists", "prediction": "todo_generation", "confidence": 0.5867770687491537, "processing_time_ms": 1.2707710266113281}
{"timestamp": "2026-04-04T14:41:38.985918", "level": "DEBUG", "logger": "assistant.intent_classifier", "message": "Predicted intent: todo_generation with confidence 0.5868 in 0.001s", "module": "intent_classifier", "function": "predict", "line": 293}
{"timestamp": "2026-04-04T14:41:38.987465", "level": "INFO", "logger": "assistant.intent_classifier", "message": "ML Event: prediction", "module": "logger", "function": "log_ml_event", "line": 122, "event_type": "prediction", "input_text": "i want to open chrome browser", "prediction": "open_application", "confidence": 0.1045745721651594, "processing_time_ms": 1.1036396026611328}
{"timestamp": "2026-04-04T14:41:38.987566", "level": "DEBUG", "logger": "assistant.intent_classifier", "message": "Predicted intent: open_application with confidence 0.1046 in 0.001s", "module": "intent_classifier", "function": "predict", "line": 293}
{"timestamp": "2026-04-04T14:41:38.989321", "level": "INFO", "logger": "assistant.intent_classifier", "message": "ML Event: prediction", "module": "logger", "function": "log_ml_event", "line": 122, "event_type": "prediction", "input_text": "please increase the volume", "prediction": "volume_control", "confidence": 0.22245957837688565, "processing_time_ms": 1.3747215270996094}
{"timestamp": "2026-04-04T14:41:38.989424", "level": "DEBUG", "logger": "assistant.intent_classifier", "message": "Predicted intent: volume_control with confidence 0.2225 in 0.001s", "module": "intent_classifier", "function": "predict", "line": 293}
{"timestamp": "2026-04-04T14:41:38.991146", "level": "INFO", "logger": "assistant.intent_classifier", "message": "ML Event: prediction", "module": "logger", "function": "log_ml_event", "line": 122, "event_type": "prediction", "input_text": "can you search for machine learning tutorials", "prediction": "search", "confidence": 0.17270876005712144, "processing_time_ms": 1.007080078125}
{"timestamp": "2026-04-04T14:41:38.991237", "level": "DEBUG", "logger": "assistant.intent_classifier", "message": "Predicted intent: search with confidence 0.1727 in 0.001s", "module": "intent_classifier", "function": "predict", "line": 293}
{"timestamp": "2026-04-04T14:41:38.992677", "level": "INFO", "logger": "assistant.intent_classifier", "message": "ML Event: prediction", "module": "logger", "function": "log_ml_event", "line": 122, "event_type": "prediction", "input_text": "i'd like to know what python programming is", "prediction": "search", "confidence": 0.11455297879444766, "processing_time_ms": 0.9486675262451172}
{"timestamp": "2026-04-04T14:41:38.992763", "level": "DEBUG", "logger": "assistant.intent_classifier", "message": "Predicted intent: search with confidence 0.1146 in 0.001s", "module": "intent_classifier", "function": "predict", "line": 293}
{"timestamp": "2026-04-04T14:41:38.994064", "level": "INFO", "logger": "assistant.intent_classifier", "message": "ML Event: prediction", "module": "logger", "function": "log_ml_event", "line": 122, "event_type": "prediction", "input_text": "open chrome and search for python programming tutorials", "prediction": "search", "confidence": 0.1371791310234626, "processing_time_ms": 0.9670257568359375}
{"timestamp": "2026-04-04T14:41:38.994152", "level": "DEBUG", "logger": "assistant.intent_classifier", "message": "Predicted intent: search with confidence 0.1372 in 0.001s", "module": "intent_classifier", "function": "predict", "line": 293}
{"timestamp": "2026-04-04T14:41:38.996535", "level": "INFO", "logger": "assistant.intent_classifier", "message": "ML Event: prediction", "module": "logger", "function": "log_ml_event", "line": 122, "event_type": "prediction", "input_text": "tell me a joke and then search for funny cat videos on youtube", "prediction": "youtube", "confidence": 0.17519833941047433, "processing_time_ms": 1.7888545989990234}
{"timestamp": "2026-04-04T14:41:38.996880", "level": "DEBUG", "logger": "assistant.intent_classifier", "message": "Predicted intent: youtube with confidence 0.1752 in 0.002s", "module": "intent_classifier", "function": "predict", "line": 293}
{"timestamp": "2026-04-04T14:41:38.999233", "level": "INFO", "logger": "assistant.intent_classifier", "message": "ML Event: prediction", "module": "logger", "function": "log_ml_event", "line": 122, "event_type": "prediction", "input_text": "check the weather in new york and then find restaurants nearby", "prediction": "weather", "confidence": 0.19655607351405985, "processing_time_ms": 1.5499591827392578}
{"timestamp": "2026-04-04T14:41:38.999394", "level": "DEBUG", "logger": "assistant.intent_classifier", "message": "Predicted intent: weather with confidence 0.1966 in 0.002s", "module": "intent_classifier", "function": "predict", "line": 293}
{"timestamp": "2026-04-04T14:41:39.001923", "level": "INFO", "logger": "assistant.intent_classifier", "message": "ML Event: prediction", "module": "logger", "function": "log_ml_event", "line": 122, "event_type": "prediction", "input_text": "", "prediction": "open_application", "confidence": 0.04222792017740702, "processing_time_ms": 1.9290447235107422}
{"timestamp": "2026-04-04T14:41:39.002100", "level": "DEBUG", "logger": "assistant.intent_classifier", "message": "Predicted intent: open_application with confidence 0.0422 in 0.002s", "module": "intent_classifier", "function": "predict", "line": 293}
{"timestamp": "2026-04-04T14:41:39.002472", "level": "DEBUG", "logger": "assistant.intent_classifier", "message": "Cache hit for intent prediction: open_application in 0.000s", "module": "intent_classifier", "function": "predict", "line": 268}
{"timestamp": "2026-04-04T14:41:39.004323", "level": "INFO", "logger": "assistant.intent_classifier", "message": "ML Event: prediction", "module": "logger", "function": "log_ml_event", "line": 122, "event_type": "prediction", "input_text": "blah blah blah", "prediction": "open_application", "confidence": 0.04222792017740702, "processing_time_ms": 1.4984607696533203}
{"timestamp": "2026-04-04T14:41:39.004429", "level": "DEBUG", "logger": "assistant.intent_classifier", "message": "Predicted intent: open_application with confidence 0.0422 in 0.001s", "module": "intent_classifier", "function": "predict", "line": 293}
{"timestamp": "2026-04-04T14:41:39.005563", "level": "INFO", "logger": "assistant.intent_classifier", "message": "ML Event: prediction", "module": "logger", "function": "log_ml_event", "line": 122, "event_type": "prediction", "input_text": "123456789", "prediction": "unknown", "confidence": 0.13356372784537085, "processing_time_ms": 0.8955001831054688}
{"timestamp": "2026-04-04T14:41:39.005644", "level": "DEBUG", "logger": "assistant.intent_classifier", "message": "Predicted intent: unknown with confidence 0.1336 in 0.001s", "module": "intent_classifier", "function": "predict", "line": 293}
{"timestamp": "2026-04-04T14:41:39.006700", "level": "INFO", "logger": "assistant.intent_classifier", "message": "ML Event: prediction", "module": "logger", "function": "log_ml_event", "line": 122, "event_type": "prediction", "input_text": "!@#$%^&*()", "prediction": "open_application", "confidence": 0.04222792017740702, "processing_time_ms": 0.8907318115234375}
{"timestamp": "2026-04-04T14:41:39.006783", "level": "DEBUG", "logger": "assistant.intent_classifier", "message": "Predicted intent: open_application with confidence 0.0422 in 0.001s", "module": "intent_classifier", "function": "predict", "line": 293}
{"timestamp": "2026-04-04T14:41:39.007831", "level": "INFO", "logger": "assistant.intent_classifier", "message": "ML Event: prediction", "module": "logger", "function": "log_ml_event", "line": 122, "event_type": "prediction", "input_text": "open word", "prediction": "open_application", "confidence": 0.09915311234525558, "processing_time_ms": 0.8656978607177734}
{"timestamp": "2026-04-04T14:41:39.007924", "level": "DEBUG", "logger": "assistant.intent_classifier", "message": "Predicted intent: open_application with confidence 0.0992 in 0.001s", "module": "intent_classifier", "function": "predict", "line": 293}
{"timestamp": "2026-04-04T14:41:39.008231", "level": "DEBUG", "logger": "assistant.intent_classifier", "message": "Cache hit for intent prediction: screenshot in 0.000s", "module": "intent_classifier", "function": "predict", "line": 268}
{"timestamp": "2026-04-04T14:41:39.008489", "level": "DEBUG", "logger": "assistant.intent_classifier", "message": "Cache hit for intent prediction: volume_control in 0.000s", "module": "intent_classifier", "function": "predict", "line": 268}
{"timestamp": "2026-04-04T14:41:39.008860", "level": "DEBUG", "logger": "assistant.intent_classifier", "message": "Cache hit for intent prediction: search in 0.000s", "module": "intent_classifier", "function": "predict", "line": 268}
{"timestamp": "2026-04-04T14:41:39.010226", "level": "INFO", "logger": "assistant.intent_classifier", "message": "ML Event: prediction", "module": "logger", "function": "log_ml_event", "line": 122, "event_type": "prediction", "input_text": "open chrome browser", "prediction": "open_application", "confidence": 0.1045745721651594, "processing_time_ms": 1.0457038879394531}
{"timestamp": "2026-04-04T14:41:39.010308", "level": "DEBUG", "logger": "assistant.intent_classifier", "message": "Predicted intent: open_application with confidence 0.1046 in 0.001s", "module": "intent_classifier", "function": "predict", "line": 293}
{"timestamp": "2026-04-04T14:41:39.011487", "level": "INFO", "logger": "assistant.intent_classifier", "message": "ML Event: prediction", "module": "logger", "function": "log_ml_event", "line": 122, "event_type": "prediction", "input_text": "search for machine learning algorithms", "prediction": "dictionary", "confidence": 0.14822262528340585, "processing_time_ms": 0.8759498596191406}
{"timestamp": "2026-04-04T14:41:39.011560", "level": "DEBUG", "logger": "assistant.intent_classifier", "message": "Predicted intent: dictionary with confidence 0.1482 in 0.001s", "module": "intent_classifier", "function": "predict", "line": 293}
{"timestamp": "2026-04-04T14:41:39.013298", "level": "INFO", "logger": "assistant.intent_classifier", "message": "ML Event: prediction", "module": "logger", "function": "log_ml_event", "line": 122, "event_type": "prediction", "input_text": "what is the weather in new york city", "prediction": "weather", "confidence": 0.19301714288417546, "processing_time_ms": 1.3248920440673828}
{"timestamp": "2026-04-04T14:41:39.013520", "level": "DEBUG", "logger": "assistant.intent_classifier", "message": "Predicted intent: weather with confidence 0.1930 in 0.001s", "module": "intent_classifier", "function": "predict", "line": 293}
{"timestamp": "2026-04-04T14:41:39.016262", "level": "INFO", "logger": "assistant.intent_classifier", "message": "ML Event: prediction", "module": "logger", "function": "log_ml_event", "line": 122, "event_type": "prediction", "input_text": "find restaurants in san francisco california", "prediction": "open_application", "confidence": 0.04222792017740702, "processing_time_ms": 1.9462108612060547}
{"timestamp": "2026-04-04T14:41:39.016401", "level": "DEBUG", "logger": "assistant.intent_classifier", "message": "Predicted intent: open_application with confidence 0.0422 in 0.002s", "module": "intent_classifier", "function": "predict", "line": 293}
{"timestamp": "2026-04-04T14:41:39.040284", "level": "DEBUG", "logger": "assistant.intent_classifier", "message": "Cache hit for intent prediction: open_application in 0.000s", "module": "intent_classifier", "function": "predict", "line": 268}
{"timestamp": "2026-04-04T14:41:39.060224", "level": "DEBUG", "logger": "assistant.intent_classifier", "message": "Cache hit for intent prediction: search in 0.000s", "module": "intent_classifier", "function": "predict", "line": 268}
{"timestamp": "2026-04-04T14:41:39.069085", "level": "INFO", "logger": "assistant.intent_classifier", "message": "ML Event: prediction", "module": "logger", "function": "log_ml_event", "line": 122, "event_type": "prediction", "input_text": "tell me more about it", "prediction": "jokes", "confidence": 0.14320956401862628, "processing_time_ms": 3.8030147552490234}
{"timestamp": "2026-04-04T14:41:39.069450", "level": "DEBUG", "logger": "assistant.intent_classifier", "message": "Predicted intent: jokes with confidence 0.1432 in 0.004s", "module": "intent_classifier", "function": "predict", "line": 293}
{"timestamp": "2026-04-04T14:41:39.073931", "level": "INFO", "logger": "assistant.intent_classifier", "message": "ML Event: prediction", "module": "logger", "function": "log_ml_event", "line": 122, "event_type": "prediction", "input_text": "what about machine learning", "prediction": "dictionary", "confidence": 0.12512741106240155, "processing_time_ms": 1.6291141510009766}
{"timestamp": "2026-04-04T14:41:39.074074", "level": "DEBUG", "logger": "assistant.intent_classifier", "message": "Predicted intent: dictionary with confidence 0.1251 in 0.002s", "module": "intent_classifier", "function": "predict", "line": 293}
{"timestamp": "2026-04-04T14:41:51.353781", "level": "INFO", "logger": "assistant.intent_classifier", "message": "Model loaded successfully from D:\\code\\Ai\\models\\intent_classifier.pkl, intents: 30", "module": "intent_classifier", "function": "load_model", "line": 348}
{"timestamp": "2026-04-04T14:41:51.354516", "level": "INFO", "logger": "assistant.intent_classifier", "message": "Intent classifier quantized using float16 method", "module": "intent_classifier", "function": "quantize_model", "line": 382}
{"timestamp": "2026-04-04T14:41:51.360994", "level": "INFO", "logger": "assistant.intent_classifier", "message": "Model loaded successfully from D:\\code\\Ai\\models\\intent_classifier.pkl, intents: 30", "module": "intent_classifier", "function": "load_model", "line": 348}
{"timestamp": "2026-04-04T14:41:51.361313", "level": "INFO", "logger": "assistant.intent_classifier", "message": "Intent classifier quantized using float16 method", "module": "intent_classifier", "function": "quantize_model", "line": 382}
{"timestamp": "2026-04-04T14:41:54.255321", "level": "INFO", "logger": "assistant.intent_classifier", "message": "ML Event: prediction", "module": "logger", "function": "log_ml_event", "line": 122, "event_type": "prediction", "input_text": "open chrome", "prediction": "open_application", "confidence": 0.1045745721651594, "processing_time_ms": 2887.8464698791504}
{"timestamp": "2026-04-04T14:41:54.255979", "level": "DEBUG", "logger": "assistant.intent_classifier", "message": "Predicted intent: open_application with confidence 0.1046 in 2.888s", "module": "intent_classifier", "function": "predict", "line": 293}
{"timestamp": "2026-04-04T14:41:54.280836", "level": "INFO", "logger": "assistant.intent_classifier", "message": "ML Event: prediction", "module": "logger", "function": "log_ml_event", "line": 122, "event_type": "prediction", "input_text": "what is python", "prediction": "search", "confidence": 0.10397300373989843, "processing_time_ms": 2.475261688232422}
{"timestamp": "2026-04-04T14:41:54.281058", "level": "DEBUG", "logger": "assistant.intent_classifier", "message": "Predicted intent: search with confidence 0.1040 in 0.002s", "module": "intent_classifier", "function": "predict", "line": 293}
{"timestamp": "2026-04-04T14:41:54.282573", "level": "INFO", "logger": "assistant.intent_classifier", "message": "ML Event: prediction", "module": "logger", "function": "log_ml_event", "line": 122, "event_type": "prediction", "input_text": "tell me a joke", "prediction": "jokes", "confidence": 0.420308151412817, "processing_time_ms": 1.1501312255859375}
{"timestamp": "2026-04-04T14:41:54.282653", "level": "DEBUG", "logger": "assistant.intent_classifier", "message": "Predicted intent: jokes with confidence 0.4203 in 0.001s", "module": "intent_classifier", "function": "predict", "line": 293}
{"timestamp": "2026-04-04T14:41:54.283703", "level": "INFO", "logger": "assistant.intent_classifier", "message": "ML Event: prediction", "module": "logger", "function": "log_ml_event", "line": 122, "event_type": "prediction", "input_text": "volume up", "prediction": "volume_control", "confidence": 0.3392272739648688, "processing_time_ms": 0.8587837219238281}
{"timestamp": "2026-04-04T14:41:54.283778", "level": "DEBUG", "logger": "assistant.intent_classifier", "message": "Predicted intent: volume_control with confidence 0.3392 in 0.001s", "module": "intent_classifier", "function": "predict", "line": 293}
{"timestamp": "2026-04-04T14:41:54.284807", "level": "INFO", "logger": "assistant.intent_classifier", "message": "ML Event: prediction", "module": "logger", "function": "log_ml_event", "line": 122, "event_type": "prediction", "input_text": "take screenshot", "prediction": "screenshot", "confidence": 0.4104373921256764, "processing_time_ms": 0.8599758148193359}
{"timestamp": "2026-04-04T14:41:54.285005", "level": "DEBUG", "logger": "assistant.intent_classifier", "message": "Predicted intent: screenshot with confidence 0.4104 in 0.001s", "module": "intent_classifier", "function": "predict", "line": 293}
{"timestamp": "2026-04-04T14:41:54.286932", "level": "INFO", "logger": "assistant.intent_classifier", "message": "ML Event: prediction", "module": "logger", "function": "log_ml_event", "line": 122, "event_type": "prediction", "input_text": "search for machine learning", "prediction": "search", "confidence": 0.148667363958787, "processing_time_ms": 1.5959739685058594}
{"timestamp": "2026-04-04T14:41:54.287030", "level": "DEBUG", "logger": "assistant.intent_classifier", "message": "Predicted intent: search with confidence 0.1487 in 0.002s", "module": "intent_classifier", "function": "predict", "line": 293}
{"timestamp": "2026-04-04T14:41:54.288254", "level": "INFO", "logger": "assistant.intent_classifier", "message": "ML Event: prediction", "module": "logger", "function": "log_ml_event", "line": 122, "event_type": "prediction", "input_text": "weather in london", "prediction": "weather", "confidence": 0.27943363483114786, "processing_time_ms": 0.9551048278808594}
{"timestamp": "2026-04-04T14:41:54.288333", "level": "DEBUG", "logger": "assistant.intent_classifier", "message": "Predicted intent: weather with confidence 0.2794 in 0.001s", "module": "intent_classifier", "function": "predict", "line": 293}
{"timestamp": "2026-04-04T14:41:54.289399", "level": "INFO", "logger": "assistant.intent_classifier", "message": "ML Event: prediction", "module": "logger", "function": "log_ml_event", "line": 122, "event_type": "prediction", "input_text": "create todo list for shopping", "prediction": "todo_generation", "confidence": 0.3345325649973227, "processing_time_ms": 0.8668899536132812}
{"timestamp": "2026-04-04T14:41:54.289474", "level": "DEBUG", "logger": "assistant.intent_classifier", "message": "Predicted intent: todo_generation with confidence 0.3345 in 0.001s", "module": "intent_classifier", "function": "predict", "line": 293}
{"timestamp": "2026-04-04T14:42:06.304843", "level": "INFO", "logger": "assistant.intent_classifier", "message": "Model loaded successfully from D:\\code\\Ai\\models\\intent_classifier.pkl, intents: 30", "module": "intent_classifier", "function": "load_model", "line": 348}
{"timestamp": "2026-04-04T14:42:06.305396", "level": "INFO", "logger": "assistant.intent_classifier", "message": "Intent classifier quantized using float16 method", "module": "intent_classifier", "function": "quantize_model", "line": 382}
{"timestamp": "2026-04-04T14:42:06.310167", "level": "INFO", "logger": "assistant.intent_classifier", "message": "Model loaded successfully from D:\\code\\Ai\\models\\intent_classifier.pkl, intents: 30", "module": "intent_classifier", "function": "load_model", "line": 348}
{"timestamp": "2026-04-04T14:42:06.310408", "level": "INFO", "logger": "assistant.intent_classifier", "message": "Intent classifier quantized using float16 method", "module": "intent_classifier", "function": "quantize_model", "line": 382}
{"timestamp": "2026-04-04T14:42:09.412649", "level": "INFO", "logger": "assistant.intent_classifier", "message": "ML Event: prediction", "module": "logger", "function": "log_ml_event", "line": 122, "event_type": "prediction", "input_text": "change voice to male", "prediction": "tts_control", "confidence": 0.20594418744551307, "processing_time_ms": 3102.039098739624}
{"timestamp": "2026-04-04T14:42:09.412988", "level": "DEBUG", "logger": "assistant.intent_classifier", "message": "Predicted intent: tts_control with confidence 0.2059 in 3.102s", "module": "intent_classifier", "function": "predict", "line": 293}
{"timestamp": "2026-04-04T14:42:10.438319", "level": "INFO", "logger": "assistant.intent_classifier", "message": "ML Event: prediction", "module": "logger", "function": "log_ml_event", "line": 122, "event_type": "prediction", "input_text": "speak faster", "prediction": "tts_control", "confidence": 0.10929960085129231, "processing_time_ms": 2.1593570709228516}
{"timestamp": "2026-04-04T14:42:10.438655", "level": "DEBUG", "logger": "assistant.intent_classifier", "message": "Predicted intent: tts_control with confidence 0.1093 in 0.002s", "module": "intent_classifier", "function": "predict", "line": 293}
{"timestamp": "2026-04-04T14:42:11.442170", "level": "INFO", "logger": "assistant.intent_classifier", "message": "ML Event: prediction", "module": "logger", "function": "log_ml_event", "line": 122, "event_type": "prediction", "input_text": "set speech rate to 150", "prediction": "tts_control", "confidence": 0.10175871707543362, "processing_time_ms": 2.9103755950927734}
{"timestamp": "2026-04-04T14:42:11.442379", "level": "DEBUG", "logger": "assistant.intent_classifier", "message": "Predicted intent: tts_control with confidence 0.1018 in 0.003s", "module": "intent_classifier", "function": "predict", "line": 293}
{"timestamp": "2026-04-04T14:42:12.445584", "level": "INFO", "logger": "assistant.intent_classifier", "message": "ML Event: prediction", "module": "logger", "function": "log_ml_event", "line": 122, "event_type": "prediction", "input_text": "increase volume", "prediction": "volume_control", "confidence": 0.22245957837688565, "processing_time_ms": 2.346038818359375}
{"timestamp": "2026-04-04T14:42:12.445956", "level": "DEBUG", "logger": "assistant.intent_classifier", "message": "Predicted intent: volume_control with confidence 0.2225 in 0.002s", "module": "intent_classifier", "function": "predict", "line": 293}
{"timestamp": "2026-04-04T14:42:12.447870", "level": "INFO", "logger": "assistant.intent_classifier", "message": "ML Event: prediction", "module": "logger", "function": "log_ml_event", "line": 122, "event_type": "prediction", "input_text": "save this text to audio artifacts/audio/test_output.mp3", "prediction": "text_operation", "confidence": 0.16020243841407744, "processing_time_ms": 1.453399658203125}
{"timestamp": "2026-04-04T14:42:12.447990", "level": "DEBUG", "logger": "assistant.intent_classifier", "message": "Predicted intent: text_operation with confidence 0.1602 in 0.001s", "module": "intent_classifier", "function": "predict", "line": 293}
{"timestamp": "2026-04-04T14:42:13.555585", "level": "INFO", "logger": "assistant.intent_classifier", "message": "ML Event: prediction", "module": "logger", "function": "log_ml_event", "line": 122, "event_type": "prediction", "input_text": "test voices", "prediction": "tts_control", "confidence": 0.3201718450139923, "processing_time_ms": 3.288745880126953}
{"timestamp": "2026-04-04T14:42:13.555789", "level": "DEBUG", "logger": "assistant.intent_classifier", "message": "Predicted intent: tts_control with confidence 0.3202 in 0.003s", "module": "intent_classifier", "function": "predict", "line": 293}
{"timestamp": "2026-04-04T14:42:18.436682", "level": "INFO", "logger": "assistant.intent_classifier", "message": "ML Event: prediction", "module": "logger", "function": "log_ml_event", "line": 122, "event_type": "prediction", "input_text": "show available voices", "prediction": "tts_control", "confidence": 0.22384832037469046, "processing_time_ms": 1.9879341125488281}
{"timestamp": "2026-04-04T14:42:18.436831", "level": "DEBUG", "logger": "assistant.intent_classifier", "message": "Predicted intent: tts_control with confidence 0.2238 in 0.002s", "module": "intent_classifier", "function": "predict", "line": 293}
{"timestamp": "2026-04-04T14:42:30.751483", "level": "INFO", "logger": "assistant.intent_classifier", "message": "Model loaded successfully from D:\\code\\Ai\\models\\intent_classifier.pkl, intents: 30", "module": "intent_classifier", "function": "load_model", "line": 348}
{"timestamp": "2026-04-04T14:42:30.751873", "level": "INFO", "logger": "assistant.intent_classifier", "message": "Intent classifier quantized using float16 method", "module": "intent_classifier", "function": "quantize_model", "line": 382}
{"timestamp": "2026-04-04T14:42:30.752050", "level": "INFO", "logger": "assistant.intent_classifier", "message": "Intent classifier quantized using float16 method", "module": "intent_classifier", "function": "quantize_model", "line": 382}
{"timestamp": "2026-04-04T14:42:33.652969", "level": "INFO", "logger": "assistant.intent_classifier", "message": "ML Event: prediction", "module": "logger", "function": "log_ml_event", "line": 122, "event_type": "prediction", "input_text": "open chrome browser", "prediction": "open_application", "confidence": 0.1045745721651594, "processing_time_ms": 2900.8193016052246}
{"timestamp": "2026-04-04T14:42:33.653124", "level": "DEBUG", "logger": "assistant.intent_classifier", "message": "Predicted intent: open_application with confidence 0.1046 in 2.901s", "module": "intent_classifier", "function": "predict", "line": 293}
{"timestamp": "2026-04-04T14:42:33.663719", "level": "INFO", "logger": "assistant.intent_classifier", "message": "Model loaded successfully from D:\\code\\Ai\\models\\intent_classifier.pkl, intents: 30", "module": "intent_classifier", "function": "load_model", "line": 348}
{"timestamp": "2026-04-04T14:42:33.664199", "level": "INFO", "logger": "assistant.intent_classifier", "message": "Intent classifier quantized using float16 method", "module": "intent_classifier", "function": "quantize_model", "line": 382}
{"timestamp": "2026-04-04T14:42:33.666882", "level": "INFO", "logger": "assistant.intent_classifier", "message": "ML Event: prediction", "module": "logger", "function": "log_ml_event", "line": 122, "event_type": "prediction", "input_text": "open chrome browser", "prediction": "open_application", "confidence": 0.1045745721651594, "processing_time_ms": 2.5544166564941406}
{"timestamp": "2026-04-04T14:42:33.667053", "level": "DEBUG", "logger": "assistant.intent_classifier", "message": "Predicted intent: open_application with confidence 0.1046 in 0.003s", "module": "intent_classifier", "function": "predict", "line": 293}
{"timestamp": "2026-04-04T14:42:33.667132", "level": "DEBUG", "logger": "assistant.intent_classifier", "message": "Cache hit for intent prediction: open_application in 0.000s", "module": "intent_classifier", "function": "predict", "line": 268}
{"timestamp": "2026-04-04T14:42:33.672714", "level": "INFO", "logger": "assistant.intent_classifier", "message": "Model loaded successfully from D:\\code\\Ai\\models\\intent_classifier.pkl, intents: 30", "module": "intent_classifier", "function": "load_model", "line": 348}
{"timestamp": "2026-04-04T14:42:33.673290", "level": "INFO", "logger": "assistant.intent_classifier", "message": "Intent classifier quantized using float16 method", "module": "intent_classifier", "function": "quantize_model", "line": 382}
{"timestamp": "2026-04-04T14:42:33.674548", "level": "DEBUG", "logger": "assistant.intent_classifier", "message": "Cache hit for intent prediction: open_application in 0.000s", "module": "intent_classifier", "function": "predict", "line": 268}
{"timestamp": "2026-04-04T14:42:33.674711", "level": "DEBUG", "logger": "assistant.intent_classifier", "message": "Cache hit for intent prediction: open_application in 0.000s", "module": "intent_classifier", "function": "predict", "line": 268}
{"timestamp": "2026-04-04T14:42:33.674837", "level": "DEBUG", "logger": "assistant.intent_classifier", "message": "Cache hit for intent prediction: open_application in 0.000s", "module": "intent_classifier", "function": "predict", "line": 268}
{"timestamp": "2026-04-04T14:42:33.677011", "level": "INFO", "logger": "assistant.intent_classifier", "message": "ML Event: prediction", "module": "logger", "function": "log_ml_event", "line": 122, "event_type": "prediction", "input_text": "what's the weather like", "prediction": "weather", "confidence": 0.5492002964066516, "processing_time_ms": 2.0399093627929688}
{"timestamp": "2026-04-04T14:42:33.677095", "level": "DEBUG", "logger": "assistant.intent_classifier", "message": "Predicted intent: weather with confidence 0.5492 in 0.002s", "module": "intent_classifier", "function": "predict", "line": 293}
{"timestamp": "2026-04-04T14:42:33.677378", "level": "DEBUG", "logger": "assistant.intent_classifier", "message": "Cache hit for intent prediction: weather in 0.000s", "module": "intent_classifier", "function": "predict", "line": 268}
{"timestamp": "2026-04-04T14:42:33.677899", "level": "DEBUG", "logger": "assistant.intent_classifier", "message": "Cache hit for intent prediction: weather in 0.000s", "module": "intent_classifier", "function": "predict", "line": 268}
{"timestamp": "2026-04-04T14:42:33.680173", "level": "INFO", "logger": "assistant.intent_classifier", "message": "ML Event: prediction", "module": "logger", "function": "log_ml_event", "line": 122, "event_type": "prediction", "input_text": "tell me a joke", "prediction": "jokes", "confidence": 0.420308151412817, "processing_time_ms": 1.9388198852539062}
{"timestamp": "2026-04-04T14:42:33.680354", "level": "DEBUG", "logger": "assistant.intent_classifier", "message": "Predicted intent: jokes with confidence 0.4203 in 0.002s", "module": "intent_classifier", "function": "predict", "line": 293}
{"timestamp": "2026-04-04T14:42:33.680720", "level": "DEBUG", "logger": "assistant.intent_classifier", "message": "Cache hit for intent prediction: jokes in 0.000s", "module": "intent_classifier", "function": "predict", "line": 268}
{"timestamp": "2026-04-04T14:42:33.680935", "level": "DEBUG", "logger": "assistant.intent_classifier", "message": "Cache hit for intent prediction: jokes in 0.000s", "module": "intent_classifier", "function": "predict", "line": 268}
{"timestamp": "2026-04-04T14:42:33.682576", "level": "INFO", "logger": "assistant.intent_classifier", "message": "ML Event: prediction", "module": "logger", "function": "log_ml_event", "line": 122, "event_type": "prediction", "input_text": "search for python tutorials", "prediction": "search", "confidence": 0.16546068403678138, "processing_time_ms": 1.3880729675292969}
{"timestamp": "2026-04-04T14:42:33.682690", "level": "DEBUG", "logger": "assistant.intent_classifier", "message": "Predicted intent: search with confidence 0.1655 in 0.001s", "module": "intent_classifier", "function": "predict", "line": 293}
{"timestamp": "2026-04-04T14:42:33.682946", "level": "DEBUG", "logger": "assistant.intent_classifier", "message": "Cache hit for intent prediction: search in 0.000s", "module": "intent_classifier", "function": "predict", "line": 268}
{"timestamp": "2026-04-04T14:42:33.683077", "level": "DEBUG", "logger": "assistant.intent_classifier", "message": "Cache hit for intent prediction: search in 0.000s", "module": "intent_classifier", "function": "predict", "line": 268}
{"timestamp": "2026-04-04T14:42:33.684167", "level": "INFO", "logger": "assistant.intent_classifier", "message": "ML Event: prediction", "module": "logger", "function": "log_ml_event", "line": 122, "event_type": "prediction", "input_text": "volume up", "prediction": "volume_control", "confidence": 0.3392272739648688, "processing_time_ms": 0.9615421295166016}
{"timestamp": "2026-04-04T14:42:33.684246", "level": "DEBUG", "logger": "assistant.intent_classifier", "message": "Predicted intent: volume_control with confidence 0.3392 in 0.001s", "module": "intent_classifier", "function": "predict", "line": 293}
{"timestamp": "2026-04-04T14:42:33.684402", "level": "DEBUG", "logger": "assistant.intent_classifier", "message": "Cache hit for intent prediction: volume_control in 0.000s", "module": "intent_classifier", "function": "predict", "line": 268}
{"timestamp": "2026-04-04T14:42:33.684527", "level": "DEBUG", "logger": "assistant.intent_classifier", "message": "Cache hit for intent prediction: volume_control in 0.000s", "module": "intent_classifier", "function": "predict", "line": 268}
{"timestamp": "2026-04-04T14:42:48.920923", "level": "INFO", "logger": "assistant.intent_classifier", "message": "Model loaded successfully from D:\\code\\Ai\\models\\intent_classifier.pkl, intents: 30", "module": "intent_classifier", "function": "load_model", "line": 348}
{"timestamp": "2026-04-04T14:42:48.921524", "level": "INFO", "logger": "assistant.intent_classifier", "message": "Intent classifier quantized using float16 method", "module": "intent_classifier", "function": "quantize_model", "line": 382}
{"timestamp": "2026-04-04T14:42:48.926128", "level": "INFO", "logger": "assistant.intent_classifier", "message": "Model loaded successfully from D:\\code\\Ai\\models\\intent_classifier.pkl, intents: 30", "module": "intent_classifier", "function": "load_model", "line": 348}
{"timestamp": "2026-04-04T14:42:48.926372", "level": "INFO", "logger": "assistant.intent_classifier", "message": "Intent classifier quantized using float16 method", "module": "intent_classifier", "function": "quantize_model", "line": 382}
{"timestamp": "2026-04-04T14:42:52.629607", "level": "INFO", "logger": "assistant.intent_classifier", "message": "ML Event: prediction", "module": "logger", "function": "log_ml_event", "line": 122, "event_type": "prediction", "input_text": "open chrome", "prediction": "open_application", "confidence": 0.1045745721651594, "processing_time_ms": 3596.418619155884}
{"timestamp": "2026-04-04T14:42:52.629843", "level": "DEBUG", "logger": "assistant.intent_classifier", "message": "Predicted intent: open_application with confidence 0.1046 in 3.596s", "module": "intent_classifier", "function": "predict", "line": 293}
{"timestamp": "2026-04-04T14:42:52.663753", "level": "INFO", "logger": "assistant.intent_classifier", "message": "ML Event: prediction", "module": "logger", "function": "log_ml_event", "line": 122, "event_type": "prediction", "input_text": "volume up", "prediction": "volume_control", "confidence": 0.3392272739648688, "processing_time_ms": 4.012107849121094}
{"timestamp": "2026-04-04T14:42:52.663903", "level": "DEBUG", "logger": "assistant.intent_classifier", "message": "Predicted intent: volume_control with confidence 0.3392 in 0.004s", "module": "intent_classifier", "function": "predict", "line": 293}
{"timestamp": "2026-04-04T14:42:52.665605", "level": "INFO", "logger": "assistant.intent_classifier", "message": "ML Event: prediction", "module": "logger", "function": "log_ml_event", "line": 122, "event_type": "prediction", "input_text": "take screenshot", "prediction": "screenshot", "confidence": 0.4104373921256764, "processing_time_ms": 1.4019012451171875}
{"timestamp": "2026-04-04T14:42:52.665747", "level": "DEBUG", "logger": "assistant.intent_classifier", "message": "Predicted intent: screenshot with confidence 0.4104 in 0.001s", "module": "intent_classifier", "function": "predict", "line": 293}
{"timestamp": "2026-04-04T14:42:52.667954", "level": "INFO", "logger": "assistant.intent_classifier", "message": "ML Event: prediction", "module": "logger", "function": "log_ml_event", "line": 122, "event_type": "prediction", "input_text": "search for python", "prediction": "search", "confidence": 0.15628334865944835, "processing_time_ms": 1.8897056579589844}
{"timestamp": "2026-04-04T14:42:52.668089", "level": "DEBUG", "logger": "assistant.intent_classifier", "message": "Predicted intent: search with confidence 0.1563 in 0.002s", "module": "intent_classifier", "function": "predict", "line": 293}
{"timestamp": "2026-04-04T14:42:52.669673", "level": "INFO", "logger": "assistant.intent_classifier", "message": "ML Event: prediction", "module": "logger", "function": "log_ml_event", "line": 122, "event_type": "prediction", "input_text": "what is python", "prediction": "search", "confidence": 0.10397300373989843, "processing_time_ms": 1.280069351196289}
{"timestamp": "2026-04-04T14:42:52.669787", "level": "DEBUG", "logger": "assistant.intent_classifier", "message": "Predicted intent: search with confidence 0.1040 in 0.001s", "module": "intent_classifier", "function": "predict", "line": 293}
{"timestamp": "2026-04-04T14:42:52.671425", "level": "INFO", "logger": "assistant.intent_classifier", "message": "ML Event: prediction", "module": "logger", "function": "log_ml_event", "line": 122, "event_type": "prediction", "input_text": "tell me a joke", "prediction": "jokes", "confidence": 0.420308151412817, "processing_time_ms": 1.3477802276611328}
{"timestamp": "2026-04-04T14:42:52.671656", "level": "DEBUG", "logger": "assistant.intent_classifier", "message": "Predicted intent: jokes with confidence 0.4203 in 0.001s", "module": "intent_classifier", "function": "predict", "line": 293}
{"timestamp": "2026-04-05T10:44:32.824260", "level": "INFO", "logger": "assistant.intent_classifier", "message": "Model loaded successfully from D:\\code\\Ai\\models\\intent_classifier.pkl, intents: 30", "module": "intent_classifier", "function": "load_model", "line": 348}
{"timestamp": "2026-04-05T10:44:32.826153", "level": "INFO", "logger": "assistant.intent_classifier", "message": "Intent classifier quantized using float16 method", "module": "intent_classifier", "function": "quantize_model", "line": 382}
{"timestamp": "2026-04-05T10:44:32.835466", "level": "INFO", "logger": "assistant.intent_classifier", "message": "Model loaded successfully from D:\\code\\Ai\\models\\intent_classifier.pkl, intents: 30", "module": "intent_classifier", "function": "load_model", "line": 348}
{"timestamp": "2026-04-05T10:44:32.836170", "level": "INFO", "logger": "assistant.intent_classifier", "message": "Intent classifier quantized using float16 method", "module": "intent_classifier", "function": "quantize_model", "line": 382}
{"timestamp": "2026-04-05T11:15:01.867632", "level": "INFO", "logger": "assistant.intent_classifier", "message": "Model loaded successfully from D:\\code\\Ai\\models\\intent_classifier.pkl, intents: 30", "module": "intent_classifier", "function": "load_model", "line": 348}
{"timestamp": "2026-04-05T11:15:01.868066", "level": "INFO", "logger": "assistant.intent_classifier", "message": "Intent classifier quantized using float16 method", "module": "intent_classifier", "function": "quantize_model", "line": 382}
{"timestamp": "2026-04-05T11:15:01.877201", "level": "INFO", "logger": "assistant.intent_classifier", "message": "Model loaded successfully from D:\\code\\Ai\\models\\intent_classifier.pkl, intents: 30", "module": "intent_classifier", "function": "load_model", "line": 348}
{"timestamp": "2026-04-05T11:15:01.878035", "level": "INFO", "logger": "assistant.intent_classifier", "message": "Intent classifier quantized using float16 method", "module": "intent_classifier", "function": "quantize_model", "line": 382}
{"timestamp": "2026-04-05T11:15:26.288482", "level": "INFO", "logger": "assistant.intent_classifier", "message": "ML Event: prediction", "module": "logger", "function": "log_ml_event", "line": 122, "event_type": "prediction", "input_text": "open notepad", "prediction": "open_application", "confidence": 0.10603595971289362, "processing_time_ms": 2427.4744987487793}
{"timestamp": "2026-04-05T11:15:26.288712", "level": "DEBUG", "logger": "assistant.intent_classifier", "message": "Predicted intent: open_application with confidence 0.1060 in 2.427s", "module": "intent_classifier", "function": "predict", "line": 293}
{"timestamp": "2026-04-05T11:15:38.556974", "level": "INFO", "logger": "assistant.intent_classifier", "message": "ML Event: prediction", "module": "logger", "function": "log_ml_event", "line": 122, "event_type": "prediction", "input_text": "close notepad", "prediction": "close_window", "confidence": 0.13732204765363512, "processing_time_ms": 4.277229309082031}
{"timestamp": "2026-04-05T11:15:38.557189", "level": "DEBUG", "logger": "assistant.intent_classifier", "message": "Predicted intent: close_window with confidence 0.1373 in 0.004s", "module": "intent_classifier", "function": "predict", "line": 293}
